Timestamp_ms,GyroX,GyroY,GyroZ,AccelX,AccelY,AccelZ
17789, -428, 303, 67, -1348, -308, 15460
17798, -444, 263, 42, -1100, -252, 15448
17808, -358, 228, 60, -892, -204, 14956
17818, -365, 144, 3, -812, -204, 15144
17828, -371, 102, 21, -1040, -200, 15252
17838, -371, 98, 70, -956, -256, 15216
17848, -372, 100, 67, -976, -148, 15196
17858, -349, 124, 121, -824, -188, 15188
17868, -365, 106, 122, -824, -168, 15044
17878, -378, 104, 132, -956, -72, 15192
17888, -379, 132, 138, -976, -160, 15188
17898, -342, 122, 142, -904, -248, 15208
17908, -374, 143, 130, -920, -96, 15052
17918, -352, 97, 138, -936, -192, 15268
17928, -359, 111, 126, -956, -100, 15184
17938, -352, 138, 128, -952, -244, 15156
17948, -343, 139, 131, -876, -228, 15112
17958, -362, 93, 145, -844, -236, 15152
17968, -362, 109, 159, -908, -192, 15164
17978, -372, 118, 149, -916, -216, 15188
17988, -370, 116, 146, -884, -276, 15104
17998, -382, 114, 133, -884, -260, 15296
18008, -349, 116, 129, -980, -236, 15244
18018, -362, 117, 138, -920, -208, 15224
18028, -370, 115, 131, -1000, -148, 15180
18038, -375, 130, 150, -948, -132, 15116
18048, -371, 93, 130, -912, -148, 15116
18058, -364, 126, 125, -932, -164, 15076
18068, -372, 127, 142, -788, -204, 15216
18078, -377, 111, 140, -956, -224, 14920
18088, -358, 131, 140, -880, -252, 15132
18098, -354, 90, 122, -876, -288, 15140
18108, -358, 135, 134, -960, -188, 15132
18118, -372, 108, 159, -880, -208, 15112
18128, -336, 142, 119, -888, -300, 15148
18138, -380, 97, 160, -856, -108, 15112
18148, -350, 102, 142, -948, -100, 14984
18158, -319, 106, 145, -908, -208, 15120
18168, -363, 149, 138, -856, -312, 15016
18178, -366, 160, 137, -792, -184, 15108
18188, -367, 135, 133, -980, -304, 15012
18198, -363, 140, 199, -784, -128, 15140
18208, -361, 158, 238, -884, -144, 15088
18218, -340, 112, 212, -924, -216, 15200
18228, -336, 113, 138, -940, -300, 14976
18238, -357, 81, 150, -1064, -256, 14976
18248, -337, 131, 148, -852, -84, 15172
18258, -347, 197, 185, -672, 28, 14936
18268, -362, 252, 103, -816, 12, 15304
18278, -374, 206, 70, -884, 200, 15144
18288, -321, 201, 54, -744, -56, 14960
18298, -341, 177, 102, -860, -288, 15256
18308, -365, 90, 87, -964, -440, 15164
18318, -347, 118, 0, -1088, -856, 15104
18328, -368, 130, -43, -1024, -364, 15168
18338, -344, 218, -177, -816, -388, 15032
18348, -333, 244, -98, -824, -168, 14988
18358, -328, 214, -87, -1028, -276, 15100
18368, -346, 209, -27, -760, -16, 15032
18378, -347, 165, -13, -924, -244, 15192
18388, -337, 182, -24, -956, -160, 15204
18398, -347, 116, 54, -840, -92, 15320
18408, -352, 159, 76, -948, -76, 15140
18418, -357, 182, 125, -812, -168, 15064
18428, -346, 296, 103, -844, -276, 15204
18438, -390, 690, 198, -328, -176, 15440
18448, -364, 562, 207, -600, -332, 15020
18458, -342, 352, 104, -1088, -308, 15068
18468, -354, 185, 102, -1000, -168, 15064
18478, -351, 199, 119, -840, -128, 15108
18488, -358, 110, 128, -916, 20, 15024
18498, -346, 235, 189, -772, 4, 15148
18508, -386, 572, 215, -676, -236, 15196
18518, -392, 441, 252, -900, -196, 15156
18528, -411, 431, 330, -800, -128, 15144
18538, -434, 120, 261, -1288, -156, 15068
18548, -430, -125, 137, -1476, -428, 15028
18558, -435, -487, -42, -956, -124, 14876
18568, -427, -216, -59, -912, -112, 15308
18578, -602, -385, 17, -460, -244, 15208
18588, -816, -159, 225, 20, -152, 15708
18598, -945, -79, 239, -1088, -288, 15296
18608, -1109, -703, 170, -1300, -280, 15220
18618, -1146, -622, 189, -500, -272, 15188
18628, -1111, -1019, 187, -1144, -488, 15144
18638, -1157, -1044, 270, -572, -284, 15232
18648, -1231, -853, 407, -468, -56, 15416
18658, -1331, -966, 610, -860, -136, 15436
18668, -1589, -1249, 725, -900, 40, 16140
18678, -1672, -2691, 760, -1884, -424, 16124
18688, -1753, -3809, 937, -1592, -140, 15720
18698, -1655, -4510, 1043, -1236, -644, 15556
18708, -1409, -4779, 973, -720, -464, 15164
18718, -1409, -4540, 866, -76, -108, 15052
18728, -1445, -4098, 913, 112, 113, -258
18738, -1406, -4127, 970, -24, -140, 14700
18748, -1176, -4511, 924, 140, -444, 15068
18758, -737, -4702, 1040, 32, -460, 15360
18768, -429, -5123, 1262, -412, -252, 15256
18778, -361, -5083, 1278, 340, -652, 15188
18788, -354, -4753, 1032, 588, -856, 14948
18798, -342, -3773, 780, 780, -860, 14700
18808, -442, -2952, 684, 856, -736, 14424
18818, -448, -2753, 501, 700, -916, 14636
18828, -399, -2197, 384, 912, -572, 14720
18838, -312, -1416, 355, 832, -652, 14832
18848, -198, -652, 316, 712, -500, 15088
18858, -154, -125, 336, 844, -544, 14968
18868, -149, 674, 360, 804, -440, 15024
18878, -134, 1563, 385, 792, -712, 15124
18888, -62, 2122, 514, 668, -604, 15284
18898, -152, 1769, 498, 108, -760, 15588
18908, -283, 1119, 363, 148, -900, 15476
18918, -96, 994, 353, 260, -1160, 15320
18928, 242, 1550, 308, 452, -1064, 15248
18938, 715, 2017, 294, 520, -696, 15280
18948, 1024, 2051, 308, 580, -400, 15124
18958, 1051, 1720, 363, 596, -120, 14988
18968, 623, 1016, 305, 560, -216, 14988
18978, 128, 784, 238, 744, 4, 14988
18988, -130, 646, 293, 364, -200, 15100
18998, -185, 634, 326, 352, -280, 15168
19008, -17, 868, 427, 276, -380, 15096
19018, 95, 815, 451, 180, -340, 15280
19028, 216, 1005, 468, 444, -176, 15164
19038, 364, 1169, 589, 488, -44, 15032
19048, 430, 1005, 565, 420, -88, 15312
19058, 465, 1091, 608, 336, -204, 15008
19068, 530, 1440, 635, 468, -156, 15072
19078, 466, 1550, 684, 160, -276, 14948
19088, 209, 1535, 670, 140, -312, 15040
19098, -53, 1369, 564, 140, -292, 14948
19108, -199, 1229, 437, 84, -220, 15384
19118, -126, 983, 365, -160, -456, 15504
19128, -37, 868, 225, -52, -636, 15604
19138, 36, 863, 133, -120, -476, 15816
19148, 120, 873, 128, -112, -284, 15472
19158, 228, 805, 188, -176, -236, 15456
19168, 315, 817, 227, 96, -36, 15216
19178, 362, 620, 250, -160, -132, 15032
19188, 252, 639, 312, 196, 80, 14564
19198, 73, 621, 287, 164, 48, 14668
19208, -119, 717, 312, 172, -4, 14740
19218, -248, 687, 277, -92, -68, 15088
19228, -270, 526, 219, -164, -192, 15504
19238, -162, 484, 266, -196, -248, 15576
19248, 43, 512, 338, -244, -64, 15304
19258, 174, 491, 349, -152, -304, 15228
19268, 280, 407, 348, -240, -172, 15092
19278, 288, 377, 332, -84, 92, 15224
19288, 208, 337, 319, -220, -188, 15356
19298, 154, 284, 262, -196, -168, 15052
19308, 70, 216, 263, -232, -160, 14912
19318, -14, 122, 219, -108, -64, 14744
19328, -74, 185, 215, 44, -184, 14656
19338, -125, 405, 208, -112, -140, 14768
19348, -172, 515, 127, -152, -88, 15196
19358, -117, 566, 127, -252, -76, 15520
19368, -15, 588, 200, -100, -24, 15348
19378, 72, 442, 252, -96, 148, 15620
19388, 22, 221, 240, -260, 80, 15712
19398, 92, 195, 265, -156, -20, 15400
19408, 252, 258, 242, -64, 0, 15208
19418, 361, 596, 262, -108, -148, 14848
19428, 355, 754, 212, -80, -20, 14916
19438, 165, 631, 145, -204, 212, 15416
19448, 94, 470, 157, -328, 100, 15472
19458, 167, 457, 175, -304, -40, 15216
19468, 244, 556, 197, -124, -20, 15056
19478, 131, 530, 151, -184, 120, 14776
19488, 28, 528, 132, -184, 128, 14824
19498, -81, 464, 107, -132, 208, 15004
19508, -45, 506, 64, -252, 92, 15312
19518, 21, 602, 85, -44, 240, 15324
19528, 64, 686, 120, -136, 352, 15360
19538, 111, 436, 136, -340, 260, 15520
19548, 236, 449, 182, -332, -40, 15484
19558, 403, 536, 179, -460, -72, 15484
19568, 474, 346, 135, -468, 56, 15592
19578, 458, 307, 187, -464, 180, 15184
19588, 334, 166, 218, -348, 332, 15148
19598, 172, 23, 253, -284, 376, 14936
19608, 36, -66, 223, -252, 248, 14892
19618, -105, 2, 185, -104, 356, 15228
19628, -217, 214, 179, -372, 360, 15564
19638, -116, 563, 209, -424, 272, 15912
19648, 114, 1216, 235, -388, 52, 16000
19658, 384, 2019, 241, -316, -80, 15580
19668, 535, 2049, 130, -544, -68, 15204
19678, 710, 1845, 178, -340, 344, 14868
19688, 770, 1472, 259, -388, 552, 14876
19698, 630, 866, 342, -384, 780, 14712
19708, 406, 537, 418, -452, 932, 14912
19718, 175, -99, 402, -512, 516, 15348
19728, 86, 45, 352, -560, 416, 15664
19738, 272, 132, 328, -736, 400, 15712
19748, 582, -52, 343, -716, 456, 15920
19758, 748, 121, 472, -664, 724, 15880
19768, 650, 567, 590, -560, 696, 16032
19778, 494, 1332, 620, -688, 368, 16224
19788, 562, 2449, 548, -684, 72, 16936
19798, 945, 3709, 474, -952, 28, 17420
19808, 1410, 4595, 357, -988, 164, 17236
19818, 1641, 4775, 357, -1000, 688, 16052
19828, 1425, 4984, 321, -676, 572, 15248
19838, 698, 5397, 176, -772, 796, 14564
19848, -115, 5832, 69, -872, 728, 14408
19858, -718, 5943, -12, -1224, 720, 14416
19868, -1157, 5779, -61, -1624, 700, 14536
19878, -1359, 5512, -44, -1520, 528, 14408
19888, -1202, 4960, 105, -1820, 580, 14840
19898, -1180, 5087, 151, -1784, 424, 14868
19908, -850, 5309, 50, -1556, 720, 14544
19918, -638, 5284, 151, -1916, 528, 14684
19928, -530, 5005, 109, -1728, 744, 14544
19938, -439, 4273, 90, -1708, 940, 14468
19948, -494, 3924, 296, -2272, 880, 14088
19958, -452, 2816, 291, -1848, 1092, 14476
19968, -557, 2535, 402, -2124, 1076, 14208
19978, -968, 2283, 489, -2232, 1016, 14184
19988, -1313, 2300, 413, -2116, 812, 14308
19998, -1582, 2460, 237, -1860, 804, 14400
20008, -1804, 2533, 140, -2000, 708, 13552
20018, -2069, 2444, 126, -2312, 540, 13684
20028, -2412, 2091, 120, -2364, 676, 14044
20038, -2598, 1559, 146, -2220, 880, 14196
20048, -2662, 1188, 340, -2476, 924, 14296
20058, -2416, 284, 441, -2620, 472, 14596
20068, -2122, 242, 547, -2772, 16, 14840
20078, -1744, 536, 539, -2680, -108, 14768
20088, -1385, 849, 500, -2876, -204, 14596
20098, -1112, 910, 510, -2812, -104, 14428
20108, -1030, 808, 500, -2640, 180, 14328
20118, -1092, 643, 460, -2564, 268, 14216
20128, -1192, 396, 471, -2564, 324, 14092
20138, -1304, -122, 441, -2580, 380, 13768
20148, -1430, -579, 462, -2536, 160, 14288
20158, -1583, -972, 369, -2780, 60, 14644
20168, -1534, -1090, 423, -2760, -96, 15228
20178, -1505, -533, 395, -2800, -80, 15828
20188, -1672, 597, 305, -2816, -40, 15984
20198, -1912, 1492, 188, -2680, 120, 15800
20208, -2415, 1731, 17, -3096, 0, 16020
20218, -2932, 2363, -136, -3076, -112, 15668
20228, -3064, 2635, -227, -3176, -624, 15244
20238, -3133, 2671, -281, -3124, -416, 14704
20248, -3434, 2856, -383, -3152, -444, 14704
20258, -3631, 2745, -425, -3168, -624, 14448
20268, -3650, 3381, -411, -3008, -900, 14372
20278, -3547, 3945, -484, -3060, -872, 14544
20288, -3514, 3699, -567, -3264, -668, 14572
20298, -3392, 3471, -539, -3248, -568, 14284
20308, -3260, 2905, -529, -3448, -708, 14692
20318, -2995, 2131, -468, -3444, -620, 14512
20328, -2479, 1619, -278, -3384, -620, 14608
20338, -1939, 1016, -101, -3208, -648, 14572
20348, -1723, 808, 39, -3076, -520, 14980
20358, -1523, 1203, 209, -3364, -640, 15364
20368, -1163, 1941, 298, -3440, -780, 15856
20378, -628, 2804, 334, -3744, -996, 16144
20388, -210, 3390, 390, -3772, -768, 15736
20398, -174, 3583, 451, -3736, -632, 14864
20408, -408, 3223, 435, -3648, -680, 14272
20418, -845, 2363, 359, -3640, -676, 13660
20428, -1199, 1408, 277, -3692, -708, 13552
20438, -1492, 914, 287, -3772, -844, 13572
20448, -1497, 904, 282, -3748, -1116, 13864
20458, -1226, 961, 384, -3996, -1228, 14532
20468, -696, 1219, 508, -4072, -1268, 14832
20478, -93, 1590, 657, -4112, -1324, 14456
20488, 360, 1610, 741, -4176, -1292, 14312
20498, 584, 1358, 734, -4052, -1220, 14036
20508, 502, 1020, 570, -3988, -1092, 13928
20518, 346, 652, 441, -4008, -1140, 13804
20528, 218, 536, 383, -3956, -1020, 14056
20538, 203, 360, 274, -4104, -1036, 14556
20548, 274, 384, 265, -3964, -860, 14516
20558, 409, -15, 373, -4008, -496, 14448
20568, 415, -528, 417, -4040, -580, 14196
20578, 216, -833, 367, -4020, -708, 14188
20588, 96, -659, 325, -3952, -808, 13960
20598, -47, -399, 340, -3760, -744, 13952
20608, -322, -408, 392, -3936, -480, 14048
20618, -721, -495, 406, -3760, -440, 14276
20628, -828, -986, 477, -4028, -752, 14260
20638, -608, -1355, 548, -3920, -964, 14448
20648, -289, -1478, 593, -3872, -968, 14416
20658, -107, -1820, 612, -3836, -960, 14312
20668, 61, -2223, 564, -3788, -944, 13900
20678, 222, -2838, 545, -3644, -872, 13712
20688, 405, -3349, 565, -3712, -920, 13884
20698, 620, -3452, 550, -3572, -1008, 13836
20708, 829, -3776, 582, -3428, -624, 14192
20718, 967, -4542, 602, -3628, -588, 14416
20728, 1251, -5331, 621, -3424, -764, 14352
20738, 1604, -5962, 676, -3204, -672, 14144
20748, 1834, -6771, 679, -3164, -328, 14540
20758, 1703, -7322, 664, -2752, -168, 14492
20768, 1532, -7386, 640, -2508, -272, 14468
20778, 1327, -6988, 537, -2396, -676, 14336
20788, 1126, -6193, 389, -2476, -780, 14396
20798, 809, -5518, 194, -2316, -572, 14456
20808, 130, -5135, 51, -1824, 16, 14408
20818, -722, -4616, 83, -1732, 316, 14532
20828, -1557, -4498, 122, -2076, 136, 14560
20838, -2143, -4443, 156, -2112, -512, 14536
20848, -2286, -3998, 162, -2148, -868, 14740
20858, -1967, -3379, 211, -1876, -1228, 15764
20868, -1274, -3009, 256, -2184, -984, 16180
20878, -503, -2561, 250, -1896, -1020, 16248
20888, 177, -2114, 223, -2228, -1068, 16128
20898, 544, -2093, 237, -1736, -804, 15660
20908, 564, -1851, 192, -1496, -740, 15360
20918, 457, -1704, 105, -1532, -604, 14964
20928, 97, -1521, 11, -1532, -504, 14904
20938, -373, -1216, -154, -1464, -656, 14656
20948, -864, -1061, -341, -1716, -668, 14364
20958, -1465, -1393, -526, -1684, -656, 14476
20968, -1882, -1904, -656, -2596, -636, 15116
20978, -1849, -2948, -665, -1344, -764, 15324
20988, -1247, -3099, -618, -1640, -836, 15984
20998, -100, -3058, -447, -1760, -996, 16776
21008, 1252, -2602, -336, -1292, -1124, 16540
21018, 1804, -497, -320, -940, -920, 16036
21028, 1440, 1445, -437, -864, -360, 15860
21038, 890, 1825, -380, -920, 256, 16364
21048, 228, 1449, -286, -816, 528, 16096
21058, -342, 903, -246, -1000, 432, 15548
21068, -628, 490, -162, -1004, -124, 15008
21078, -728, 608, -139, -948, -464, 14892
21088, -652, 875, -153, -1080, -520, 14528
21098, -495, 1124, -142, -1064, -508, 14512
21108, -275, 1466, -114, -1196, -380, 14436
21118, -114, 1219, -104, -1272, -392, 14596
21128, 69, 1338, -100, -1256, -448, 14528
21138, 260, 1690, -35, -1216, -512, 14740
21148, 827, 1865, 30, -1232, -620, 15484
21158, 1119, 173, -109, -2556, 44, 18228
21168, 254, -439, -329, -1548, 40, 15940
21178, 91, -399, -286, -1224, -420, 15416
21188, 15, -115, -258, -1292, -256, 15332
21198, -77, -193, -233, -1536, -332, 15236
21208, -92, -547, -257, -1264, -432, 15072
21218, -31, -744, -203, -1220, -260, 14968
21228, -4, -1009, -183, -1244, -392, 15040
21238, 6, -1145, -202, -1176, -492, 14904
21248, 17, -1377, -162, -1196, -320, 14952
21258, -9, -1804, -142, -1236, -352, 15056
21268, 17, -1901, -143, -1016, -408, 15204
21278, -42, -1673, -108, -1012, -292, 15444
21288, -54, -1462, -42, -848, -104, 15164
21298, -46, -1230, -9, -728, -176, 15164
21308, -84, -962, -10, -912, -116, 15356
21318, -168, -745, -73, -888, -160, 15196
21328, -117, -520, -115, -944, -300, 15224
21338, -100, -639, -197, -888, -156, 15008
21348, -103, -735, -316, -768, -228, 15036
21358, -100, -806, -445, -868, -308, 15216
21368, -89, -658, -540, -864, -340, 15032
21378, -72, -461, -622, -524, -328, 15212
21388, -216, -40, -512, -1144, -612, 15252
21398, -347, -190, 34, -504, 4, 15288
21408, -324, 44, 64, -1016, -256, 15260
21418, -316, 61, 69, -860, -268, 15272
21428, -293, 87, 24, -724, -272, 15140
21438, -245, 129, -12, -828, -304, 15104
21448, -259, 160, -50, -796, -320, 15068
21458, -251, 177, -71, -888, -308, 15300
21468, -239, 167, -174, -964, -516, 15104
21478, -222, 213, -250, -720, -604, 15336
21488, -290, 189, -267, -656, -424, 15116
21498, -323, 160, -205, -728, -300, 15408
21508, -357, 150, -234, -868, -152, 14988
21518, -358, 162, -177, -896, -88, 15044
21528, -289, 127, -169, -992, -136, 15136
21538, -212, 13, -315, -1364, -496, 14712
21548, -280, 355, -286, -464, 128, 15580
21558, -383, 87, -93, -852, 280, 15172
21568, -447, 75, 10, -808, -160, 15264
21578, -432, 85, 62, -904, -260, 15200
21588, -432, 172, 105, -728, -228, 15020
21598, -439, 202, 95, -836, -156, 15108
21608, -411, 165, 105, -936, -296, 15056
21618, -361, 216, 109, -908, -268, 15024
21628, -363, 231, 112, -872, -264, 14944
21638, -349, 254, 195, -740, -308, 15160
21648, -404, 224, 267, -828, -276, 15176
21658, -481, 185, 328, -676, -292, 15120
21668, -490, 185, 369, -832, -228, 15252
21678, -501, 194, 373, -928, -176, 15176
21688, -490, 194, 333, -1004, -244, 15104
21698, -474, 162, 309, -888, -268, 15048
21708, -436, 126, 254, -872, -264, 15064
21718, -366, 112, 223, -1004, -280, 15060
21728, -346, 122, 219, -932, -264, 14996
21738, -347, 70, 168, -1012, -296, 15224
21748, -382, 64, 144, -892, -220, 15196
21758, -399, 147, 163, -824, -248, 15152
21768, -404, 145, 139, -920, -196, 15144
21778, -383, 234, 132, -836, -196, 15120
21788, -355, 273, 155, -872, -216, 15228
21798, -388, 318, 176, -1008, -196, 15052
21808, -369, 293, 104, -904, -240, 15216
21818, -329, 283, 110, -940, -320, 15080
21828, -315, 191, 149, -972, -272, 15172
21838, -322, 232, 115, -796, -236, 15048
21848, -305, 215, 102, -872, -276, 15068
21858, -316, 221, 108, -876, -208, 15136
21868, -344, 138, 116, -860, -216, 15008
21878, -381, 228, 124, -840, -280, 15136
21888, -414, 182, 158, -936, -248, 15244
21898, -392, 205, 174, -936, -288, 15152
21908, -404, 264, 195, -996, -176, 15028
21918, -375, 80, 223, -876, -144, 15044
21928, -361, 18, 232, -880, -220, 14916
21938, -364, 141, 229, -1012, -212, 15092
21948, -393, 309, 244, -876, -216, 15208
21958, -383, 521, 208, -896, -272, 15144
21968, -409, 856, 217, -792, -252, 15324
21978, -428, 1087, 205, -932, -320, 15008
21988, -406, 1218, 191, -996, -200, 15160
21998, -425, 1339, 225, -996, -192, 15188
22008, -468, 1242, 259, -908, -288, 15008
22018, -458, 1328, 319, -872, -280, 15108
22028, -479, 1499, 306, -1040, -260, 15140
22038, -497, 1695, 304, -992, -208, 15184
22048, -495, 1886, 295, -1212, -296, 15208
22058, -528, 2209, 276, -968, -276, 15312
22068, -570, 2767, 298, -1120, -188, 15264
22078, -624, 3299, 281, -1388, -332, 15348
22088, -629, 4203, 246, -1268, -272, 15472
22098, -708, 5126, 168, -1252, -224, 15408
22108, -710, 5811, 112, -1272, -256, 15120
22118, -695, 5541, 116, -1804, -376, 14988
22128, -594, 4603, 129, -1912, -384, 14660
22138, -500, 3732, 171, -2144, -280, 14916
22148, -431, 3985, 110, -1752, -208, 15116
22158, -297, 5074, 41, -1948, -348, 15832
22168, -234, 5943, -33, -2088, -276, 15256
22178, -215, 6123, -32, -2372, -220, 14988
22188, -237, 5909, -67, -2420, -296, 14716
22198, -272, 5382, 8, -2560, -220, 14576
22208, -257, 4850, 42, -2668, -320, 14540
22218, -306, 4351, 75, -2844, -244, 15016
22228, -274, 4434, 116, -2764, -216, 14868
22238, -278, 4470, 88, -2924, -236, 14824
22248, -264, 4214, 75, -3172, -248, 14600
22258, -263, 3749, 43, -3300, -188, 14516
22268, -272, 3345, 53, -3224, -228, 14604
22278, -248, 3288, 53, -3248, -220, 14760
22288, -232, 3310, 30, -3340, -152, 14680
22298, -198, 3656, 18, -3244, -260, 14920
22308, -254, 4234, 4, -3296, -304, 15184
22318, -255, 5369, -58, -3312, -252, 15404
22328, -242, 6954, -75, -3304, -44, 15536
22338, -166, 8373, -144, -3616, -252, 15036
22348, -165, 8718, -184, -3932, -288, 14568
22358, -167, 8113, -232, -4404, -360, 14064
22368, -196, 8172, -171, -3940, -360, 14280
22378, -89, 7334, -160, -4560, -92, 13340
22388, -131, 4652, -42, -5248, -508, 12804
22398, -224, 1676, 39, -5292, -464, 12852
22408, -306, -888, 173, -5152, -360, 13292
22418, -361, -2663, 283, -4888, -368, 13532
22428, -327, -4025, 211, -4944, -504, 13520
22438, -426, -5580, 278, -4844, -372, 13740
22448, -473, -6377, 343, -4440, -440, 14000
22458, -473, -6686, 383, -4240, -252, 14376
22468, -518, -6679, 453, -4108, -240, 14724
22478, -505, -6428, 473, -3856, -272, 14596
22488, -496, -6106, 468, -3708, -256, 14732
22498, -519, -5596, 447, -3588, -232, 14928
22508, -491, -4994, 436, -3456, -256, 15096
22518, -476, -4374, 393, -3328, -408, 14832
22528, -498, -3819, 378, -3176, -332, 15092
22538, -496, -2955, 357, -2964, -220, 15092
22548, -478, -1845, 325, -3032, -216, 15324
22558, -422, -958, 236, -3204, -280, 15104
22568, -407, -671, 198, -3172, -280, 14884
22578, -414, -880, 170, -3296, -300, 14536
22588, -398, -1337, 202, -3332, -316, 14396
22598, -415, -1897, 229, -3368, -292, 14372
22608, -442, -2516, 250, -3260, -244, 14556
22618, -429, -3256, 258, -3232, -216, 14340
22628, -483, -4282, 237, -3184, -348, 14276
22638, -524, -5573, 282, -3084, -368, 14248
22648, -511, -6462, 288, -2752, -308, 14524
22658, -510, -6892, 293, -2608, -284, 14812
22668, -483, -6977, 253, -2316, -356, 14716
22678, -443, -7053, 287, -2104, -244, 15020
22688, -410, -6478, 324, -1772, -316, 15480
22698, -255, -4175, 253, -1548, -356, 16332
22708, -253, -1651, 138, -1496, -236, 16052
22718, -312, -1082, 114, -1864, -364, 14948
22728, -278, -1865, 126, -2040, -292, 14748
22738, -194, -2423, 129, -1968, -292, 14800
22748, -128, -2467, 116, -1748, -220, 15068
22758, -107, -2641, 129, -1728, -288, 14992
22768, -137, -2837, 117, -1540, -224, 15180
22778, -129, -2638, 100, -1520, -144, 15084
22788, -124, -2514, 52, -1440, -208, 15248
22798, -136, -2346, 28, -1368, -208, 15264
22808, -160, -2383, -12, -1568, -224, 15220
22818, -141, -2539, -12, -1356, -204, 14920
22828, -169, -2412, 25, -1332, -268, 15140
22838, -158, -2377, 11, -1196, -184, 14980
22848, -216, -2405, 48, -1196, -48, 15156
22858, -166, -1930, 35, -1016, -356, 15088
22868, -175, -1555, 26, -1120, -396, 15216
22878, -216, -1261, 5, -1076, -312, 15212
22888, -183, -1092, -23, -1100, -448, 15124
22898, -172, -1276, -24, -1064, -168, 15080
22908, -157, -1503, -49, -928, -196, 15200
22918, -146, -1451, -106, -800, 20, 15200
22928, -151, -1064, -133, -876, -240, 15360
22938, -212, -523, -191, -812, -232, 15396
22948, -234, -238, -188, -720, -268, 15208
22958, -253, -86, -203, -1016, -164, 15292
22968, -272, -11, -174, -932, -168, 15300
22978, -279, 67, -178, -932, -148, 15124
22988, -286, 61, -180, -864, -144, 15196
22998, -294, 82, -193, -800, -236, 15160
23008, -292, 104, -201, -744, -188, 15228
23018, -286, 103, -146, -904, -188, 15052
23028, -314, 115, -127, -868, -136, 15092
23038, -347, 93, -105, -876, -204, 15172
23048, -329, 102, -72, -980, -208, 15104
23058, -343, 69, -54, -872, -152, 15068
23068, -324, 50, -54, -820, -168, 15160
23078, -332, 60, -63, -816, -232, 15100
23088, -346, 56, -28, -784, -188, 15108
23098, -337, 72, 26, -772, -176, 15048
23108, -358, 96, 48, -844, -228, 15128
23118, -371, 70, 75, -840, -208, 15324
23128, -370, 74, 126, -908, -224, 15188
23138, -388, 27, 170, -812, -220, 15232
23148, -410, 28, 228, -820, -160, 15216
23158, -419, 7, 274, -868, -232, 15124
23168, -433, -15, 286, -836, -208, 15048
23178, -420, -74, 316, -928, -160, 15076
23188, -477, -87, 333, -816, -196, 15204
23198, -491, -86, 346, -792, -224, 15164
23208, -483, -78, 387, -776, -224, 15132
23218, -462, -48, 422, -748, -152, 15132
23228, -499, -126, 400, -768, -196, 15184
23238, -485, -150, 442, -860, -152, 15108
23248, -482, -182, 434, -764, -220, 15124
23258, -465, -114, 431, -820, -372, 15148
23268, -411, -4, 358, -752, -188, 14956
23278, -389, 34, 286, -912, -248, 15064
23288, -386, 41, 220, -812, -236, 15104
23298, -402, 61, 183, -808, -184, 15020
23308, -361, 109, 191, -828, -100, 15108
23318, -357, 193, 194, -824, -264, 15072
23328, -307, 275, 157, -752, -224, 15160
23338, -305, 284, 143, -816, -172, 15172
23348, -335, 197, 132, -808, -244, 15172
23358, -309, 243, 125, -724, -192, 15100
23368, -313, 260, 133, -760, -244, 15108
23378, -301, 280, 138, -888, -92, 15180
23388, -320, 290, 154, -852, -188, 15140
23398, -286, 283, 169, -836, -376, 15192
23408, -291, 307, 173, -900, -204, 15040
23418, -335, 129, 121, -808, -244, 15064
23428, -350, 114, 97, -840, -132, 15104
23438, -361, 108, 116, -968, -188, 15192
23448, -371, 139, 144, -876, -180, 15164
23458, -353, 153, 112, -848, -228, 15284
23468, -330, 150, 150, -848, -152, 15112
23478, -322, 191, 139, -856, -204, 14948
23488, -309, 201, 127, -892, -208, 15052
23498, -324, 203, 121, -828, -248, 15244
23508, -298, 205, 114, -860, -232, 15092
23518, -330, 188, 119, -840, -156, 15148
23528, -343, 171, 104, -768, -228, 15240
23538, -336, 168, 87, -832, -176, 15200
23548, -353, 163, 93, -732, -200, 14964
23558, -321, 158, 119, -804, -176, 15276
23568, -335, 174, 106, -916, -264, 15056
23578, -324, 186, 137, -856, -236, 15116
23588, -316, 179, 118, -796, -164, 15104
23598, -319, 175, 124, -880, -164, 15104
23608, -337, 196, 128, -840, -192, 15268
23618, -319, 191, 133, -912, -232, 15172
23628, -306, 200, 107, -896, -268, 14928
23638, -319, 194, 119, -880, -128, 15152
23648, -327, 189, 106, -860, -144, 15116
23658, -329, 211, 104, -860, -144, 15224
23668, -362, 197, 84, -784, -204, 15092
23678, -329, 178, 90, -980, -224, 15172
23688, -319, 202, 45, -792, -180, 15212
23698, -342, 181, 54, -976, -212, 15152
23708, -313, 174, 36, -884, -160, 15328
23718, -347, 147, 26, -872, -164, 15144
23728, -331, 135, 69, -888, -256, 15192
23738, -332, 145, 52, -848, -200, 15032
23748, -322, 147, 42, -800, -164, 14988
23758, -346, 149, 37, -868, -236, 15168
23768, -331, 128, 43, -816, -232, 15284
23778, -342, 143, 34, -796, -208, 15164
23788, -330, 135, 40, -852, -196, 15024
23798, -333, 153, 35, -864, -176, 15160
23808, -327, 177, 65, -864, -172, 15084
23818, -347, 172, 73, -808, -200, 15096
23828, -338, 155, 88, -1000, -164, 15056
23838, -364, 150, 71, -860, -180, 15136
23848, -360, 131, 91, -896, -136, 15024
23858, -365, 135, 71, -916, -168, 15136
23868, -353, 129, 88, -996, -264, 15076
23878, -352, 121, 77, -892, -268, 15220
23888, -354, 155, 99, -828, -172, 15172
23898, -351, 136, 119, -784, -248, 15244
23908, -370, 160, 127, -756, -152, 15224
23918, -348, 134, 131, -848, -216, 15032
23928, -381, 141, 150, -864, -160, 15204
23938, -380, 125, 152, -860, -144, 15168
23948, -344, 145, 143, -940, -216, 15120
23958, -363, 116, 129, -836, -160, 15108
23968, -365, 125, 149, -760, -132, 15132
23978, -351, 108, 142, -880, -244, 15232
23988, -334, 111, 131, -872, -264, 15280
23998, -360, 126, 120, -836, -252, 15188
24008, -361, 112, 147, -896, -244, 14980
24018, -371, 123, 132, -844, -240, 15228
24028, -358, 124, 143, -812, -272, 15072
24038, -360, 115, 170, -852, -184, 15084
24048, -356, 114, 147, -956, -232, 15244
24058, -345, 111, 136, -848, -240, 15140
24068, -373, 116, 128, -836, -212, 15236
24078, -354, 100, 147, -928, -192, 15084
24088, -355, 112, 137, -824, -248, 15196
24098, -364, 128, 142, -836, -132, 15196
24108, -388, 125, 125, -848, -188, 15240
24118, -356, 115, 138, -832, -264, 15124
24128, -361, 146, 125, -848, -184, 15088
24138, -370, 136, 158, -908, -244, 15188
24148, -352, 140, 137, -880, -124, 15128
24158, -349, 137, 150, -880, -220, 15248
24168, -364, 146, 146, -956, -152, 15188
24178, -357, 162, 180, -860, -244, 15124
24188, -368, 145, 151, -928, -144, 15220
24198, -365, 124, 155, -904, -184, 15100
24208, -348, 125, 160, -872, -136, 15252
24218, -363, 118, 151, -944, -160, 15096
24228, -361, 123, 155, -892, -160, 15016
24238, -356, 130, 157, -912, -172, 15180
24248, -362, 123, 161, -868, -208, 15168
24258, -357, 117, 151, -892, -80, 15128
24268, -368, 104, 175, -864, -208, 15084
24278, -360, 114, 174, -872, -228, 15192
24288, -353, 104, 144, -828, -188, 15256
24298, -384, 102, 130, -888, -128, 15184
24308, -369, 130, 132, -924, -244, 15056
24318, -355, 92, 149, -908, -220, 15024
24328, -348, 108, 140, -936, -260, 15132
24338, -352, 92, 141, -904, -200, 15132
24348, -344, 136, 144, -764, -192, 15120
24358, -350, 120, 148, -904, -216, 15232
24368, -345, 125, 151, -900, -280, 15160
24378, -349, 123, 123, -872, -100, 15224
24388, -367, 103, 147, -956, -220, 15136
24398, -354, 111, 151, -924, -148, 15136
24408, -374, 123, 135, -944, -164, 15156
24418, -360, 127, 129, -956, -252, 15200
24428, -344, 131, 129, -808, -196, 15216
24438, -364, 133, 139, -860, -144, 15128
24448, -347, 132, 137, -928, -224, 15156
24458, -349, 117, 141, -896, -220, 15192
24468, -349, 116, 143, -828, -232, 15088
24478, -355, 92, 141, -808, -228, 15020
24488, -370, 130, 127, -828, -196, 15008
24498, -360, 127, 140, -816, -244, 15124
24508, -353, 131, 110, -780, -212, 15328
24518, -361, 131, 132, -912, -232, 15036
24528, -367, 140, 128, -848, -168, 15004
24538, -370, 136, 135, -860, -216, 15100
24548, -364, 126, 134, -824, -112, 15068
24558, -373, 118, 126, -912, -228, 15348
24568, -349, 134, 137, -844, -152, 15140
24578, -349, 129, 141, -896, -100, 14988
24588, -355, 132, 132, -884, -128, 14940
24598, -367, 131, 127, -728, -220, 15056
24608, -354, 124, 131, -892, -168, 15240
24618, -335, 118, 143, -896, -232, 15052
24628, -368, 132, 142, -848, -220, 14952
24638, -367, 127, 149, -832, -296, 15208
24648, -369, 130, 136, -740, -176, 15108
24658, -362, 133, 139, -872, -208, 15064
24668, -384, 125, 123, -808, -220, 15136
24678, -361, 114, 131, -920, -144, 15284
24688, -349, 126, 138, -984, -228, 15144
24698, -349, 121, 115, -892, -296, 15156
24708, -338, 142, 136, -820, -244, 14968
24718, -352, 116, 128, -984, -168, 15160
24728, -378, 117, 139, -796, -140, 15084
24738, -355, 114, 146, -872, -228, 15200
24748, -368, 117, 134, -916, -312, 15152
24758, -353, 122, 127, -860, -192, 15076
24768, -354, 116, 146, -824, -188, 15028
24778, -384, 125, 128, -912, -256, 15076
24788, -327, 132, 134, -1000, -252, 15008
24798, -375, 128, 134, -948, -244, 15112
24808, -372, 142, 140, -836, -176, 15096
24818, -349, 145, 118, -860, -284, 15148
24828, -362, 167, 141, -924, -176, 15056
24838, -364, 115, 169, -916, -224, 15232
24848, -371, 129, 129, -848, -176, 15180
24858, -349, 122, 120, -868, -184, 15164
24868, -349, 110, 143, -884, -224, 15056
24878, -345, 130, 132, -820, -152, 14980
24888, -355, 112, 125, -784, -228, 15116
24898, -347, 125, 138, -844, -204, 15204
24908, -354, 126, 134, -988, -144, 15252
24918, -354, 119, 148, -824, -200, 15112
24928, -324, 147, 125, -856, -300, 15196
24938, -361, 134, 140, -932, -160, 15052
24948, -364, 160, 107, -804, -160, 15168
24958, -365, 133, 133, -816, -228, 15108
24968, -353, 120, 134, -948, -184, 15276
24978, -337, 119, 125, -896, -244, 15104
24988, -366, 105, 121, -872, -156, 15268
24998, -352, 134, 137, -836, -144, 15120
25008, -345, 131, 129, -896, -224, 15012
25018, -361, 123, 111, -900, -160, 15236
25028, -353, 137, 138, -916, -200, 15168
25038, -361, 130, 128, -920, -156, 15052
25048, -342, 134, 145, -904, -244, 15200
25058, -363, 120, 131, -772, -296, 15148
25068, -370, 156, 153, -924, -272, 15128
25078, -350, 123, 117, -908, -204, 15188
25088, -374, 122, 138, -768, -124, 15144
25098, -359, 121, 136, -920, -220, 15148
25108, -348, 122, 124, -732, -176, 15140
25118, -361, 131, 121, -884, -204, 15180
25128, -355, 116, 132, -1020, -160, 15168
25138, -360, 117, 135, -920, -140, 15184
25148, -368, 107, 149, -812, -196, 15080
25158, -344, 127, 130, -800, -188, 15128
25168, -357, 122, 129, -1000, -152, 15108
25178, -367, 116, 107, -828, -124, 15056
25188, -357, 107, 119, -852, -148, 15080
25198, -371, 110, 134, -884, -192, 15136
25208, -337, 110, 122, -964, -228, 15276
25218, -352, 120, 112, -876, -232, 15260
25228, -341, 107, 129, -836, -140, 15144
25238, -358, 121, 120, -884, -208, 15212
25248, -338, 136, 125, -952, -168, 15100
25258, -351, 113, 131, -784, -204, 15032
25268, -343, 144, 116, -808, -196, 15040
25278, -359, 126, 131, -764, -240, 15084
25288, -368, 104, 133, -876, -224, 15100
25298, -354, 141, 121, -828, -228, 15208
25308, -365, 93, 141, -840, -164, 15072
25318, -372, 110, 127, -912, -204, 15068
25328, -357, 114, 145, -856, -212, 15300
25338, -363, 125, 121, -796, -204, 15184
25348, -336, 129, 114, -872, -260, 15300
25358, -342, 126, 146, -924, -212, 15260
25368, -354, 109, 131, -872, -216, 15188
25378, -364, 122, 126, -864, -148, 15096
25388, -358, 117, 135, -940, -156, 15148
25398, -360, 97, 113, -796, -228, 15092
25408, -348, 135, 127, -908, -200, 14980
25418, -364, 144, 127, -828, -232, 15076
25428, -351, 119, 128, -884, -224, 15208
25438, -374, 110, 157, -904, -264, 15136
25448, -363, 105, 135, -872, -180, 15120
25458, -361, 128, 121, -884, -208, 15180
25468, -356, 97, 143, -864, -128, 15116
25478, -356, 111, 101, -984, -284, 15160
25488, -351, 130, 126, -904, -212, 15064
25498, -346, 131, 121, -804, -108, 15072
25508, -344, 110, 114, -836, -208, 15016
25518, -361, 120, 132, -864, -200, 15068
25528, -356, 120, 128, -800, -184, 15100
25538, -350, 124, 133, -756, -156, 15188
25548, -345, 123, 119, -940, -204, 15112
25558, -350, 145, 126, -860, -224, 15144
25568, -371, 113, 111, -804, -196, 15104
25578, -350, 130, 143, -884, -116, 15192
25588, -347, 144, 159, -808, -160, 15112
25598, -376, 136, 136, -948, -176, 15020
25608, -360, 148, 149, -824, -200, 15152
25618, -357, 124, 122, -844, -204, 15112
25628, -366, 127, 121, -816, -188, 15244
25638, -356, 111, 139, -956, -252, 15000
25648, -348, 123, 145, -892, -160, 15264
25658, -353, 136, 133, -892, -200, 15108
25668, -370, 103, 120, -772, -228, 15224
25678, -362, 105, 123, -776, -204, 15040
25688, -354, 129, 150, -872, -288, 15272
25698, -351, 133, 145, -892, -272, 15144
25708, -364, 146, 137, -764, -148, 15068
25718, -341, 88, 118, -940, -156, 15104
25728, -396, 114, 148, -892, -252, 15084
25738, -368, 163, 155, -796, -184, 15168
25748, -395, 171, 170, -944, -160, 15108
25758, -390, 195, 241, -852, -184, 15068
25768, -403, 179, 316, -776, -204, 15268
25778, -466, 175, 416, -756, -204, 15356
25788, -497, 90, 458, -956, -256, 15184
25798, -579, 155, 608, -312, -72, 15368
25808, -846, 583, 755, -452, -184, 15628
25818, -1062, 1252, 1051, -400, -76, 15672
25828, -1248, 3468, 1196, -328, -100, 16068
25838, -1417, 5719, 1302, -604, -96, 15864
25848, -1902, 7300, 1319, -1332, -388, 16488
25858, -2690, 8420, 901, -2304, -320, 16836
25868, -3908, 8073, 227, -2972, 148, 17112
25878, -5171, 6879, -127, -2744, -408, 16776
25888, -5924, 6128, -418, -2844, -164, 16080
25898, -6236, 4138, -427, -2044, -104, 15040
25908, -6086, 3503, -324, -1616, -268, 14928
25918, -5770, 3745, -258, -1424, -804, 14436
25928, -5205, 4975, -179, -1080, -1080, 14372
25938, -4413, 7437, -50, -1256, -1304, 15032
25948, -3967, 9549, -64, -1464, -1356, 15024
25958, -3852, 10450, 104, -1876, -1164, 15160
25968, -3682, 11682, 450, -2048, -888, 14928
25978, -3410, 13065, 775, -2456, -980, 14640
25988, -3105, 14501, 759, -3096, -1476, 14804
25998, -2958, 15149, 431, -3760, -2176, 14512
26008, -2926, 15354, 176, -3964, -2036, 14500
26018, -3060, 14893, -56, -4444, -1764, 14348
26028, -3353, 14483, -184, -4712, -1520, 14688
26038, -3482, 14325, -322, -5076, -1688, 14164
26048, -3585, 13863, -474, -5280, -1912, 14000
26058, -3771, 12914, -530, -5668, -1768, 13704
26068, -3964, 11652, -610, -5984, -1972, 13540
26078, -4094, 10570, -701, -5892, -2040, 13448
26088, -4167, 9563, -670, -6228, -2100, 13252
26098, -4449, 8363, -710, -6520, -2144, 13576
26108, -4704, 8081, -696, -6428, -2416, 13772
26118, -4674, 8742, -646, -6404, -2368, 13552
26128, -4702, 8444, -706, -6860, -2340, 13180
26138, -4824, 7148, -867, -7112, -2360, 12840
26148, -5224, 5318, -974, -7496, -2556, 12696
26158, -5502, 4133, -1010, -7400, -2676, 12920
26168, -5466, 3949, -1032, -7072, -2884, 12684
26178, -5244, 4169, -1031, -7184, -3060, 12420
26188, -4928, 3825, -1039, -7340, -3196, 11720
26198, -4405, 2876, -891, -7288, -3496, 11220
26208, -3875, 2797, -791, -7340, -3492, 11504
26218, -3639, 2306, -718, -7596, -3696, 11768
26228, -3439, 1657, -663, -7572, -3652, 11776
26238, -3232, 825, -637, -7664, -3756, 11676
26248, -2973, 171, -650, -7548, -4044, 11652
26258, 20725, 2560, 12797, -7648, -3892, 11828
26268, 28908, 16, 0, 28908, 16, 0
26278, 28908, 16, 0, 28908, 16, 0
26288, 28908, 16, 0, 28908, 16, 0
26298, -2054, 1350, -312, -7360, -3728, 12336
26308, -1771, 1011, -218, -7396, -1, -14
26318, -1514, -76, -155, -7460, -3600, 11488
26328, 28908, 16, 0, 28908, 16, 0
26338, 28908, 16, 0, 28908, 16, 0
26348, 28908, 16, 0, 28908, 16, 0
26358, 28908, 16, 0, 28908, 16, 0
26368, 28908, 16, 0, 28908, 16, 0
26378, 28908, 16, 0, 28908, 16, 0
26388, 28908, 16, 0, 28908, 16, 0
26398, 28908, 16, 0, 28908, 16, 0
26408, 28908, 16, 0, 28908, 16, 0
26418, 28908, 16, 0, 28908, 16, 0
26428, 28908, 16, 0, 28908, 16, 0
26438, 28908, 16, 0, 28908, 16, 0
26448, 28908, 16, 0, 28908, 16, 0
26458, 28908, 16, 0, 28908, 16, 0
26468, 28908, 16, 0, 28908, 16, 0
26478, 28908, 16, 0, 28908, 16, 0
26488, 28908, 16, 0, 28908, 16, 0
26498, 28908, 16, 0, 28908, 16, 0
26508, 28908, 16, 0, 28908, 16, 0
26518, 28908, 16, 0, 28908, 16, 0
26528, -1395, -1344, -126, -5376, -4092, 13732
26538, -1535, -11056, -1419, -5180, -4132, 13472
26548, -1259, -13748, -1455, -5304, -3864, 13604
26558, -825, -16809, -1601, -4756, -4324, 13852
26568, -499, -16496, -1774, -4164, -4580, 14064
26578, -666, -15183, -1852, -4016, -4600, 14672
26588, 12540, 14020, -10248, -4076, -4656, 14904
26598, -898, -15687, -1966, -3804, -4152, 14684
26608, -575, -15931, -1896, -3052, -3484, 14316
26618, -447, -15030, -1669, -1976, -3208, 13904
26628, -514, -13239, -1653, -1580, -3264, 13872
26638, -557, -12174, -1656, -1176, -3312, 14092
26648, -357, -12590, -1642, -1000, -3208, 14004
26658, -116, -13069, -1536, -676, -3376, 14304
26668, -233, -12735, -1581, -244, -3904, 14564
26678, -710, -12397, -1558, -56, -4620, 15508
26688, -1343, -12903, -1415, 340, -4408, 16396
26698, -2033, -12826, -1312, 868, -4936, 16824
26708, -2503, -12180, -1323, 1336, -5120, 16928
26718, -2759, -11905, -1469, 1148, -5812, 16384
26728, -3021, -9161, -1554, 316, -6376, 15644
26738, -3312, -6433, -1804, 756, -6540, 15368
26748, -3639, -6752, -1361, -220, -5668, 15188
26758, -3573, -6870, -761, 876, -5444, 14424
26768, -3430, -6307, -835, 1072, -4864, 13784
26778, -3365, -7628, -983, 1504, -4976, 13328
26788, -3495, -8099, -1356, 1788, -5032, 13396
26798, -3569, -8304, -1499, 1496, -5276, 13952
26808, -3655, -8251, -1289, 1868, -5104, 14248
26818, -3997, -7145, -937, 2636, -5192, 14608
26828, -4286, -6474, -616, 2884, -5288, 14944
26838, -4423, -5997, -565, 3004, -5420, 14996
26848, -4304, -5333, -641, 3288, -5492, 14472
26858, -3960, -5156, -664, 3212, -5488, 13984
26868, -3561, -5861, -563, 3040, -5584, 13416
26878, -3248, -5364, -460, 3228, -5576, 12988
26888, -3194, -3752, -261, 3320, -5676, 12884
26898, -3227, -2486, -19, 3444, -5816, 13152
26908, -3262, -1583, 238, 3668, -5784, 13644
26918, -3181, -1063, 460, 3524, -5820, 13648
26928, -2989, -272, 607, 3476, -5804, 13476
26938, -2942, 129, 689, 3384, -5968, 13712
26948, -2833, 139, 660, 3784, -5924, 13760
26958, -2592, 200, 497, 3712, -6204, 13552
26968, -2369, 352, 294, 3656, -6272, 13588
26978, -2145, 664, 249, 3384, -6292, 13396
26988, -2073, 692, 386, 3212, -6456, 13448
26998, -2070, 337, 559, 3304, -6440, 13440
27008, -2023, 117, 640, 3496, -6312, 13468
27018, -2013, 127, 721, 3524, -6288, 13516
27028, -2023, 435, 771, 3716, -5996, 13568
27038, -2002, 915, 839, 3596, -6240, 13668
27048, -1967, 1238, 801, 3360, -6572, 13616
27058, -1867, 1419, 730, 3168, -6800, 13740
27068, -1757, 1476, 821, 3068, -6404, 13536
27078, -1582, 1773, 925, 3136, -6288, 13348
27088, -1484, 2016, 969, 3056, -6468, 13268
27098, -1421, 1839, 873, 3072, -6704, 13300
27108, -1369, 1367, 746, 2824, -6764, 13392
27118, -1262, 875, 635, 2772, -6744, 13304
27128, -1125, 395, 599, 2776, -6516, 13072
27138, -899, 82, 623, 2668, -6368, 13204
27148, -757, 248, 518, 2800, -6572, 13208
27158, -751, 290, 464, 2788, -6700, 13208
27168, -783, 541, 469, 2856, -6756, 13716
27178, -836, 737, 517, 2912, -6944, 13648
27188, -879, 966, 545, 2908, -6916, 13952
27198, -893, 1082, 560, 2872, -7036, 13708
27208, -800, 966, 583, 2812, -7004, 13688
27218, -679, 883, 590, 2884, -6808, 13476
27228, -624, 906, 510, 2680, -6952, 13272
27238, -588, 837, 413, 2540, -6864, 13232
27248, -477, 613, 397, 2364, -6840, 13256
27258, -376, 531, 397, 2388, -6780, 13152
27268, -339, 416, 431, 2556, -6836, 13464
27278, -279, 389, 411, 2712, -6840, 13328
27288, -230, 95, 322, 2648, -6856, 13468
27298, -143, -19, 261, 2648, -6748, 13596
27308, -102, -25, 209, 2524, -6904, 13528
27318, -123, 75, 166, 2692, -6736, 13704
27328, -23, 10, 170, 2572, -6848, 13480
27338, 136, 33, 193, 2476, -6828, 13376
27348, 137, 172, 209, 2604, -6708, 13248
27358, 87, 230, 284, 2636, -6688, 13372
27368, -10, 376, 282, 2648, -6756, 13708
27378, -113, 504, 303, 2696, -6692, 13852
27388, -255, 455, 288, 2948, -6840, 14052
27398, -268, 295, 210, 2908, -6800, 14176
27408, -279, -55, 121, 2940, -6760, 14084
27418, -239, -268, 94, 2756, -6716, 13932
27428, -300, -316, 131, 2816, -6792, 13860
27438, -310, 48, 183, 2668, -6744, 13692
27448, -440, 715, 220, 2800, -6648, 13664
27458, -479, 1162, 326, 2612, -6728, 13560
27468, -474, 1119, 410, 2668, -6672, 13512
27478, -508, 872, 357, 2612, -6672, 13520
27488, -477, 595, 321, 2624, -6820, 13524
27498, -424, 294, 281, 2576, -6744, 13408
27508, -375, 98, 224, 2612, -6760, 13568
27518, -408, 116, 150, 2572, -6736, 13700
27528, -453, 199, 131, 2600, -6816, 13788
27538, -457, 479, 135, 2556, -6732, 13628
27548, -411, 668, 142, 2592, -6756, 13728
27558, -376, 674, 203, 2620, -6756, 13816
27568, -320, 547, 176, 2728, -6600, 13484
27578, -287, 446, 221, 2724, -6684, 13388
27588, -290, 620, 254, 2580, -6688, 13440
27598, -266, 547, 369, 2716, -6612, 13516
27608, -188, 222, 431, 2680, -6712, 13492
27618, -57, 195, 333, 2680, -6828, 13344
27628, 67, 454, 308, 2592, -6852, 13216
27638, 289, 576, 401, 2576, -6740, 13092
27648, 612, 640, 437, 2732, -6764, 13000
27658, 861, 382, 456, 2668, -6664, 12704
27668, 1169, -64, 432, 2860, -6560, 12656
27678, 1547, -487, 426, 2688, -6580, 12492
27688, 2005, -586, 434, 2436, -6384, 12204
27698, 2442, -619, 642, 2468, -6236, 12088
27708, 2779, -852, 800, 2768, -5776, 12040
27718, 3285, -1172, 952, 3176, -5612, 12396
27728, 3761, -1762, 813, 3444, -5864, 12468
27738, 4303, -2179, 797, 3360, -5440, 12724
27748, 4687, -2386, 999, 3352, -5336, 12888
27758, 5030, -2292, 1198, 3344, -5328, 12928
27768, 5818, -173, 1641, 2880, -5868, 14172
27778, 7122, 3614, 2319, 2220, -5776, 15388
27788, 7286, 2776, 2541, 3260, -5272, 13800
27798, 7414, 2456, 2573, 2688, -5644, 13780
27808, 7591, 2850, 2544, 2264, -5692, 14144
27818, 7676, 2291, 2488, 1996, -5440, 14180
27828, 7805, 1592, 2416, 1916, -5372, 14536
27838, 7879, 1404, 2327, 2132, -4492, 14764
27848, 7705, 1011, 2419, 1972, -5312, 14772
27858, 7685, 1175, 2226, 1904, -4448, 14976
27868, 7358, 1494, 2132, 1892, -4544, 14940
27878, 6972, 2298, 1951, 2072, -4492, 14560
27888, 6694, 3196, 1823, 2208, -3864, 14688
27898, 6393, 4065, 1841, 2088, -3788, 14796
27908, 6084, 4599, 1910, 2208, -3496, 14896
27918, 5864, 4674, 1944, 1672, -3292, 15416
27928, 5621, 4197, 1951, 1496, -3812, 15508
27938, 5430, 3878, 1825, 1376, -3580, 15292
27948, 5119, 4370, 1833, 1596, -3420, 14916
27958, 4877, 5292, 1826, 1720, -2848, 14520
27968, 4763, 6545, 1982, 1976, -2668, 14152
27978, 4733, 8261, 2324, 2232, -2420, 13924
27988, 4673, 10203, 2619, 1772, -2660, 13964
27998, 4656, 10315, 2425, -588, -3348, 15640
28008, 4769, 7345, 1903, -1908, -3912, 16628
28018, 5180, 3945, 1728, -264, -2980, 15628
28028, 5456, -1251, 1719, 344, -1736, 16108
28038, 5475, -882, 1806, 76, -2404, 14824
28048, 5626, -1594, 1650, -8, -2756, 15800
28058, 5979, -6531, 1815, -832, -1816, 18060
28068, 5994, -8543, 2007, 844, -1256, 15304
28078, 5580, -6605, 2004, 1404, -1272, 15016
28088, 5224, -5800, 1968, 840, -1112, 15876
28098, 5017, -5955, 1852, 804, -312, 15328
28108, 4808, -5910, 1563, 444, -2064, 15828
28118, 4206, -5367, 997, 660, -1724, 16108
28128, 3626, -4781, 699, 1200, -1212, 16052
28138, 2883, -3908, 562, 1724, -864, 15696
28148, 2281, -2939, 414, 1592, -632, 15652
28158, 1810, -2005, 284, 1784, -1060, 15580
28168, 1426, -1691, 304, 1560, -1300, 15588
28178, 779, -1190, 150, 1636, -1000, 16172
28188, -4, -263, -13, 1648, -864, 15792
28198, -542, 429, -144, 1736, -880, 15696
28208, -695, 194, -122, 1696, -744, 15804
28218, -951, -27, -170, 1604, -696, 15688
28228, -1159, -798, -169, 1144, -936, 16048
28238, -1211, -1617, -290, 1168, -1100, 15504
28248, -1128, -2273, -528, 1020, -1572, 15124
28258, -983, -2849, -916, 1192, -1740, 15032
28268, -663, -3791, -1173, 1084, -1692, 15040
28278, -224, -4681, -1302, 1604, -1404, 14880
28288, -189, -4477, -1423, 1928, -1168, 14820
28298, -229, -3899, -1579, 2280, -1192, 14592
28308, -163, -3207, -1643, 2412, -1072, 14588
28318, -333, -2365, -1782, 2028, -1080, 15012
28328, -177, -2369, -1887, 1976, -1036, 14832
28338, 213, -3212, -1910, 2056, -952, 15152
28348, 1222, -6356, -1845, 1600, -1216, 15608
28358, 1634, -8764, -1578, 2696, -632, 15956
28368, 1384, -8836, -1341, 3476, -400, 15368
28378, 770, -8269, -1490, 3348, -1016, 15512
28388, 496, -8296, -1493, 3364, -1016, 15320
28398, 678, -9248, -1514, 2912, -712, 15008
28408, 1240, -10591, -1371, 3612, -680, 14772
28418, 1158, -10107, -1167, 4720, -684, 14736
28428, 476, -8152, -1001, 5032, 20, 14808
28438, -186, -6330, -907, 4888, -328, 14668
28448, -236, -6025, -994, 4112, -1012, 14432
28458, 216, -6371, -1122, 4036, -1296, 13744
28468, 598, -6154, -1096, 5004, -404, 13908
28478, 408, -5109, -973, 5544, -4, 14536
28488, -148, -4597, -913, 5008, -72, 15516
28498, -38, -6023, -764, 4584, -812, 15424
28508, 360, -8056, -638, 4816, -260, 15096
28518, 888, -9684, -659, 4784, -712, 14056
28528, 1532, -10598, -528, 5732, -468, 14004
28538, 935, -9161, -407, 6676, 336, 14468
28548, 509, -7957, -194, 6416, -36, 14136
28558, 578, -8017, -44, 6068, -540, 14492
28568, 299, -7868, -56, 6260, -624, 14488
28578, 241, -7739, -87, 6344, -484, 14112
28588, 468, -7696, -361, 6300, -1712, 13816
28598, 206, -6572, -574, 7212, -904, 13740
28608, -260, -5022, -454, 7656, -28, 13212
28618, -439, -3855, -276, 7536, -268, 13368
28628, -447, -3316, -25, 7452, -404, 13648
28638, -419, -3251, 70, 7104, -580, 14004
28648, -451, -3626, 1, 6820, -392, 14324
28658, -348, -4495, 41, 7052, -380, 14180
28668, -318, -4758, 50, 7352, -364, 13828
28678, -350, -4425, 87, 7692, -408, 13176
28688, -324, -3607, 119, 7992, -364, 13040
28698, -310, -2405, 115, 8036, -304, 12696
28708, -350, -1087, 129, 7964, -296, 12764
28718, -410, -175, 98, 7844, -280, 13192
28728, -404, 234, 79, 7792, -276, 13472
28738, -392, 563, 84, 7844, -312, 13352
28748, -391, 947, 47, 7712, -296, 13364
28758, -405, 1252, 52, 7676, -352, 13488
28768, -427, 1374, 29, 7592, -284, 13600
28778, -430, 1255, 48, 7540, -296, 13628
28788, -423, 1344, 42, 7600, -404, 13592
28798, -443, 1607, 64, 7588, -336, 13572
28808, -470, 1388, 69, 7496, -324, 14048
28818, -432, 422, 94, 7084, -392, 14440
28828, -387, -755, 157, 7172, -304, 14276
28838, -346, -1545, 173, 7300, -380, 14060
28848, -356, -2068, 179, 7360, -384, 13988
28858, -328, -2241, 168, 7628, -384, 13696
28868, -374, -2192, 132, 7696, -324, 13448
28878, -367, -1970, 144, 7776, -348, 13440
28888, -382, -1569, 143, 7856, -248, 13396
28898, -385, -1188, 163, 7856, -352, 13212
28908, -403, -797, 179, 7916, -356, 13280
28918, -417, -595, 191, 7836, -380, 13568
28928, -385, -642, 214, 7684, -388, 13668
28938, -359, -612, 189, 7920, -340, 13352
28948, -420, -268, 151, 7836, -424, 13296
28958, -448, -158, 125, 7856, -348, 13488
28968, -430, -227, 129, 7792, -264, 13568
28978, -487, -213, 127, 7992, -328, 13516
28988, -465, -72, 134, 7848, -432, 13376
28998, -456, 245, 137, 7864, -412, 13256
29008, -513, 680, 152, 7996, -400, 13276
29018, -538, 1259, 126, 8024, -308, 13200
29028, -570, 1990, 141, 7976, -312, 13060
29038, -661, 2654, 103, 7860, -368, 13388
29048, -674, 2887, 15, 7568, -472, 13632
29058, -687, 2978, -2, 7668, -392, 13448
29068, -787, 3367, -47, 7760, -456, 13588
29078, -851, 3981, -91, 7728, -448, 12996
29088, -824, 4910, -121, 7528, -512, 13108
29098, -911, 6312, -291, 7428, -540, 12916
29108, -1034, 7777, -501, 7428, -476, 13256
29118, -1077, 8556, -599, 6952, -560, 13548
29128, -1086, 8668, -725, 6572, -644, 13996
29138, -1052, 8133, -795, 6512, -392, 14492
29148, -939, 6817, -620, 6432, -340, 14960
29158, -862, 5353, -505, 6028, -380, 14964
29168, -815, 4159, -553, 5860, -484, 14824
29178, -839, 3734, -707, 5732, -596, 14264
29188, -995, 4223, -1008, 5928, -488, 14136
29198, -1138, 4699, -1158, 6036, -560, 14280
29208, -1182, 5239, -1360, 5776, -676, 13912
29218, -1422, 7028, -1658, 6076, -584, 13348
29228, -1667, 9474, -2009, 5876, -656, 12916
29238, -1859, 12029, -2392, 5432, -632, 13236
29248, -2146, 14100, -2742, 5008, -312, 13972
29258, -2124, 14285, -2981, 4352, -432, 14644
29268, -1763, 13202, -2937, 4336, -316, 14912
29278, -1267, 11836, -2801, 3660, -320, 14840
29288, -963, 10660, -2849, 3736, -148, 15084
29298, -846, 9847, -2924, 3408, -504, 15196
29308, -771, 9665, -3124, 2884, -688, 14932
29318, -429, 6316, -3231, 2132, -352, 17412
29328, -627, 7862, -3388, 4460, -508, 12268
29338, -906, 9930, -3613, 2228, -680, 16504
29348, -19, 5516, -2982, 2136, -52, 16152
29358, -207, 9842, -2682, 5252, 284, 11656
29368, -463, 10598, -2895, 1068, -688, 18008
29378, -386, 10961, -2365, 3088, 228, 15300
29388, -193, 8495, -2313, 1132, -20, 17160
29398, -199, 7371, -1929, 2784, 116, 15392
29408, -380, 7190, -1957, 2388, -392, 15420
29418, -516, 6742, -2000, 1812, -788, 15468
29428, -414, 5843, -1769, 1480, -176, 15908
29438, -514, 4418, -1494, 1608, 184, 16924
29448, -666, 1789, -1438, 756, 176, 17080
29458, -593, -816, -1026, 812, -256, 16496
29468, -428, -2371, -1129, 1212, -728, 15364
29478, -224, -1884, -1116, 2024, -1708, 14060
29488, -111, 33, -1240, 2596, -1368, 13532
29498, -98, 2746, -1210, 2712, -892, 13424
29508, -63, 4799, -1064, 2248, -508, 13952
29518, 97, 6092, -896, 2076, -456, 14380
29528, 321, 7123, -570, 2252, -244, 14140
29538, 399, 8415, -299, 1768, -128, 14640
29548, 342, 9440, -173, 1048, -400, 14920
29558, 379, 9666, -106, 728, -728, 15184
29568, 585, 9800, 7, 640, -800, 14964
29578, 734, 10475, 115, 908, -732, 14684
29588, 724, 11804, 208, 416, -604, 14844
29598, 704, 12609, 59, -92, -680, 15096
29608, 965, 11521, 189, -1348, -364, 16504
29618, 2019, 4779, 507, -4388, -624, 20144
29628, 171, 1585, -18, -2924, -152, 17428
29638, -222, 664, 98, -740, -68, 15272
29648, -281, 381, 100, -1064, -76, 15256
29658, -312, 286, 145, -828, -84, 15004
29668, -308, 170, 154, -832, -196, 15224
29678, -349, 133, 147, -704, -132, 15124
29688, -326, 121, 181, -720, -60, 15212
29698, -356, 142, 260, -908, -64, 15032
29708, -370, 242, 309, -780, -348, 15076
29718, -361, 228, 331, -708, -340, 15168
29728, -361, 243, 332, -728, -296, 15212
29738, -386, 192, 301, -788, -360, 15144
29748, -364, 237, 288, -828, -464, 15188
29758, -345, 228, 208, -868, -292, 15144
29768, -350, 207, 215, -752, -260, 15092
29778, -357, 197, 223, -948, -228, 15120
29788, -375, 188, 205, -804, -284, 15280
29798, -367, 203, 173, -988, -176, 15260
29808, -382, 108, 126, -884, -68, 15204
29818, -531, -728, 47, -1916, 20, 15616
29828, -377, 196, 155, -1020, 32, 15032
29838, -371, 149, 147, -992, -196, 15092
29848, -374, 133, 100, -804, -272, 15320
29858, -357, 117, 116, -816, -148, 15132
29868, -365, 136, 116, -824, -140, 15076
29878, -363, 116, 130, -972, -148, 15132
29888, -359, 91, 145, -776, -128, 15044
29898, -345, 113, 137, -760, -220, 15180
29908, -382, 118, 118, -784, -132, 15036
29918, -358, 124, 137, -696, -168, 15076
29928, -354, 126, 142, -772, -216, 15120
29938, -362, 123, 134, -836, -240, 15132
29948, -375, 109, 115, -820, -164, 14904
29958, -339, 112, 131, -788, -204, 15164
29968, -354, 112, 130, -760, -184, 15048
29978, -346, 102, 145, -820, -160, 15256
29988, -360, 99, 118, -772, -216, 15096
29998, -346, 98, 124, -872, -240, 15236
30008, -361, 117, 136, -772, -252, 15016
30018, -364, 132, 134, -788, -204, 15168
30028, -359, 141, 121, -892, -176, 15188
30038, -361, 104, 118, -768, -216, 15108
30048, -370, 117, 144, -844, -268, 15072
30058, -349, 110, 139, -936, -156, 15244
30068, -358, 114, 119, -808, -172, 15192
30078, -353, 152, 130, -772, -72, 15080
30088, -356, 129, 123, -860, -264, 15300
30098, -343, 126, 128, -868, -136, 15128
30108, -354, 138, 134, -852, -184, 15184
30118, -351, 112, 156, -840, -196, 15160
30128, -370, 125, 134, -840, -212, 15096
30138, -358, 121, 162, -820, -248, 15216
30148, -363, 131, 144, -908, -192, 15160
30158, -357, 133, 158, -820, -268, 15228
30168, -356, 119, 136, -864, -284, 15060
30178, -362, 123, 122, -776, -280, 15220
30188, -365, 117, 132, -852, -172, 14932
30198, -352, 115, 138, -820, -248, 14992
30208, -367, 131, 128, -808, -160, 14936
30218, -377, 117, 151, -748, -272, 15116
30228, -362, 126, 130, -760, -232, 15024
30238, -356, 129, 132, -1000, -148, 15244
30248, -333, 134, 130, -860, -168, 15132
30258, -342, 118, 127, -848, -316, 15028
30268, -365, 114, 141, -700, -132, 15136
30278, -366, 147, 174, -720, -240, 15092
30288, -347, 118, 143, -904, -196, 15208
30298, -364, 135, 121, -840, -208, 15072
30308, -350, 136, 135, -812, -196, 15104
30318, -328, 104, 125, -736, -228, 15080
30328, -344, 131, 156, -740, -176, 15172
30338, -348, 123, 140, -840, -180, 15180
30348, -365, 138, 120, -756, -208, 14980
30358, -369, 144, 109, -876, -212, 15092
30368, -363, 126, 129, -816, -64, 15188
30378, -372, 125, 128, -760, -288, 15268
30388, -359, 148, 145, -796, -216, 15088
30398, -354, 128, 144, -764, -156, 15068
30408, -357, 131, 136, -864, -224, 15188
30418, -361, 156, 140, -1000, -168, 15200
30428, -361, 130, 123, -780, -256, 15084
30438, -360, 122, 132, -940, -216, 15304
30448, -353, 119, 128, -828, -224, 15012
30458, -333, 91, 134, -780, -196, 15168
30468, -339, 109, 131, -800, -108, 15180
30478, -360, 116, 140, -780, -152, 15164
30488, -359, 109, 134, -784, -160, 14940
30498, -340, 128, 135, -796, -248, 15124
30508, -360, 139, 151, -880, -264, 15272
30518, -360, 119, 144, -768, -252, 15068
30528, -350, 141, 148, -888, -312, 15296
30538, -359, 118, 152, -792, -232, 15228
30548, -347, 141, 139, -876, -236, 15044
30558, -360, 138, 122, -752, -184, 15156
30568, -335, 130, 131, -904, -132, 14916
30578, -373, 119, 136, -884, -176, 15072
30588, -351, 114, 144, -844, -196, 15212
30598, -360, 139, 122, -908, -204, 15112
30608, -340, 134, 125, -864, -180, 15076
30618, -350, 119, 119, -816, -196, 15164
30628, -342, 138, 125, -872, -156, 15152
30638, -359, 140, 125, -896, -220, 15020
30648, -353, 147, 136, -872, -216, 15112
30658, -368, 125, 143, -864, -120, 15012
30668, -365, 128, 136, -848, -148, 15068
30678, -376, 141, 134, -840, -256, 15132
30688, -358, 118, 150, -844, -196, 15216
30698, -344, 142, 118, -796, -220, 15188
30708, -367, 135, 148, -784, -244, 14936
30718, -372, 109, 123, -860, -168, 14968
30728, -346, 141, 138, -828, -200, 15232
30738, -356, 106, 145, -828, -208, 15104
30748, -366, 129, 127, -884, -168, 15172
30758, -342, 137, 134, -952, -176, 15216
30768, -357, 139, 120, -876, -260, 15044
30778, -363, 108, 135, -820, -164, 15156
30788, -357, 127, 142, -836, -236, 15228
30798, -349, 142, 133, -916, -244, 15232
30808, -369, 131, 138, -752, -216, 15092
30818, -368, 115, 136, -844, -220, 15092
30828, -359, 114, 115, -904, -100, 15080
30838, -344, 135, 145, -968, -200, 15244
30848, -364, 128, 131, -904, -212, 15216
30858, -348, 119, 144, -792, -136, 15044
30868, -360, 126, 130, -888, -188, 15076
30878, -355, 134, 146, -892, -116, 15156
30888, -353, 123, 147, -900, -192, 15192
30898, -356, 131, 129, -964, -256, 15060
30908, -346, 119, 127, -916, -188, 15248
30918, -341, 135, 131, -888, -168, 15268
30928, -340, 101, 120, -768, -232, 15104
30938, -366, 124, 114, -776, -152, 15188
30948, -358, 133, 132, -832, -276, 15104
30958, -356, 114, 133, -900, -216, 15200
30968, -352, 109, 152, -904, -184, 15244
30978, -357, 115, 154, -892, -208, 14996
30988, -367, 142, 142, -776, -220, 15036
30998, -344, 135, 138, -860, -144, 15284
31008, -373, 141, 140, -908, -192, 15176
31018, -345, 118, 144, -824, -216, 15204
31028, -350, 147, 133, -836, -176, 15160
31038, -355, 122, 115, -820, -192, 15156
31048, -359, 100, 145, -880, -68, 15072
31058, -341, 108, 142, -800, -176, 15080
31068, -355, 137, 148, -808, -232, 15104
31078, -366, 141, 144, -756, -248, 15172
31088, -371, 118, 133, -776, -128, 15240
31098, -355, 133, 134, -780, -260, 15064
31108, -356, 113, 126, -888, -180, 15132
31118, -358, 127, 141, -820, -228, 15120
31128, -380, 108, 123, -892, -212, 15120
31138, -349, 117, 135, -808, -200, 15096
31148, -335, 94, 127, -772, -196, 15232
31158, -365, 102, 125, -872, -124, 15136
31168, -358, 124, 120, -868, -164, 14984
31178, -371, 126, 119, -852, -208, 14924
31188, -354, 126, 137, -812, -200, 15076
31198, -362, 115, 127, -780, -204, 15120
31208, -354, 104, 139, -836, -176, 15204
31218, -364, 133, 138, -836, -204, 15140
31228, -347, 134, 121, -908, -240, 15156
31238, -355, 131, 123, -828, -232, 15092
31248, -367, 130, 138, -844, -248, 15004
31258, -374, 101, 134, -756, -184, 15188
31268, -345, 115, 141, -816, -204, 15240
31278, -339, 109, 137, -868, -200, 15100
31288, -373, 109, 119, -856, -136, 15012
31298, -368, 110, 123, -884, -208, 15320
31308, -350, 118, 119, -756, -156, 15212
31318, -383, 107, 144, -876, -244, 15064
31328, -366, 118, 142, -1008, -188, 15060
31338, -364, 132, 118, -872, -252, 15252
31348, -371, 111, 131, -920, -248, 15232
31358, -348, 109, 132, -892, -316, 15044
31368, -370, 120, 129, -836, -240, 15136
31378, -361, 122, 135, -928, -228, 15176
31388, -345, 131, 122, -816, -120, 15140
31398, -341, 118, 149, -880, -236, 15080
31408, -352, 126, 122, -744, -328, 15152
31418, -343, 102, 143, -848, -180, 15164
31428, -376, 96, 133, -812, -200, 15060
31438, -351, 92, 140, -952, -196, 15120
31448, -339, 105, 130, -836, -228, 15088
31458, -361, 104, 134, -824, -160, 15136
31468, -381, 75, 121, -672, -164, 15224
31478, -353, 98, 133, -904, -152, 15032
31488, -365, 64, 121, -808, -308, 15184
31498, -354, 100, 120, -896, -180, 15148
31508, -365, 113, 155, -816, -192, 15208
31518, -346, 96, 137, -828, -272, 14980
31528, -367, 120, 103, -748, -208, 15040
31538, -361, 94, 133, -816, -196, 15128
31548, -335, 116, 138, -788, -148, 15248
31558, -352, 120, 152, -836, -300, 15140
31568, -379, 114, 141, -784, -192, 15064
31578, -331, 118, 126, -824, -220, 15100
31588, -353, 115, 133, -800, -244, 15024
31598, -337, 97, 130, -836, -228, 15056
31608, -360, 114, 139, -820, -220, 15020
31618, -341, 105, 135, -928, -184, 15004
31628, -360, 103, 130, -932, -284, 15060
31638, -348, 133, 150, -968, -232, 15128
31648, -379, 130, 133, -860, -156, 15080
31658, -365, 115, 131, -824, -276, 15088
31668, -362, 124, 130, -808, -356, 15108
31678, -360, 121, 144, -860, -320, 15184
31688, -373, 116, 137, -788, -144, 15244
31698, -333, 115, 136, -888, -252, 15132
31708, -370, 120, 115, -868, -116, 15200
31718, -365, 112, 131, -888, -148, 15060
31728, -344, 136, 129, -792, -160, 15080
31738, -367, 116, 131, -860, -188, 15028
31748, -353, 113, 127, -788, -220, 15068
31758, -357, 137, 141, -740, -312, 15000
31768, -377, 131, 130, -824, -248, 15056
31778, -369, 152, 132, -852, -220, 15076
31788, -347, 158, 124, -776, -180, 15280
31798, -350, 134, 140, -760, -124, 15108
31808, -361, 120, 139, -848, -220, 15344
31818, -349, 132, 124, -908, -188, 15276
31828, -372, 125, 124, -796, -156, 15108
31838, -339, 148, 135, -756, -176, 15152
31848, -370, 176, 154, -652, -160, 15076
31858, -364, 199, 130, -944, -196, 15324
31868, -381, 126, 127, -944, -204, 15232
31878, -352, 119, 127, -700, -272, 15084
31888, -343, 122, 130, -860, -156, 14912
31898, -355, 124, 165, -904, -120, 15188
31908, -332, 135, 131, -940, -300, 15096
31918, -356, 136, 139, -812, -184, 15224
31928, -324, 133, 133, -740, -264, 14876
31938, -348, 126, 142, -828, -284, 15032
31948, -362, 176, 136, -776, -196, 15184
31958, -340, 169, 128, -776, -288, 15232
31968, -376, 186, 149, -816, -212, 15292
31978, -370, 166, 132, -904, -200, 15116
31988, -360, 167, 122, -964, -144, 15028
31998, -347, 123, 123, -832, -116, 15184
32008, -354, 162, 129, -776, -144, 15296
32018, -355, 128, 140, -860, -216, 15164
32028, -348, 148, 130, -752, -176, 15120
32038, -366, 146, 121, -852, -204, 15048
32048, -341, 167, 124, -816, -192, 15124
32058, -351, 149, 134, -840, -236, 15148
32068, -368, 141, 113, -968, -204, 15204
32078, -364, 159, 123, -832, -204, 14960
32088, -363, 152, 133, -848, -264, 15212
32098, -375, 135, 121, -820, -284, 15292
32108, -355, 123, 139, -792, -304, 15104
32118, -348, 128, 132, -820, -168, 15024
32128, -347, 128, 135, -804, -200, 15096
32138, -370, 138, 122, -872, -208, 15220
32148, -349, 139, 131, -800, -216, 15072
32158, -370, 153, 135, -860, -200, 15272
32168, -363, 131, 139, -848, -116, 15080
32178, -355, 126, 118, -808, -152, 15364
32188, -351, 141, 142, -828, -88, 15220
32198, -360, 140, 144, -832, -144, 15068
32208, -358, 139, 136, -812, -172, 15100
32218, -354, 142, 138, -816, -196, 15228
32228, -363, 140, 154, -676, -172, 15112
32238, -345, 144, 131, -892, -168, 15220
32248, -357, 120, 124, -892, -256, 15124
32258, -347, 111, 139, -820, -180, 15144
32268, -374, 131, 133, -868, -96, 15220
32278, -368, 119, 128, -800, -216, 15080
32288, -356, 122, 123, -860, -192, 15112
32298, -358, 140, 127, -724, -212, 15180
32308, -341, 143, 131, -956, -220, 15244
32318, -367, 121, 128, -768, -320, 15016
32328, -358, 128, 135, -904, -188, 15176
32338, -372, 141, 135, -976, -228, 15180
32348, -346, 133, 146, -888, -220, 15172
32358, -367, 123, 139, -868, -184, 15004
32368, -351, 111, 130, -864, -264, 15100
32378, -349, 91, 161, -824, -212, 15100
32388, -350, 139, 156, -860, -220, 15260
32398, -350, 138, 120, -728, -212, 15052
32408, -359, 111, 143, -1008, -176, 15244
32418, -367, 108, 123, -896, -148, 15156
32428, -367, 127, 123, -876, -224, 15124
32438, -345, 116, 142, -824, -236, 15132
32448, -371, 92, 116, -848, -260, 15228
32458, -358, 102, 130, -872, -144, 15032
32468, -353, 115, 112, -1000, -156, 15192
32478, -359, 121, 109, -852, -200, 15200
32488, -370, 94, 131, -840, -188, 15208
32498, -361, 95, 128, -856, -288, 15112
32508, -364, 105, 135, -832, -196, 15100
32518, -364, 127, 125, -808, -156, 15220
32528, -346, 116, 131, -764, -164, 15036
32538, -362, 133, 137, -908, -204, 15088
32548, -387, 119, 141, -752, -252, 15132
32558, -362, 149, 139, -916, -176, 15076
32568, -386, 143, 136, -816, -220, 15136
32578, -360, 137, 139, -848, -296, 14992
32588, -361, 124, 159, -880, -184, 15024
32598, -376, 111, 134, -884, -120, 15180
32608, -368, 117, 114, -864, -232, 15204
32618, -354, 141, 145, -780, -116, 15032
32628, -366, 107, 117, -860, -100, 15140
32638, -355, 134, 118, -872, -152, 14968
32648, -346, 129, 127, -796, -160, 15232
32658, -365, 152, 125, -752, -244, 15244
32668, -361, 151, 124, -876, -228, 15100
32678, -348, 116, 137, -900, -244, 15152
32688, -367, 114, 164, -852, -248, 15096
32698, -351, 134, 126, -860, -204, 15228
32708, -340, 116, 120, -780, -168, 15296
32718, -362, 123, 111, -876, -244, 15104
32728, -351, 112, 142, -936, -124, 15184
32738, -355, 98, 130, -860, -196, 15180
32748, -356, 129, 127, -828, -184, 15108
32758, -354, 123, 128, -812, -44, 15132
32768, -340, 102, 138, -824, -252, 15108
32778, -362, 106, 148, -836, -172, 15256
32788, -366, 124, 150, -876, -188, 15080
32798, -354, 137, 122, -840, -160, 15172
32808, -356, 116, 167, -872, -172, 15108
32818, -343, 112, 140, -996, -252, 15212
32828, -358, 87, 151, -956, -220, 15080
32838, -370, 129, 156, -868, -172, 15272
32848, -365, 121, 120, -836, -272, 14992
32858, -346, 109, 143, -792, -208, 15068
32868, -354, 116, 123, -896, -268, 14968
32878, -372, 110, 149, -924, -124, 15164
32888, -362, 117, 130, -908, -280, 15208
32898, -339, 143, 148, -856, -232, 15096
32908, -359, 118, 132, -876, -108, 15024
32918, -364, 110, 131, -780, -156, 15160
32928, -352, 102, 132, -844, -200, 15180
32938, -342, 116, 150, -852, -152, 15124
32948, -364, 92, 139, -796, -224, 15116
32958, -353, 103, 129, -892, -156, 15084
32968, -362, 118, 115, -836, -168, 15152
32978, -351, 119, 131, -828, -196, 15104
32988, -351, 142, 131, -828, -204, 15120
32998, -347, 95, 141, -744, -248, 15132
33008, -362, 138, 130, -904, -204, 15240
33018, -362, 109, 127, -916, -104, 15140
33028, -363, 107, 155, -780, -228, 15100
33038, -371, 116, 134, -828, -216, 14940
33048, -343, 109, 127, -868, -336, 15300
33058, -366, 119, 131, -772, -156, 15164
33068, -334, 101, 143, -876, -180, 15128
33078, -343, 130, 131, -824, -144, 15084
33088, -366, 105, 130, -892, -272, 15180
33098, -364, 122, 106, -940, -232, 15060
33108, -359, 90, 126, -916, -156, 15080
33118, -351, 119, 161, -776, -232, 15172
33128, -365, 140, 125, -780, -124, 15128
33138, -377, 107, 130, -968, -164, 15312
33148, -374, 109, 134, -896, -220, 15064
33158, -369, 143, 134, -856, -144, 15028
33168, -371, 135, 152, -800, -184, 15268
33178, -368, 115, 135, -868, -276, 15008
33188, -352, 141, 115, -940, -200, 15104
33198, -335, 129, 134, -920, -196, 15044
33208, -360, 142, 124, -796, -196, 15076
33218, -361, 141, 131, -784, -232, 15224
33228, -364, 132, 127, -928, -212, 15192
33238, -356, 109, 122, -868, -224, 15064
33248, -363, 133, 131, -928, -228, 15056
33258, -356, 115, 126, -820, -248, 15076
33268, -363, 116, 129, -868, -220, 15148
33278, -377, 112, 127, -908, -168, 15136
33288, -360, 121, 137, -848, -204, 15056
33298, -338, 142, 132, -828, -208, 15064
33308, -371, 123, 135, -836, -252, 15176
33318, -353, 130, 120, -716, -204, 15108
33328, -359, 131, 128, -792, -268, 15128
33338, -352, 115, 134, -840, -224, 15164
33348, -360, 99, 145, -916, -268, 15132
33358, -345, 121, 121, -840, -160, 15092
33368, -374, 147, 133, -852, -184, 15168
33378, -355, 127, 124, -908, -176, 15220
33388, -347, 118, 124, -844, -184, 15160
33398, -353, 113, 144, -792, -176, 15180
33408, -362, 122, 124, -816, -148, 15212
33418, -367, 130, 151, -920, -152, 15068
33428, -375, 130, 123, -888, -200, 15136
33438, -355, 132, 125, -784, -180, 15072
33448, -372, 121, 126, -848, -160, 15040
33458, -340, 131, 139, -872, -236, 15072
33468, -348, 96, 144, -848, -248, 15076
33478, -357, 135, 127, -804, -204, 14976
33488, -369, 141, 125, -848, -220, 15172
33498, -357, 136, 128, -768, -328, 15224
33508, -358, 122, 130, -812, -144, 14964
33518, -360, 150, 145, -724, -260, 15280
33528, -359, 145, 136, -824, -200, 15332
33538, -362, 148, 125, -848, -200, 15132
33548, -384, 135, 128, -832, -80, 15036
33558, -359, 130, 149, -936, -136, 15256
33568, -367, 127, 137, -948, -132, 15128
33578, -379, 120, 135, -884, -148, 15212
33588, -341, 107, 132, -968, -108, 15188
33598, -362, 121, 146, -900, -204, 14952
33608, -359, 105, 136, -712, -260, 15128
33618, -356, 106, 145, -836, -188, 15080
33628, -344, 133, 127, -788, -372, 15056
33638, -355, 126, 127, -848, -256, 15052
33648, -355, 140, 127, -920, -240, 15112
33658, -358, 120, 129, -804, -216, 15128
33668, -373, 126, 145, -860, -216, 15228
33678, -357, 114, 127, -780, -196, 15124
33688, -368, 145, 137, -992, -136, 15084
33698, -373, 110, 127, -920, -176, 15104
33708, -349, 120, 141, -872, -88, 15032
33718, -354, 119, 142, -828, -200, 15084
33728, -368, 112, 131, -860, -216, 15148
33738, -362, 102, 135, -968, -204, 15220
33748, -359, 106, 130, -860, -176, 15132
33758, -360, 107, 117, -780, -296, 15264
33768, -358, 132, 130, -828, -228, 15148
33778, -345, 132, 151, -896, -264, 15180
33788, -353, 110, 132, -752, -220, 15180
33798, -338, 107, 136, -936, -272, 15144
33808, -371, 119, 132, -760, -272, 15104
33818, -367, 98, 142, -796, -196, 15240
33828, -343, 112, 116, -988, -112, 15064
33838, -348, 127, 130, -904, -168, 15196
33848, -369, 130, 157, -816, -200, 15148
33858, -357, 106, 131, -956, -168, 15176
33868, -358, 103, 147, -864, -220, 15260
33878, -356, 124, 122, -976, -188, 15056
33888, -369, 124, 154, -864, -152, 15164
33898, -355, 130, 129, -840, -152, 15076
33908, -355, 111, 113, -820, -236, 15008
33918, -355, 100, 133, -776, -180, 15228
33928, -349, 114, 133, -816, -184, 15104
33938, -363, 120, 133, -828, -168, 15172
33948, -352, 114, 161, -808, -224, 15352
33958, -379, 125, 139, -772, -176, 15132
33968, -364, 98, 113, -876, -156, 15292
33978, -359, 125, 130, -836, -160, 15168
33988, -381, 110, 137, -904, -128, 15044
33998, -371, 104, 147, -816, -92, 15172
34008, -360, 101, 128, -940, -124, 15156
34018, -367, 126, 157, -860, -184, 15088
34028, -361, 109, 151, -876, -248, 15060
34038, -371, 128, 140, -880, -192, 15180
34048, -350, 118, 146, -844, -224, 15300
34058, -354, 130, 143, -904, -200, 15188
34068, -354, 122, 121, -932, -212, 15128
34078, -354, 127, 116, -840, -232, 15024
34088, -362, 120, 135, -928, -240, 15164
34098, -352, 130, 142, -924, -292, 15232
34108, -339, 146, 134, -840, -176, 15084
34118, -365, 141, 139, -932, -172, 15128
34128, -339, 131, 126, -900, -236, 15096
34138, -351, 128, 149, -840, -176, 15100
34148, -363, 147, 123, -900, -148, 15136
34158, -363, 149, 142, -832, -184, 15260
34168, -342, 121, 134, -816, -192, 15100
34178, -339, 99, 135, -856, -92, 15104
34188, -360, 111, 124, -896, -196, 15096
34198, -359, 126, 152, -764, -216, 15232
34208, -378, 143, 152, -892, -272, 15096
34218, -358, 117, 124, -932, -260, 15152
34228, -349, 121, 130, -840, -132, 15172
34238, -351, 129, 140, -864, -224, 15212
34248, -360, 91, 136, -820, -264, 15276
34258, -347, 126, 135, -808, -220, 15136
34268, -374, 121, 125, -840, -236, 15100
34278, -350, 126, 130, -984, -168, 15208
34288, -361, 125, 140, -840, -248, 15112
34298, -364, 119, 138, -872, -148, 15224
34308, -355, 113, 113, -900, -168, 15112
34318, -371, 125, 151, -884, -240, 15104
34328, -351, 116, 141, -868, -280, 15120
34338, -394, 123, 128, -796, -220, 15072
34348, -357, 113, 136, -848, -256, 15092
34358, -341, 130, 147, -780, -336, 14964
34368, -385, 110, 136, -812, -320, 15008
34378, -373, 137, 156, -796, -208, 15268
34388, -356, 122, 121, -848, -236, 15040
34398, -366, 118, 121, -788, -164, 15176
34408, -358, 141, 134, -896, -228, 15128
34418, -381, 112, 127, -928, -220, 15188
34428, -347, 142, 130, -808, -172, 15244
34438, -370, 145, 145, -924, -176, 14992
34448, -388, 131, 132, -812, -156, 15044
34458, -351, 123, 149, -868, -196, 15144
34468, -370, 108, 122, -936, -180, 15084
34478, -373, 128, 132, -956, -244, 15320
34488, -354, 145, 148, -872, -208, 15136
34498, -366, 93, 141, -868, -240, 15048
34508, -367, 120, 137, -884, -124, 15040
34518, -342, 130, 142, -796, -228, 15176
34528, -356, 135, 136, -888, -260, 15244
34538, -373, 126, 124, -776, -220, 15172
34548, -382, 105, 117, -756, -268, 14988
34558, -345, 126, 132, -852, -184, 15084
34568, -358, 120, 131, -816, -212, 15152
34578, -354, 121, 139, -856, -108, 14948
34588, -349, 117, 124, -804, -176, 15184
34598, -353, 117, 122, -844, -188, 15264
34608, -365, 121, 137, -900, -148, 15128
34618, -368, 109, 121, -924, -272, 15176
34628, -361, 99, 123, -836, -260, 15084
34638, -377, 126, 138, -916, -212, 15092
34648, -355, 139, 145, -816, -120, 15020
34658, -356, 126, 112, -804, -280, 15180
34668, -344, 121, 129, -760, -172, 15188
34678, -367, 111, 156, -848, -300, 15084
34688, -354, 134, 133, -768, -248, 15096
34698, -346, 113, 133, -856, -188, 15212
34708, -373, 113, 151, -904, -256, 15380
34718, -347, 112, 127, -876, -108, 15040
34728, -373, 129, 133, -812, -192, 15124
34738, -363, 116, 121, -948, -160, 15208
34748, -352, 122, 132, -840, -200, 15056
34758, -339, 114, 127, -932, -288, 15164
34768, -355, 117, 135, -876, -192, 14976
34778, -365, 113, 141, -904, -324, 15100
34788, -359, 118, 141, -828, -248, 14996
34798, -370, 127, 138, -836, -240, 15172
34808, -352, 150, 143, -836, -188, 15196
34818, -364, 130, 140, -884, -252, 15068
34828, -354, 121, 127, -772, -200, 15284
34838, -356, 118, 141, -880, -180, 15080
34848, -367, 124, 131, -852, -248, 15220
34858, -354, 137, 134, -744, -136, 15072
34868, -364, 126, 139, -788, -160, 15208
34878, -357, 141, 141, -852, -188, 15172
34888, -368, 155, 142, -852, -216, 15004
34898, -361, 128, 152, -884, -280, 15112
34908, -350, 130, 139, -848, -244, 15196
34918, -363, 105, 136, -952, -328, 15252
34928, -358, 127, 118, -888, -300, 15188
34938, -344, 128, 144, -840, -236, 14868
34948, -379, 105, 135, -808, -220, 15064
34958, -365, 129, 134, -904, -188, 15280
34968, -376, 104, 139, -904, -252, 15164
34978, -366, 99, 135, -828, -268, 15168
34988, -355, 115, 134, -820, -148, 15148
34998, -343, 118, 147, -764, -56, 15184
35008, -337, 129, 149, -844, -192, 15080
35018, -365, 113, 134, -824, -232, 15160
35028, -376, 114, 134, -868, -160, 14996
35038, -367, 120, 112, -816, -200, 15120
35048, -351, 137, 129, -856, -260, 15120
35058, -365, 124, 139, -948, -232, 15156
35068, -363, 124, 141, -916, -252, 15028
35078, -363, 126, 136, -860, -200, 15120
35088, -388, 125, 137, -776, -236, 15060
35098, -372, 124, 133, -772, -228, 15136
35108, -366, 136, 122, -884, -284, 15192
35118, -371, 106, 135, -804, -188, 15132
35128, -367, 114, 130, -892, -120, 15040
35138, -367, 132, 152, -812, -272, 15244
35148, -353, 95, 132, -812, -268, 15056
35158, -357, 135, 140, -900, -200, 15144
35168, -360, 115, 147, -808, -180, 15144
35178, -370, 100, 135, -868, -340, 15000
35188, -366, 110, 133, -876, -260, 15112
35198, -346, 116, 120, -844, -232, 15136
35208, -359, 105, 140, -832, -232, 15108
35218, -350, 123, 127, -812, -228, 15068
35228, -361, 129, 120, -852, -204, 14984
35238, -355, 113, 119, -836, -196, 15204
35248, -355, 126, 135, -888, -216, 15028
35258, -374, 130, 139, -860, -212, 15112
35268, -366, 131, 124, -864, -136, 15060
35278, -355, 131, 144, -768, -148, 15156
35288, -361, 140, 136, -816, -156, 15156
35298, -372, 129, 123, -816, -300, 15220
35308, -353, 139, 133, -908, -220, 15180
35318, -365, 140, 133, -928, -252, 15156
35328, -364, 130, 127, -908, -360, 15288
35338, -330, 125, 128, -820, -252, 15084
35348, -353, 132, 115, -820, -244, 15260
35358, -357, 128, 135, -944, -196, 15088
35368, -346, 127, 138, -896, -152, 15400
35378, -376, 120, 141, -860, -148, 15228
35388, -378, 115, 122, -832, -148, 15168
35398, -347, 114, 143, -816, -116, 15144
35408, -351, 119, 122, -880, -220, 15308
35418, -366, 113, 132, -792, -220, 15156
35428, -355, 125, 130, -848, -204, 15156
35438, -347, 111, 157, -884, -120, 15112
35448, -365, 113, 125, -824, -188, 15132
35458, -348, 89, 111, -864, -240, 15148
35468, -349, 127, 135, -848, -328, 14948
35478, -361, 100, 134, -828, -244, 15040
35488, -374, 125, 131, -804, -216, 15108
35498, -348, 113, 118, -844, -232, 15124
35508, -350, 126, 148, -800, -200, 15000
35518, -374, 123, 133, -860, -208, 15192
35528, -360, 108, 153, -960, -160, 15236
35538, -339, 121, 129, -780, -192, 15096
35548, -364, 122, 113, -840, -116, 15184
35558, -350, 110, 119, -936, -184, 15044
35568, -358, 109, 133, -760, -248, 15112
35578, -359, 110, 133, -896, -184, 15120
35588, -347, 99, 143, -916, -192, 15112
35598, -350, 126, 138, -760, -196, 15304
35608, -337, 103, 131, -848, -188, 15052
35618, -370, 122, 113, -828, -268, 15124
35628, -345, 129, 125, -816, -240, 15216
35638, -370, 134, 115, -844, -276, 15220
35648, -356, 120, 168, -876, -172, 15060
35658, -371, 142, 145, -728, -216, 15128
35668, -349, 126, 140, -912, -144, 15112
35678, -349, 137, 139, -876, -252, 15124
35688, -350, 140, 142, -948, -216, 15220
35698, -347, 124, 115, -804, -176, 15252
35708, -366, 142, 121, -844, -252, 15024
35718, -351, 135, 142, -892, -104, 15204
35728, -361, 126, 149, -868, -200, 15100
35738, -358, 86, 115, -864, -76, 15036
35748, -348, 122, 135, -936, -204, 15080
35758, -369, 116, 137, -784, -188, 15124
35768, -366, 107, 152, -828, -220, 15080
35778, -337, 124, 134, -828, -176, 15228
35788, -357, 129, 129, -808, -296, 15096
35798, -334, 120, 130, -912, -196, 14972
35808, -369, 121, 122, -804, -200, 15104
35818, -349, 134, 141, -820, -212, 15144
35828, -361, 104, 123, -912, -180, 15032
35838, -351, 121, 136, -892, -240, 15116
35848, -355, 120, 134, -864, -140, 15172
35858, -359, 139, 151, -848, -204, 15100
35868, -350, 117, 143, -932, -220, 15172
35878, -385, 112, 127, -836, -92, 15160
35888, -349, 144, 134, -776, -132, 15068
35898, -365, 127, 138, -840, -220, 15048
35908, -366, 120, 123, -832, -216, 15136
35918, -348, 128, 154, -824, -192, 15152
35928, -361, 137, 137, -936, -260, 15096
35938, -366, 134, 121, -896, -180, 15188
35948, -372, 123, 126, -856, -232, 15164
35958, -353, 118, 136, -672, -288, 15180
35968, -350, 108, 129, -860, -200, 15136
35978, -365, 133, 127, -884, -172, 15060
35988, -352, 142, 142, -992, -140, 15180
35998, -367, 130, 113, -784, -216, 15156
36008, -346, 144, 153, -896, -92, 15104
36018, -370, 127, 134, -768, -228, 15164
36028, -355, 142, 134, -764, -192, 15192
36038, -376, 160, 143, -884, -132, 15016
36048, -363, 119, 141, -912, -208, 15080
36058, -394, 135, 136, -836, -252, 15092
36068, -365, 139, 131, -832, -216, 15084
36078, -363, 126, 145, -824, -248, 15176
36088, -361, 122, 146, -828, -216, 15240
36098, -333, 111, 139, -812, -252, 15112
36108, -373, 135, 137, -724, -192, 15040
36118, -360, 129, 125, -884, -164, 15216
36128, -360, 121, 125, -800, -224, 15196
36138, -360, 127, 138, -852, -168, 15212
36148, -351, 131, 137, -856, -148, 15140
36158, -354, 114, 118, -796, -204, 15016
36168, -352, 112, 137, -940, -84, 15208
36178, -355, 122, 130, -820, -240, 15112
36188, -349, 102, 144, -796, -220, 15104
36198, -363, 135, 138, -948, -212, 15276
36208, -355, 113, 136, -716, -264, 15084
36218, -357, 142, 111, -744, -284, 15128
36228, -361, 119, 156, -896, -176, 15180
36238, -383, 113, 144, -912, -224, 15120
36248, -364, 108, 133, -876, -196, 15112
36258, -358, 127, 128, -832, -256, 15196
36268, -349, 119, 139, -892, -192, 15132
36278, -363, 117, 137, -912, -148, 15188
36288, -352, 122, 124, -948, -96, 15172
36298, -335, 114, 140, -936, -216, 15036
36308, -346, 89, 144, -860, -168, 15212
36318, -370, 107, 136, -856, -176, 15096
36328, -367, 134, 120, -944, -244, 15304
36338, -370, 117, 122, -832, -192, 15000
36348, -359, 99, 132, -880, -136, 15244
36358, -347, 143, 132, -864, -272, 15152
36368, -390, 125, 118, -804, -256, 15088
36378, -338, 124, 128, -836, -244, 15204
36388, -372, 128, 120, -800, -168, 15280
36398, -371, 144, 113, -852, -304, 14944
36408, -368, 114, 107, -880, -212, 15068
36418, -345, 131, 120, -784, -260, 15080
36428, -357, 135, 136, -884, -220, 15152
36438, -356, 130, 150, -872, -220, 15056
36448, -365, 135, 126, -896, -152, 15052
36458, -362, 134, 134, -936, -168, 15068
36468, -346, 135, 124, -876, -188, 15284
36478, -362, 113, 135, -796, -148, 15168
36488, -363, 130, 147, -880, -272, 15240
36498, -354, 133, 139, -836, -152, 15216
36508, -359, 118, 134, -844, -156, 14956
36518, -355, 120, 136, -760, -200, 15200
36528, -358, 126, 118, -828, -112, 15136
36538, -359, 132, 124, -792, -148, 15224
36548, -348, 118, 149, -824, -132, 15044
36558, -344, 110, 144, -848, -176, 15092
36568, -376, 107, 131, -832, -196, 15148
36578, -358, 119, 130, -908, -180, 15112
36588, -372, 131, 122, -840, -288, 15112
36598, -340, 103, 121, -824, -108, 15124
36608, -368, 145, 132, -868, -236, 15188
36618, -371, 110, 115, -936, -168, 15096
36628, -358, 115, 146, -844, -196, 15128
36638, -356, 118, 132, -880, -176, 15024
36648, -346, 112, 114, -852, -108, 15296
36658, -355, 129, 124, -912, -232, 15156
36668, -353, 96, 122, -796, -196, 15108
36678, -375, 111, 134, -832, -144, 15184
36688, -376, 109, 126, -900, -144, 15192
36698, -368, 110, 138, -788, -204, 15072
36708, -348, 137, 149, -804, -140, 15032
36718, -347, 100, 128, -828, -136, 15216
36728, -361, 107, 134, -848, -256, 15004
36738, -363, 128, 126, -792, -228, 15128
36748, -352, 112, 125, -928, -196, 15176
36758, -366, 120, 130, -740, -140, 15160
36768, -362, 131, 130, -844, -140, 15276
36778, -353, 111, 134, -916, -100, 15036
36788, -350, 124, 127, -840, -92, 15204
36798, -342, 125, 147, -828, -212, 15144
36808, -343, 131, 137, -848, -264, 15112
36818, -368, 132, 126, -772, -228, 15252
36828, -367, 103, 134, -880, -228, 15156
36838, -361, 127, 136, -864, -204, 15224
36848, -346, 147, 119, -856, -168, 15192
36858, -350, 150, 138, -804, -212, 15076
36868, -349, 133, 142, -892, -308, 15184
36878, -360, 102, 123, -924, -236, 15176
36888, -372, 126, 132, -924, -128, 15120
36898, -358, 131, 157, -828, -188, 15176
36908, -370, 124, 112, -936, -204, 15140
36918, -355, 133, 144, -880, -180, 15164
36928, -358, 136, 148, -832, -132, 15132
36938, -343, 116, 137, -816, -304, 15156
36948, -353, 103, 132, -812, -224, 14992
36958, -358, 104, 126, -828, -280, 15280
36968, -357, 114, 127, -792, -220, 15252
36978, -356, 98, 123, -836, -256, 15040
36988, -356, 124, 127, -872, -264, 15032
36998, -357, 113, 106, -752, -132, 15052
37008, -367, 116, 123, -836, -192, 15084
37018, -362, 112, 117, -912, -148, 15124
37028, -359, 123, 116, -792, -252, 15068
37038, -350, 123, 139, -760, -268, 15104
37048, -369, 114, 124, -864, -152, 15140
37058, -375, 101, 139, -812, -64, 15232
37068, -344, 116, 135, -904, -192, 15216
37078, -371, 107, 129, -780, -204, 15120
37088, -376, 104, 137, -884, -96, 15020
37098, -364, 110, 160, -860, -288, 15156
37108, -363, 97, 133, -944, -236, 15016
37118, -368, 119, 124, -932, -192, 15128
37128, -378, 107, 140, -800, -304, 15056
37138, -353, 109, 117, -816, -160, 15200
37148, -364, 113, 126, -888, -204, 15056
37158, -331, 100, 129, -764, -280, 15068
37168, -361, 131, 146, -872, -236, 15216
37178, -352, 111, 140, -888, -48, 15164
37188, -367, 107, 139, -820, -224, 15064
37198, -396, 137, 111, -772, -160, 15076
37208, -354, 132, 114, -780, -148, 15164
37218, -366, 113, 127, -964, -172, 15140
37228, -362, 148, 146, -828, -156, 15172
37238, -374, 116, 119, -836, -280, 15064
37248, -344, 141, 122, -816, -244, 15204
37258, -335, 132, 130, -844, -212, 15084
37268, -357, 128, 120, -856, -284, 15128
37278, -364, 159, 127, -848, -216, 15112
37288, -374, 124, 135, -976, -260, 15296
37298, -344, 146, 117, -896, -200, 15108
37308, -361, 147, 147, -760, -148, 15128
37318, -352, 137, 120, -828, -156, 15104
37328, -355, 113, 126, -804, -152, 15212
37338, -356, 115, 142, -836, -260, 15056
37348, -356, 114, 136, -928, -192, 14984
37358, -338, 119, 142, -848, -196, 15220
37368, -351, 127, 119, -848, -208, 15072
37378, -370, 124, 133, -904, -144, 15212
37388, -352, 125, 156, -828, -208, 15252
37398, -348, 102, 151, -876, -164, 15076
37408, -351, 119, 141, -840, -220, 15196
37418, -364, 110, 143, -928, -316, 15144
37428, -375, 115, 136, -872, -220, 15152
37438, -365, 120, 136, -784, -212, 15276
37448, -364, 136, 116, -736, -196, 15232
37458, -353, 123, 141, -960, -216, 15168
37468, -357, 114, 151, -856, -112, 15128
37478, -354, 120, 163, -880, -232, 15108
37488, -378, 120, 136, -840, -184, 14956
37498, -359, 112, 130, -824, -216, 15232
37508, -356, 108, 141, -816, -172, 15088
37518, -356, 101, 143, -796, -184, 15168
37528, -355, 118, 128, -868, -284, 15176
37538, -370, 103, 128, -904, -208, 15032
37548, -356, 129, 128, -828, -132, 15024
37558, -347, 106, 129, -740, -152, 15152
37568, -371, 113, 134, -872, -196, 15128
37578, -357, 124, 116, -816, -88, 15112
37588, -358, 124, 129, -936, -252, 15100
37598, -347, 139, 124, -856, -232, 15164
37608, -359, 108, 125, -756, -228, 15240
37618, -365, 133, 140, -892, -236, 15060
37628, -352, 128, 147, -804, -176, 15120
37638, -357, 112, 126, -816, -236, 15140
37648, -348, 120, 125, -1036, -172, 15248
37658, -360, 142, 111, -816, -176, 15248
37668, -356, 152, 127, -860, -284, 14960
37678, -347, 127, 139, -840, -156, 15200
37688, -349, 133, 117, -860, -212, 15328
37698, -370, 125, 144, -848, -200, 15088
37708, -378, 142, 129, -836, -184, 15160
37718, -348, 127, 142, -876, -272, 15104
37728, -358, 121, 130, -804, -192, 15144
37738, -367, 140, 126, -880, -192, 15076
37748, -349, 119, 133, -816, -200, 15076
37758, -370, 118, 151, -872, -164, 15276
37768, -356, 133, 143, -872, -104, 15048
37778, -327, 124, 127, -820, -144, 15192
37788, -364, 107, 100, -920, -84, 15108
37798, -331, 119, 140, -860, -220, 15068
37808, -351, 126, 135, -804, -204, 15052
37818, -375, 91, 139, -696, -180, 15104
37828, -350, 119, 138, -892, -212, 15240
37838, -365, 117, 114, -896, -196, 15132
37848, -348, 117, 129, -884, -204, 15160
37858, -377, 136, 118, -888, -128, 15208
37868, -353, 118, 129, -860, -172, 15328
37878, -338, 114, 151, -832, -204, 15140
37888, -361, 113, 133, -940, -248, 15016
37898, -352, 108, 110, -816, -168, 15144
37908, -351, 116, 143, -812, -192, 15220
37918, -366, 129, 136, -852, -180, 15184
37928, -351, 100, 130, -924, -220, 15136
37938, -364, 121, 133, -876, -272, 15104
37948, -372, 118, 116, -896, -220, 15080
37958, -364, 125, 129, -816, -184, 15076
37968, -356, 109, 124, -820, -256, 15204
37978, -360, 113, 122, -788, -204, 15196
37988, -369, 111, 131, -836, -172, 15104
37998, -381, 127, 129, -772, -176, 15196
38008, -341, 132, 145, -888, -268, 14964
38018, -350, 103, 135, -896, -208, 15152
38028, -359, 122, 136, -860, -204, 15076
38038, -332, 129, 142, -860, -180, 15128
38048, -369, 136, 130, -836, -232, 15188
38058, -351, 138, 150, -856, -248, 15180
38068, -369, 141, 130, -756, -180, 15196
38078, -353, 136, 153, -892, -272, 15148
38088, -386, 128, 113, -1008, -268, 15092
38098, -362, 137, 118, -788, -228, 15216
38108, -366, 98, 142, -796, -192, 15092
38118, -357, 131, 131, -740, -80, 15204
38128, -354, 111, 130, -872, -188, 15008
38138, -372, 92, 144, -888, -244, 15104
38148, -368, 141, 129, -824, -300, 15136
38158, -336, 132, 123, -932, -224, 15040
38168, -347, 95, 117, -868, -196, 15012
38178, -340, 108, 144, -896, -272, 15084
38188, -366, 120, 121, -796, -244, 15156
38198, -350, 103, 125, -876, -256, 15312
38208, -344, 106, 150, -836, -196, 15180
38218, -347, 94, 117, -880, -148, 15180
38228, -355, 128, 128, -808, -156, 15172
38238, -351, 130, 112, -856, -144, 15104
38248, -375, 100, 140, -808, -196, 15136
38258, -365, 109, 113, -808, -220, 15096
38268, -347, 110, 144, -828, -200, 15220
38278, -356, 115, 143, -856, -164, 15064
38288, -366, 118, 137, -904, -196, 15016
38298, -353, 139, 131, -828, -224, 15064
38308, -362, 117, 143, -788, -168, 15100
38318, -366, 123, 130, -788, -84, 15228
38328, -364, 117, 141, -848, -328, 15132
38338, -369, 105, 142, -840, -316, 15104
38348, -357, 106, 143, -732, -240, 15000
38358, -365, 106, 131, -860, -192, 15104
38368, -361, 99, 138, -728, -136, 15096
38378, -342, 148, 132, -924, -292, 15040
38388, -369, 109, 133, -828, -100, 15044
38398, -356, 123, 139, -856, -240, 15052
38408, -361, 134, 154, -940, -200, 15168
38418, -344, 137, 136, -852, -236, 15204
38428, -378, 123, 139, -816, -200, 15180
38438, -360, 145, 142, -788, -212, 15132
38448, -333, 134, 115, -788, -200, 15140
38458, -360, 137, 146, -848, -196, 15164
38468, -364, 139, 140, -824, -100, 15272
38478, -363, 122, 123, -808, -196, 14944
38488, -358, 131, 167, -876, -228, 15204
38498, -356, 125, 132, -908, -200, 15152
38508, -376, 130, 153, -808, -108, 15096
38518, -353, 116, 136, -828, -124, 15112
38528, -390, 140, 130, -780, -148, 14932
38538, -368, 120, 132, -948, -248, 15024
38548, -338, 128, 128, -856, -164, 15068
38558, -366, 116, 133, -848, -128, 15136
38568, -369, 96, 129, -792, -204, 15064
38578, -336, 92, 146, -776, -204, 15132
38588, -367, 111, 139, -852, -196, 15112
38598, -386, 115, 105, -908, -200, 15048
38608, -347, 103, 117, -812, -316, 15028
38618, -350, 132, 134, -944, -272, 15104
38628, -336, 119, 123, -916, -200, 15128
38638, -355, 136, 129, -884, -188, 15196
38648, -357, 112, 118, -912, -164, 15076
38658, -351, 110, 116, -800, -224, 15108
38668, -354, 107, 141, -864, -240, 15072
38678, -351, 122, 136, -772, -184, 15060
38688, -339, 129, 135, -744, -268, 15156
38698, -360, 132, 119, -940, -228, 15112
38708, -384, 117, 132, -880, -192, 15148
38718, -355, 121, 142, -760, -216, 15244
38728, -363, 107, 126, -816, -236, 15108
38738, -354, 116, 124, -892, -204, 15036
38748, -347, 136, 142, -912, -196, 15216
38758, -363, 108, 122, -772, -224, 14956
38768, -364, 123, 124, -960, -156, 15116
38778, -351, 128, 132, -796, -112, 15140
38788, -374, 114, 140, -812, -216, 15220
38798, -342, 144, 126, -868, -224, 15224
38808, -371, 135, 111, -748, -268, 15208
38818, -356, 130, 147, -880, -168, 15188
38828, -347, 135, 139, -944, -124, 15256
38838, -370, 136, 128, -868, -160, 15184
38848, -353, 134, 125, -856, -296, 15072
38858, -345, 138, 134, -816, -280, 15220
38868, -341, 148, 134, -900, -184, 15144
38878, -360, 147, 145, -892, -144, 14972
38888, -358, 126, 123, -880, -180, 15204
38898, -364, 126, 132, -996, -204, 15104
38908, -367, 133, 133, -880, -176, 14960
38918, -366, 109, 138, -896, -236, 15068
38928, -352, 113, 132, -768, -236, 15012
38938, -355, 117, 133, -876, -232, 15076
38948, -360, 120, 154, -908, -136, 15060
38958, -356, 117, 128, -892, -172, 15136
38968, -345, 140, 146, -888, -248, 15156
38978, -354, 134, 115, -996, -132, 15136
38988, -353, 120, 125, -816, -216, 15000
38998, -345, 113, 142, -772, -288, 15240
39008, -369, 118, 128, -800, -196, 15192
39018, -370, 122, 137, -844, -260, 15096
39028, -372, 110, 126, -768, -112, 15132
39038, -348, 116, 135, -824, -244, 15240
39048, -346, 109, 135, -768, -200, 15120
39058, -359, 105, 117, -796, -88, 15040
39068, -345, 133, 129, -804, -192, 15084
39078, -335, 121, 148, -796, -228, 15024
39088, -362, 120, 130, -852, -244, 15104
39098, -364, 115, 131, -780, -252, 15088
39108, -356, 118, 135, -796, -160, 15156
39118, -366, 128, 151, -904, -176, 15224
39128, -359, 112, 134, -804, -180, 15036
39138, -344, 115, 142, -824, -344, 15224
39148, -370, 126, 140, -828, -180, 15204
39158, -357, 98, 124, -748, -156, 15092
39168, -348, 108, 133, -816, -268, 15068
39178, -363, 122, 109, -840, -144, 15036
39188, -351, 140, 115, -796, -280, 15252
39198, -360, 129, 141, -872, -76, 15040
39208, -349, 130, 139, -812, -148, 15096
39218, -359, 125, 130, -900, -256, 15112
39228, -356, 120, 122, -832, -176, 15152
39238, -355, 128, 145, -848, -232, 15104
39248, -353, 132, 131, -912, -236, 15128
39258, -358, 154, 103, -932, -216, 14964
39268, -360, 139, 133, -788, -152, 15092
39278, -352, 141, 125, -864, -200, 15016
39288, -345, 124, 117, -920, -168, 15080
39298, -357, 145, 145, -836, -216, 15132
39308, -371, 142, 135, -812, -184, 15260
39318, -347, 104, 120, -804, -200, 15076
39328, -380, 105, 129, -712, -120, 15188
39338, -369, 145, 132, -832, -228, 15024
39348, -342, 131, 126, -812, -116, 15012
39358, -347, 127, 133, -852, -168, 15044
39368, -345, 122, 143, -912, -244, 15228
39378, -354, 121, 127, -864, -260, 15132
39388, -358, 125, 131, -816, -124, 15068
39398, -351, 135, 128, -864, -200, 15092
39408, -373, 100, 158, -796, -208, 15196
39418, -365, 115, 118, -800, -204, 15136
39428, -369, 113, 114, -828, -140, 15256
39438, -367, 127, 138, -920, -184, 15188
39448, -372, 135, 101, -924, -260, 15052
39458, -373, 112, 136, -756, -236, 15208
39468, -359, 114, 122, -892, -184, 15152
39478, -376, 117, 133, -832, -132, 15148
39488, -362, 114, 126, -856, -132, 15248
39498, -368, 113, 146, -836, -124, 15164
39508, -351, 134, 110, -844, -236, 15000
39518, -343, 143, 140, -908, -188, 15056
39528, -367, 111, 132, -768, -212, 15220
39538, -350, 115, 127, -852, -184, 15084
39548, -356, 124, 138, -852, -208, 15056
39558, -353, 110, 140, -888, -256, 15044
39568, -370, 106, 135, -908, -124, 15088
39578, -345, 100, 117, -880, -264, 15176
39588, -343, 128, 129, -840, -244, 15076
39598, -350, 132, 127, -856, -196, 15040
39608, -350, 138, 127, -784, -180, 14988
39618, -360, 135, 137, -780, -172, 15300
39628, -363, 136, 135, -820, -264, 14988
39638, -362, 119, 138, -920, -128, 15224
39648, -381, 130, 155, -832, -200, 15112
39658, -343, 126, 124, -836, -180, 15064
39668, -371, 110, 123, -868, -100, 15200
39678, -363, 103, 130, -892, -252, 15200
39688, -349, 155, 141, -860, -204, 15148
39698, -372, 132, 115, -824, -288, 15140
39708, -358, 107, 135, -752, -296, 15192
39718, -369, 129, 140, -892, -180, 15072
39728, -364, 133, 122, -832, -224, 15164
39738, -359, 124, 117, -800, -164, 15096
39748, -365, 125, 126, -888, -316, 15116
39758, -366, 135, 130, -916, -248, 15168
39768, -351, 117, 131, -784, -220, 15156
39778, -373, 105, 123, -952, -236, 15052
39788, -340, 126, 147, -908, -128, 15152
39798, -343, 114, 145, -832, -212, 14964
39808, -376, 103, 123, -824, -208, 14996
39818, -356, 107, 128, -856, -168, 15172
39828, -358, 126, 143, -828, -212, 15036
39838, -362, 99, 130, -828, -196, 14996
39848, -331, 114, 143, -880, -228, 15200
39858, -356, 90, 145, -828, -184, 15112
39868, -358, 122, 132, -812, -220, 15192
39878, -336, 99, 158, -764, -116, 15080
39888, -358, 135, 135, -868, -216, 15216
39898, -348, 140, 152, -876, -228, 15060
39908, -343, 116, 125, -896, -192, 15104
39918, -368, 143, 146, -852, -92, 15212
39928, -344, 128, 149, -824, -124, 15264
39938, -369, 124, 130, -988, -220, 15144
39948, -364, 105, 133, -916, -224, 15304
39958, -378, 132, 138, -860, -240, 15112
39968, -360, 117, 148, -844, -220, 15160
39978, -368, 114, 145, -800, -164, 15048
39988, -362, 126, 114, -872, -232, 15260
39998, -355, 130, 121, -712, -224, 15040
40008, -371, 140, 120, -852, -132, 15060
40018, -350, 130, 123, -904, -184, 15216
40028, -356, 125, 134, -816, -172, 15164
40038, -370, 144, 134, -784, -244, 15216
40048, -369, 122, 140, -812, -280, 15076
40058, -372, 145, 114, -816, -272, 15092
40068, -356, 132, 135, -860, -200, 15148
40078, -349, 104, 139, -788, -252, 15164
40088, -366, 141, 122, -792, -184, 15112
40098, -333, 147, 120, -784, -220, 15196
40108, -360, 132, 144, -920, -216, 15164
40118, -360, 139, 112, -852, -256, 15140
40128, -366, 116, 134, -864, -156, 15100
40138, -347, 122, 120, -880, -164, 15072
40148, -359, 118, 127, -880, -192, 15192
40158, -351, 126, 154, -872, -212, 15004
40168, -346, 98, 124, -904, -232, 15132
40178, -364, 120, 139, -836, -276, 15224
40188, -365, 128, 136, -816, -268, 15008
40198, -359, 116, 135, -908, -188, 15172
40208, -348, 101, 144, -908, -168, 15068
40218, -349, 120, 149, -904, -136, 14956
40228, -349, 111, 127, -832, -192, 14968
40238, -367, 115, 127, -784, -212, 15164
40248, -385, 111, 131, -840, -212, 15184
40258, -346, 120, 144, -820, -196, 15120
40268, -353, 112, 133, -868, -284, 15264
40278, -371, 108, 147, -824, -184, 15044
40288, -358, 117, 128, -844, -124, 15168
40298, -352, 107, 132, -772, -124, 15216
40308, -344, 111, 142, -856, -216, 15224
40318, -383, 115, 131, -964, -228, 14968
40328, -346, 117, 133, -864, -216, 15064
40338, -351, 113, 131, -920, -56, 15168
40348, -358, 136, 121, -804, -188, 15224
40358, -364, 131, 134, -824, -196, 15056
40368, -377, 122, 135, -776, -180, 15200
40378, -356, 126, 133, -960, -216, 15156
40388, -357, 134, 107, -784, -100, 15288
40398, -369, 134, 129, -880, -200, 15124
40408, -341, 125, 162, -796, -152, 15100
40418, -350, 124, 150, -772, -148, 15272
40428, -361, 106, 133, -740, -180, 15096
40438, -370, 129, 145, -872, -264, 15160
40448, -365, 129, 124, -904, -276, 15076
40458, -381, 129, 126, -876, -260, 15068
40468, -362, 141, 134, -892, -284, 15104
40478, -351, 141, 135, -796, -164, 15112
40488, -370, 121, 147, -836, -128, 15212
40498, -358, 122, 121, -872, -224, 15140
40508, -346, 124, 123, -840, -268, 15116
40518, -384, 116, 120, -900, -220, 15080
40528, -349, 144, 132, -880, -208, 15092
40538, -366, 116, 131, -828, -164, 15112
40548, -386, 96, 126, -864, -232, 15200
40558, -361, 123, 122, -932, -196, 15164
40568, -363, 152, 136, -848, -220, 15052
40578, -354, 126, 137, -848, -184, 15156
40588, -363, 126, 138, -880, -180, 15036
40598, -381, 125, 123, -828, -264, 15088
40608, -365, 103, 127, -916, -136, 15164
40618, -349, 136, 140, -916, -180, 15096
40628, -364, 107, 123, -864, -136, 15220
40638, -374, 113, 135, -772, -188, 15164
40648, -365, 123, 139, -896, -160, 15096
40658, -364, 122, 145, -824, -176, 15288
40668, -350, 118, 135, -924, -176, 15232
40678, -372, 139, 124, -788, -160, 15276
40688, -357, 119, 154, -940, -336, 15116
40698, -367, 119, 135, -760, -208, 15140
40708, -353, 111, 134, -788, -200, 14956
40718, -342, 124, 136, -836, -168, 15112
40728, -355, 142, 139, -932, -180, 15280
40738, -347, 117, 153, -824, -248, 15076
40748, -350, 110, 134, -832, -196, 15248
40758, -350, 106, 132, -1040, -248, 14996
40768, -330, 126, 130, -808, -228, 15088
40778, -347, 119, 126, -880, -192, 15148
40788, -350, 147, 127, -776, -248, 15092
40798, -356, 128, 133, -804, -192, 15020
40808, -364, 117, 134, -892, -184, 15024
40818, -351, 139, 137, -928, -252, 15132
40828, -351, 114, 139, -944, -184, 15080
40838, -368, 128, 149, -784, -160, 15088
40848, -353, 136, 135, -840, -232, 15072
40858, -370, 145, 117, -860, -272, 15188
40868, -349, 128, 153, -776, -252, 14852
40878, -350, 142, 137, -848, -280, 15128
40888, -354, 126, 151, -844, -204, 15128
40898, -351, 132, 140, -840, -296, 15096
40908, -356, 114, 136, -816, -156, 15084
40918, -366, 121, 134, -852, -128, 15180
40928, -370, 133, 136, -816, -152, 15072
40938, -366, 111, 134, -1004, -184, 14988
40948, -357, 113, 136, -752, -116, 15064
40958, -359, 98, 129, -764, -232, 15184
40968, -363, 111, 127, -928, -128, 15016
40978, -344, 99, 108, -884, -136, 15100
40988, -366, 107, 123, -812, -220, 15048
40998, -375, 115, 132, -872, -192, 15052
41008, -374, 113, 151, -880, -192, 15180
41018, -341, 105, 121, -836, -200, 15156
41028, -354, 130, 130, -884, -172, 15096
41038, -357, 134, 135, -816, -184, 15172
41048, -356, 123, 118, -876, -236, 15228
41058, -371, 119, 137, -852, -196, 15216
41068, -350, 119, 122, -836, -296, 15252
41078, -376, 110, 138, -768, -184, 15100
41088, -362, 121, 134, -832, -264, 15068
41098, -355, 125, 130, -844, -256, 15028
41108, -361, 124, 146, -852, -112, 15184
41118, -357, 123, 118, -848, -88, 15124
41128, -357, 103, 137, -828, -200, 15084
41138, -334, 119, 126, -832, -236, 15020
41148, -350, 125, 130, -900, -232, 15140
41158, -380, 137, 131, -888, -244, 14996
41168, -358, 117, 117, -948, -316, 15196
41178, -380, 137, 138, -812, -64, 15124
41188, -353, 142, 144, -948, -180, 15204
41198, -348, 112, 125, -852, -172, 15096
41208, -372, 122, 121, -860, -244, 15120
41218, -387, 121, 110, -948, -284, 15176
41228, -368, 134, 131, -776, -184, 14956
41238, -351, 133, 134, -772, -220, 15264
41248, -365, 142, 126, -888, -124, 15188
41258, -364, 117, 119, -824, -192, 15152
41268, -357, 144, 126, -928, -284, 15076
41278, -358, 120, 134, -916, -224, 15284
41288, -363, 113, 120, -828, -240, 15112
41298, -371, 107, 141, -896, -272, 15104
41308, -364, 112, 159, -816, -228, 15200
41318, -363, 109, 132, -876, -256, 15192
41328, -348, 114, 119, -792, -160, 15136
41338, -350, 113, 140, -852, -196, 15096
41348, -374, 124, 129, -808, -328, 15204
41358, -360, 134, 128, -912, -292, 15144
41368, -342, 121, 122, -916, -156, 15040
41378, -350, 111, 117, -728, -204, 15056
41388, -356, 142, 137, -892, -240, 15108
41398, -363, 140, 130, -800, -280, 15036
41408, -365, 129, 131, -856, -160, 15144
41418, -354, 122, 126, -976, -212, 15016
41428, -348, 118, 133, -864, -176, 15192
41438, -374, 111, 129, -928, -148, 15216
41448, -356, 96, 122, -788, -176, 15212
41458, -366, 113, 115, -848, -136, 15160
41468, -355, 134, 133, -856, -220, 15204
41478, -349, 90, 126, -840, -232, 15088
41488, -374, 120, 136, -912, -236, 15160
41498, -353, 107, 127, -984, -264, 15032
41508, -353, 98, 151, -904, -252, 15164
41518, -353, 135, 148, -908, -224, 15188
41528, -346, 116, 118, -796, -252, 15064
41538, -352, 105, 138, -820, -160, 15024
41548, -356, 124, 141, -820, -144, 15160
41558, -336, 93, 139, -884, -220, 14988
41568, -369, 114, 144, -796, -220, 14944
41578, -369, 133, 127, -864, -160, 15156
41588, -362, 129, 150, -816, -184, 15152
41598, -369, 115, 128, -808, -200, 15060
41608, -384, 160, 129, -864, -108, 15208
41618, -360, 113, 146, -772, -216, 15068
41628, -351, 134, 123, -892, -252, 14944
41638, -363, 107, 134, -852, -260, 15160
41648, -355, 131, 124, -848, -144, 15084
41658, -355, 107, 134, -900, -312, 15016
41668, -370, 142, 140, -756, -124, 15096
41678, -367, 125, 148, -828, -172, 15016
41688, -369, 139, 137, -920, -220, 15048
41698, -348, 149, 140, -832, -248, 15180
41708, -370, 124, 134, -872, -224, 15116
41718, -365, 124, 140, -864, -232, 15156
41728, -364, 109, 128, -968, -224, 15256
41738, -356, 101, 142, -936, -256, 15060
41748, -374, 126, 136, -760, -196, 15224
41758, -362, 117, 140, -784, -124, 15096
41768, -358, 131, 126, -908, -208, 15100
41778, -373, 100, 140, -796, -264, 15188
41788, -357, 120, 144, -920, -252, 15096
41798, -345, 108, 123, -880, -264, 15112
41808, -353, 120, 127, -872, -220, 14876
41818, -359, 122, 112, -764, -188, 15136
41828, -361, 130, 147, -912, -124, 15076
41838, -383, 133, 140, -916, -248, 15132
41848, -353, 134, 118, -816, -152, 15216
41858, -379, 123, 135, -852, -284, 15208
41868, -369, 121, 126, -936, -164, 15192
41878, -347, 134, 133, -836, -228, 15204
41888, -362, 118, 142, -804, -220, 15028
41898, -353, 113, 122, -916, -192, 14948
41908, -374, 112, 130, -728, -232, 15164
41918, -358, 120, 116, -816, -184, 15240
41928, -364, 131, 133, -784, -224, 15012
41938, -373, 119, 146, -776, -220, 15260
41948, -371, 118, 124, -844, -108, 15064
41958, -382, 126, 124, -948, -248, 15128
41968, -357, 134, 110, -884, -256, 14988
41978, -358, 139, 141, -740, -256, 15052
41988, -350, 101, 145, -952, -176, 15284
41998, -357, 138, 134, -848, -204, 15052
42008, -353, 112, 114, -832, -204, 15156
42018, -348, 132, 144, -764, -204, 15272
42028, -368, 119, 162, -844, -220, 15044
42038, -351, 111, 128, -872, -180, 15040
42048, -359, 127, 133, -828, -208, 15180
42058, -365, 135, 112, -924, -228, 15172
42068, -365, 120, 140, -844, -280, 15156
42078, -351, 116, 128, -856, -208, 15116
42088, -347, 139, 115, -1184, -68, 15636
42098, -306, 96, 78, -1076, -108, 15120
42108, -330, 58, -41, -968, -176, 15172
42118, -334, 141, -41, -1136, -128, 15348
42128, -344, 78, -141, -936, -84, 15228
42138, -321, 73, -215, -964, -148, 15240
42148, -313, 83, -279, -804, -20, 14932
42158, -326, 77, -304, -912, -120, 15124
42168, -292, 146, -317, -724, -168, 15032
42178, -309, 192, -167, -616, -48, 15080
42188, -333, 255, 17, -764, -148, 15156
42198, -309, 298, 153, -116, 320, 14300
42208, -344, 296, 283, -724, -232, 15032
42218, -324, 208, 290, -892, -364, 14968
42228, -324, 145, 257, -848, -380, 15132
42238, -354, 120, 200, -812, -456, 15096
42248, -349, 106, 200, -784, -384, 15224
42258, -331, 87, 166, -988, -312, 15152
42268, -327, 80, 140, -860, -188, 15212
42278, -324, 63, 131, -1024, -236, 15236
42288, -336, 72, 130, -844, -144, 15104
42298, -367, 142, 138, -696, -164, 15216
42308, -369, 183, 143, -872, -152, 14984
42318, -404, 163, 147, 2476, -28, 11992
42328, -332, 221, 111, -1484, -248, 15780
42338, -335, 163, 111, -568, -176, 14916
42348, -341, 115, 133, -704, -16, 15048
42358, -352, 97, 131, -784, -156, 15212
42368, -351, 124, 106, -876, -228, 15104
42378, -344, 134, 128, -904, -240, 15120
42388, -331, 95, 117, -788, -300, 14976
42398, -358, 115, 119, -720, -192, 15008
42408, -364, 116, 97, -892, -224, 15084
42418, -329, 117, 110, -872, -192, 15080
42428, -335, 140, 128, -820, -224, 15196
42438, -343, 117, 116, -904, -148, 15108
42448, -330, 97, 116, -904, -168, 15080
42458, -349, 119, 101, -760, -328, 14964
42468, -361, 115, 119, -916, -100, 15180
42478, -341, 108, 100, -752, -148, 15092
42488, -351, 111, 148, -792, -144, 15300
42498, -351, 121, 111, -900, -216, 15124
42508, -351, 133, 138, -924, -172, 15076
42518, -355, 112, 137, -816, -252, 15164
42528, -365, 109, 122, -840, -200, 15176
42538, -367, 116, 146, -836, -268, 15084
42548, -345, 104, 135, -824, -188, 15156
42558, -355, 125, 152, -820, -160, 15180
42568, -376, 140, 124, -808, -216, 14988
42578, -363, 173, 141, -812, -108, 15092
42588, -360, 115, 154, -784, -212, 15236
42598, -343, 132, 137, -836, -124, 15200
42608, -347, 139, 130, -900, -208, 15068
42618, -353, 134, 131, -700, -112, 14948
42628, -354, 121, 117, -816, -108, 15172
42638, -374, 127, 154, -784, -252, 15152
42648, -364, 123, 145, -752, -176, 15216
42658, -352, 120, 164, -840, -240, 15144
42668, -364, 133, 134, -872, -176, 15160
42678, -352, 128, 125, -876, -220, 14960
42688, -366, 101, 144, -840, -164, 14996
42698, -368, 118, 140, -804, -268, 15192
42708, -358, 120, 150, -868, -200, 15088
42718, -345, 98, 132, -920, -172, 15192
42728, -351, 132, 156, -888, -116, 15128
42738, -373, 132, 150, -932, -192, 15224
42748, -361, 136, 149, -860, -148, 15140
42758, -359, 122, 152, -940, -208, 15148
42768, -349, 122, 160, -860, -192, 15296
42778, -356, 129, 157, -880, -176, 15124
42788, -353, 124, 152, -772, -148, 15288
42798, -331, 133, 145, -872, -180, 15204
42808, -362, 124, 130, -984, -152, 15220
42818, -365, 120, 127, -816, -284, 14988
42828, -358, 128, 126, -852, -232, 15072
42838, -352, 105, 136, -856, -296, 15104
42848, -348, 108, 143, -820, -216, 15128
42858, -344, 139, 126, -828, -196, 15300
42868, -359, 105, 138, -876, -156, 15164
42878, -370, 120, 164, -868, -176, 15012
42888, -353, 133, 144, -976, -172, 15120
42898, -359, 106, 143, -720, -232, 15244
42908, -357, 142, 138, -924, -316, 15072
42918, -362, 131, 139, -928, -116, 15156
42928, -347, 111, 134, -716, -204, 15208
42938, -368, 136, 127, -780, -184, 15064
42948, -364, 124, 154, -856, -244, 15108
42958, -350, 125, 145, -784, -156, 15124
42968, -362, 112, 134, -828, -200, 15212
42978, -374, 119, 126, -888, -220, 15132
42988, -375, 141, 158, -768, -164, 15100
42998, -341, 108, 116, -804, -268, 15152
43008, -358, 99, 143, -860, -212, 15104
43018, -363, 111, 121, -860, -188, 15184
43028, -372, 125, 138, -840, -172, 15248
43038, -360, 125, 128, -776, -264, 15104
43048, -387, 123, 122, -832, -152, 15168
43058, -353, 137, 150, -904, -184, 15132
43068, -365, 130, 162, -772, -288, 15272
43078, -365, 113, 150, -856, -196, 15136
43088, -360, 112, 146, -884, -192, 15160
43098, -347, 137, 140, -876, -224, 15052
43108, -335, 121, 149, -836, -172, 15128
43118, -350, 126, 152, -860, -172, 15148
43128, -345, 146, 131, -832, -168, 15016
43138, -360, 126, 160, -804, -220, 14968
43148, -362, 127, 143, -820, -140, 15172
43158, -373, 109, 139, -872, -152, 15204
43168, -350, 127, 162, -888, -16, 15244
43178, -357, 144, 154, -796, -216, 15292
43188, -365, 98, 149, -884, -184, 15136
43198, -364, 129, 138, -900, -108, 15228
43208, -363, 117, 140, -848, -208, 15188
43218, -339, 133, 131, -788, -200, 15168
43228, -360, 131, 139, -884, -252, 15120
43238, -357, 131, 119, -756, -272, 15032
43248, -354, 129, 144, -916, -200, 15172
43258, -346, 120, 160, -772, -196, 15016
43268, -340, 142, 143, -840, -208, 14964
43278, -364, 111, 144, -808, -112, 14976
43288, -364, 128, 145, -876, -220, 15120
43298, -371, 111, 145, -760, -176, 15160
43308, -348, 133, 135, -972, -60, 15092
43318, -358, 123, 140, -856, -216, 15076
43328, -358, 104, 130, -844, -216, 15152
43338, -371, 120, 143, -816, -180, 15068
43348, -360, 117, 135, -872, -248, 15048
43358, -358, 127, 135, -772, -224, 15044
43368, -340, 128, 126, -904, -96, 14992
43378, -363, 125, 129, -916, -224, 15084
43388, -361, 134, 141, -892, -124, 15164
43398, -346, 119, 153, -788, -204, 15020
43408, -349, 132, 133, -848, -220, 15180
43418, -368, 145, 111, -804, -264, 15188
43428, -360, 113, 132, -776, -196, 15128
43438, -360, 121, 117, -888, -268, 15080
43448, -353, 119, 128, -860, -216, 15268
43458, -346, 114, 138, -848, -144, 15144
43468, -359, 115, 142, -808, -224, 15148
43478, -355, 133, 137, -860, -148, 15240
43488, -345, 105, 120, -760, -128, 15148
43498, -371, 115, 146, -844, -156, 15080
43508, -357, 119, 140, -844, -112, 15200
43518, -357, 129, 150, -860, -156, 15200
43528, -353, 105, 133, -884, -220, 15048
43538, -327, 127, 128, -952, -160, 15084
43548, -361, 126, 129, -928, -304, 15072
43558, -358, 137, 147, -876, -212, 15124
43568, -376, 113, 129, -752, -272, 14976
43578, -328, 141, 166, -860, -156, 15012
43588, -359, 124, 148, -752, -220, 15084
43598, -355, 109, 141, -700, -112, 15016
43608, -376, 125, 151, -784, -148, 15104
43618, -373, 119, 149, -728, -168, 15084
43628, -372, 119, 141, -884, -200, 15160
43638, -356, 122, 130, -796, -188, 15180
43648, -358, 117, 134, -852, -248, 15080
43658, -366, 120, 138, -900, -240, 15200
43668, -369, 126, 130, -880, -236, 15048
43678, -374, 124, 147, -820, -128, 15112
43688, -364, 123, 163, -820, -180, 14996
43698, -330, 128, 135, -880, -204, 15052
43708, -361, 117, 141, -880, -204, 15112
43718, -351, 125, 115, -896, -220, 15064
43728, -354, 123, 132, -992, -104, 15148
43738, -329, 122, 124, -980, -236, 15180
43748, -368, 108, 132, -880, -132, 15096
43758, -377, 124, 140, -876, -152, 15032
43768, -359, 123, 134, -828, -276, 15040
43778, -354, 110, 147, -832, -244, 15208
43788, -352, 125, 116, -852, -188, 15064
43798, -362, 127, 149, -904, -284, 15116
43808, -361, 94, 144, -772, -192, 15196
43818, -376, 108, 125, -808, -84, 15188
43828, -356, 131, 142, -880, -212, 15116
43838, -357, 104, 126, -904, -208, 15100
43848, -370, 117, 123, -796, -196, 15168
43858, -342, 98, 141, -908, -220, 15164
43868, -367, 109, 130, -876, -156, 15172
43878, -360, 117, 132, -804, -160, 15108
43888, -356, 121, 160, -796, -192, 15244
43898, -350, 140, 135, -864, -176, 15128
43908, -333, 100, 129, -856, -100, 15120
43918, -353, 130, 121, -836, -196, 15244
43928, -356, 110, 166, -844, -236, 15124
43938, -344, 117, 137, -848, -216, 15144
43948, -372, 129, 140, -792, -104, 15192
43958, -347, 144, 141, -828, -164, 15088
43968, -344, 102, 127, -908, -200, 15080
43978, -354, 111, 130, -912, -132, 14992
43988, -349, 110, 137, -896, -136, 15112
43998, -367, 122, 159, -832, -136, 15156
44008, -345, 129, 136, -824, -180, 15284
44018, -346, 106, 136, -856, -280, 15084
44028, -359, 130, 130, -872, -284, 15064
44038, -362, 135, 113, -824, -164, 15060
44048, -361, 123, 114, -880, -204, 15224
44058, -371, 103, 126, -816, -224, 15276
44068, -361, 114, 139, -884, -120, 15024
44078, -360, 126, 129, -872, -132, 15260
44088, -350, 150, 128, -888, -196, 15140
44098, -343, 122, 123, -816, -192, 15024
44108, -339, 139, 141, -840, -248, 15104
44118, -361, 144, 147, -864, -160, 14972
44128, -364, 116, 119, -832, -192, 15124
44138, -344, 91, 115, -840, -216, 15040
44148, -372, 119, 156, -832, -144, 15092
44158, -345, 131, 124, -772, -180, 15096
44168, -349, 124, 120, -868, -140, 15380
44178, -363, 115, 131, -820, -200, 15224
44188, -329, 132, 131, -876, -228, 15176
44198, -346, 129, 113, -812, -168, 15120
44208, -374, 122, 114, -860, -228, 15156
44218, -349, 111, 137, -756, -176, 15132
44228, -334, 111, 156, -828, -192, 15160
44238, -341, 120, 152, -876, -156, 15064
44248, -363, 110, 130, -816, -136, 15148
44258, -346, 144, 125, -944, -180, 15096
44268, -377, 138, 115, -816, -176, 15124
44278, -348, 135, 129, -860, -172, 15084
44288, -349, 143, 145, -884, -116, 15276
44298, -369, 129, 105, -860, -88, 15076
44308, -361, 132, 113, -880, -200, 15056
44318, -370, 129, 131, -876, -128, 15200
44328, -367, 146, 126, -812, -228, 15100
44338, -375, 143, 137, -796, -168, 15220
44348, -355, 130, 149, -780, -248, 15220
44358, -368, 135, 141, -860, -180, 15284
44368, -370, 131, 117, -784, -176, 15168
44378, -389, 131, 148, -936, -152, 15000
44388, -380, 121, 128, -772, -84, 15140
44398, -380, 124, 126, -908, -184, 15032
44408, -381, 117, 141, -848, -164, 15140
44418, -390, 127, 128, -872, -220, 15160
44428, -393, 150, 146, -812, -212, 15116
