Timestamp_ms,GyroX,GyroY,GyroZ,AccelX,AccelY,AccelZ
18378, -236, -337, 93, -2796, 212, 14252
18388, -367, 199, 167, -848, 16, 14784
18398, -377, 91, 118, -980, -224, 15260
18408, -370, 99, 126, -1064, -224, 15212
18418, -348, 138, 142, -728, -204, 15096
18428, -360, 120, 138, -848, -160, 15064
18438, -358, 121, 131, -844, -92, 15144
18448, -374, 123, 124, -1012, -180, 15132
18458, -369, 128, 143, -884, -168, 15188
18468, -372, 142, 118, -732, -192, 15128
18478, -352, 127, 143, -728, -96, 15156
18488, -345, 107, 111, -1036, -148, 15260
18498, -333, 125, 122, -864, -204, 15104
18508, -353, 138, 128, -860, -280, 15060
18518, -346, 99, 115, -892, -112, 15216
18528, -361, 100, 119, -844, -192, 15132
18538, -343, 119, 153, -864, -236, 15232
18548, -376, 148, 117, -864, -156, 15136
18558, -379, 123, 113, -848, -164, 15136
18568, -350, 137, 131, -880, -208, 15268
18578, -338, 112, 105, -944, -220, 15200
18588, -358, 150, 139, -924, -252, 15056
18598, -357, 111, 124, -864, -148, 15200
18608, -344, 142, 103, -812, -276, 15192
18618, -357, 119, 127, -1004, -272, 15104
18628, -338, 143, 128, -904, -284, 15036
18638, -346, 122, 146, -828, -252, 15084
18648, -363, 134, 140, -760, -80, 15040
18658, -345, 142, 153, -848, -180, 15128
18668, -360, 124, 140, -908, -168, 15156
18678, -363, 103, 142, -840, -192, 15056
18688, -353, 124, 125, -856, -260, 15220
18698, -337, 128, 138, -904, -136, 15172
18708, -346, 123, 135, -944, -200, 14936
18718, -358, 124, 150, -916, -88, 15164
18728, -357, 139, 123, -836, -244, 15256
18738, -358, 139, 118, -892, -224, 15100
18748, -355, 118, 110, -796, -164, 15236
18758, -345, 117, 126, -780, -172, 14972
18768, -347, 125, 140, -864, -92, 15048
18778, -340, 121, 116, -860, -252, 14988
18788, -333, 118, 134, -816, -196, 15044
18798, -356, 111, 135, -756, -248, 15080
18808, -332, 128, 138, -908, -124, 15272
18818, -371, 143, 138, -840, -180, 15076
18828, -332, 108, 121, -868, -108, 15168
18838, -342, 123, 119, -872, -200, 15124
18848, -353, 109, 128, -840, -212, 15016
18858, -355, 126, 144, -864, -172, 15176
18868, -344, 156, 124, -916, -132, 15068
18878, -355, 117, 122, -876, -208, 15068
18888, -366, 97, 108, -860, -252, 15176
18898, -344, 134, 119, -892, -220, 15188
18908, -347, 105, 142, -880, -240, 15204
18918, -350, 104, 130, -740, -192, 14992
18928, -360, 137, 115, -904, -236, 15164
18938, -361, 114, 107, -872, -252, 15188
18948, -353, 98, 132, -924, -188, 15276
18958, -336, 139, 139, -816, -236, 15096
18968, -356, 128, 164, -776, -132, 15052
18978, -369, 106, 128, -976, -156, 15164
18988, -347, 115, 124, -896, -216, 15080
18998, -346, 131, 128, -764, -204, 15100
19008, -333, 118, 122, -936, -108, 15064
19018, -359, 139, 123, -896, -244, 15124
19028, -351, 119, 123, -848, -192, 15096
19038, -357, 121, 134, -860, -164, 14972
19048, -354, 108, 139, -872, -176, 15072
19058, -360, 122, 118, -876, -160, 15160
19068, -362, 120, 119, -944, -148, 15008
19078, -375, 120, 124, -932, -268, 15000
19088, -350, 110, 131, -876, -268, 15244
19098, -354, 98, 125, -892, -240, 15156
19108, -345, 107, 107, -856, -204, 15108
19118, -360, 95, 128, -968, -208, 14972
19128, -348, 120, 154, -788, -176, 15240
19138, -356, 146, 137, -848, -152, 15224
19148, -336, 145, 122, -796, -176, 15080
19158, -359, 108, 144, -828, -280, 15148
19168, -351, 120, 126, -816, -232, 15172
19178, -347, 103, 125, -864, -256, 15020
19188, -346, 145, 135, -852, -124, 15040
19198, -355, 137, 154, -868, -192, 15116
19208, -335, 116, 131, -820, -204, 15256
19218, -357, 98, 136, -872, -216, 15140
19228, -344, 95, 141, -612, -168, 15124
19238, -356, 153, 138, -844, -260, 15112
19248, -347, 85, 136, -1072, -260, 15100
19258, -358, 135, 152, -868, -80, 14940
19268, -384, 190, 142, -808, -216, 15160
19278, -355, 141, 143, -824, -188, 15356
19288, -357, 75, 144, -900, -168, 15144
19298, -375, 150, 149, -716, -204, 15152
19308, -331, 161, 134, -728, -268, 15016
19318, -376, 131, 133, -760, -260, 15000
19328, -369, 107, 129, -872, -224, 15148
19338, -371, 104, 144, -1024, -204, 15128
19348, -356, 120, 155, -800, -172, 15152
19358, -383, 154, 147, -792, -204, 15084
19368, -369, 134, 212, -808, -252, 15060
19378, -379, 137, 216, -664, -204, 15192
19388, -376, 166, 272, -744, -88, 15068
19398, -381, 172, 292, -840, -144, 15188
19408, -345, 124, 329, -948, -148, 15228
19418, -358, 98, 319, -928, -168, 15044
19428, -371, 124, 309, -900, -64, 15264
19438, -379, 106, 336, -848, -28, 15184
19448, -390, 99, 325, -840, -168, 15156
19458, -380, 114, 407, -848, -136, 15008
19468, -389, 144, 393, -740, -132, 15276
19478, -368, 121, 354, -856, -408, 15216
19488, -370, 86, 349, -888, -212, 15180
19498, -372, 100, 364, -848, -200, 15164
19508, -378, 105, 349, -864, -324, 15096
19518, -340, 89, 358, -908, -248, 15108
19528, -376, 75, 342, -992, -272, 15064
19538, -372, 98, 304, -924, -220, 15160
19548, -377, 101, 284, -768, -236, 15096
19558, -371, 91, 303, -796, -88, 15116
19568, -350, 87, 264, -876, -252, 15084
19578, -361, 75, 240, -872, -272, 15176
19588, -338, 86, 215, -928, -244, 15216
19598, -373, 126, 188, -928, -208, 15228
19608, -345, 158, 172, -856, -280, 15192
19618, -356, 137, 174, -844, -184, 15128
19628, -348, 128, 156, -780, -204, 15052
19638, -333, 116, 149, -828, -200, 15092
19648, -357, 140, 175, -856, -192, 15080
19658, -370, 114, 150, -940, -188, 15084
19668, -343, 137, 175, -904, -204, 15048
19678, -370, 127, 161, -836, -156, 15092
19688, -361, 130, 155, -808, -172, 15124
19698, -347, 116, 160, -940, -188, 15324
19708, -354, 110, 162, -872, -148, 15172
19718, -347, 137, 149, -836, -176, 15244
19728, -324, 139, 128, -796, -184, 15080
19738, -350, 145, 142, -968, -192, 15128
19748, -356, 153, 111, -872, -112, 15080
19758, -338, 147, 147, -1048, -252, 15152
19768, -373, 125, 132, -888, -140, 15188
19778, -328, 117, 144, -948, -220, 15072
19788, -369, 130, 133, -856, -220, 15188
19798, -338, 121, 119, -920, -212, 15108
19808, -352, 134, 123, -860, -144, 15132
19818, -379, 116, 148, -948, -192, 14944
19828, -363, 140, 132, -796, -160, 15252
19838, -347, 151, 145, -956, -128, 15116
19848, -368, 121, 138, -836, -272, 15188
19858, -365, 116, 124, -836, -240, 15092
19868, -345, 126, 124, -884, -196, 15204
19878, -359, 110, 128, -852, -260, 15120
19888, -335, 106, 131, -912, -212, 15220
19898, -351, 113, 142, -840, -148, 15168
19908, -332, 102, 137, -916, -192, 15152
19918, -352, 107, 144, -828, -188, 15172
19928, -348, 111, 118, -920, -216, 15120
19938, -351, 107, 127, -828, -180, 15176
19948, -340, 126, 119, -916, -240, 15076
19958, -352, 118, 135, -892, -336, 15124
19968, -349, 133, 133, -908, -136, 15172
19978, -368, 88, 146, -880, -220, 15128
19988, -350, 134, 128, -896, -236, 15104
19998, -339, 103, 138, -912, -152, 15120
20008, -356, 131, 149, -844, -204, 15152
20018, -354, 122, 127, -868, -236, 15196
20028, -358, 131, 114, -964, -156, 15172
20038, -351, 109, 125, -956, -164, 15104
20048, -343, 121, 125, -836, -168, 15200
20058, -360, 146, 148, -860, -216, 14996
20068, -332, 116, 117, -804, -252, 15052
20078, -346, 117, 136, -1048, -164, 15100
20088, -376, 133, 116, -908, -268, 14936
20098, -358, 136, 127, -852, -232, 15168
20108, -357, 133, 109, -960, -196, 15100
20118, -334, 142, 148, -916, -220, 15228
20128, -382, 131, 131, -916, -244, 15196
20138, -352, 126, 125, -916, -196, 15128
20148, -362, 112, 143, -796, -124, 15068
20158, -366, 105, 128, -968, -84, 15080
20168, -349, 155, 121, -864, -152, 15260
20178, -344, 131, 132, -856, -152, 15156
20188, -326, 132, 121, -796, -192, 14992
20198, -343, 133, 149, -912, -124, 15136
20208, -339, 101, 136, -848, -164, 15088
20218, -366, 119, 129, -860, -220, 15108
20228, -352, 102, 121, -916, -196, 15136
20238, -355, 137, 146, -892, -236, 15184
20248, -367, 133, 149, -860, -164, 15172
20258, -361, 137, 129, -824, -148, 15096
20268, -355, 95, 117, -896, -264, 15264
20278, -342, 129, 121, -860, -148, 15136
20288, -360, 114, 123, -944, -168, 15084
20298, -339, 122, 148, -876, -164, 15116
20308, -343, 141, 125, -908, -216, 15120
20318, -366, 142, 129, -868, -208, 15260
20328, -340, 133, 151, -820, -156, 14952
20338, -362, 238, 129, -696, -180, 15288
20348, -356, 181, 148, -708, -216, 15228
20358, -359, 193, 212, -716, -148, 15072
20368, -379, 173, 231, -808, -176, 15292
20378, -373, 184, 305, -820, -276, 15224
20388, -371, 168, 330, -752, -276, 15224
20398, -407, 154, 341, -872, -148, 15036
20408, -400, 156, 436, -548, -268, 15100
20418, -411, 159, 583, -752, -296, 15200
20428, -423, 171, 752, -632, -196, 15248
20438, -429, 197, 693, -812, -176, 15080
20448, -401, 108, 639, -1068, -132, 15112
20458, -400, 93, 588, -1076, -176, 15172
20468, -421, 173, 568, -564, -192, 15120
20478, -410, 77, 450, -1276, -260, 15284
20488, -432, 143, 494, -564, -296, 15096
20498, -441, 70, 615, -828, -284, 15092
20508, -511, -79, 776, -716, -96, 15128
20518, -574, -125, 700, -1176, 32, 15104
20528, -528, -37, 527, -1008, -144, 15060
20538, -497, -75, 478, -992, -228, 15116
20548, -425, 9, 324, -1016, -300, 15136
20558, -362, 48, 225, -1064, -216, 14988
20568, -364, 127, 185, -760, -252, 15124
20578, -396, 83, 220, -880, -236, 15172
20588, -400, 97, 195, -892, -272, 15164
20598, -485, 10, 305, -812, -172, 15232
20608, -510, 27, 337, -892, -212, 15044
20618, -499, 43, 340, -776, -260, 15240
20628, -524, 93, 322, -912, -208, 15096
20638, -488, 84, 310, -872, -176, 15096
20648, -437, 114, 220, -960, -220, 15144
20658, -454, 206, 232, -728, -192, 15200
20668, -512, 249, 259, -708, -212, 15232
20678, -516, 230, 303, -816, -232, 15380
20688, -577, 283, 298, -944, -240, 15312
20698, -632, 353, 301, -932, -220, 15208
20708, -558, 405, 248, -856, -324, 15100
20718, -541, 139, 234, -1000, -292, 15276
20728, -470, 131, 266, -924, -212, 14944
20738, -423, 37, 211, -920, -272, 15208
20748, -399, -12, 222, -948, -256, 15200
20758, -388, -85, 204, -912, -156, 15196
20768, -334, -34, 156, -992, -416, 15176
20778, -349, 21, 134, -828, -320, 15164
20788, -396, 176, 146, -760, -196, 15276
20798, -436, 264, 169, -784, -272, 15168
20808, -461, 282, 207, -784, -280, 15316
20818, -454, 358, 227, -728, -244, 15236
20828, -406, 247, 199, -972, -212, 14940
20838, -366, 156, 217, -948, -332, 14964
20848, -347, 32, 170, -1000, -272, 15116
20858, -348, -66, 162, -920, -300, 15132
20868, -356, -3, 138, -848, -192, 15208
20878, -371, 86, 127, -796, -252, 15216
20888, -430, 71, 155, -912, -148, 15168
20898, -393, 97, 145, -804, -272, 15044
20908, -373, 75, 122, -872, -224, 15120
20918, -316, 19, 130, -940, -360, 15108
20928, -316, -19, 81, -868, -168, 15076
20938, -268, -57, 125, -856, -288, 15108
20948, -267, -76, 112, -864, -288, 15192
20958, -287, -77, 143, -824, -260, 15116
20968, -262, -85, 110, -868, -280, 15052
20978, -249, -19, 80, -940, -276, 15008
20988, -225, -13, 60, -816, -328, 15044
20998, -224, -1, 60, -836, -312, 15172
21008, -237, 22, 70, -760, -256, 15164
21018, -202, 32, 90, -828, -240, 15156
21028, -178, 9, 31, -828, -248, 14800
21038, -128, 75, 14, -876, -184, 15120
21048, -157, 77, 23, -760, -132, 15248
21058, -173, 92, 49, -848, -208, 15272
21068, -208, 129, 37, -740, -304, 15188
21078, -236, 171, 29, -788, -184, 15412
21088, -222, 161, 28, -864, -196, 15104
21098, -190, 217, 21, -956, -164, 15152
21108, -206, 249, -24, -808, -292, 15096
21118, -202, 245, -14, -872, -264, 15160
21128, -209, 245, 2, -796, -252, 15276
21138, -245, 214, 18, -940, -224, 15208
21148, -244, 223, 38, -824, -320, 15236
21158, -241, 209, 56, -824, -116, 15080
21168, -277, 198, 69, -900, -180, 15192
21178, -268, 204, 64, -860, -216, 15068
21188, -288, 184, 84, -908, -192, 15096
21198, -304, 203, 65, -940, -168, 15124
21208, -291, 214, 55, -856, -144, 15148
21218, -298, 187, 39, -940, -168, 14924
21228, -238, 177, -52, -1112, -220, 14952
21238, -255, 178, -130, -664, -184, 15180
21248, -292, 135, -56, -684, -148, 15048
21258, -346, 146, 7, -800, -256, 15104
21268, -295, 169, 50, -872, -156, 15056
21278, -308, 135, 69, -844, -216, 15256
21288, -342, 142, 111, -840, -232, 15120
21298, -331, 142, 118, -808, -272, 15136
21308, -328, 148, 119, -832, -224, 15044
21318, -346, 119, 91, -892, -216, 15064
21328, -369, 127, 132, -816, -268, 15120
21338, -350, 135, 110, -948, -300, 15200
21348, -352, 117, 122, -876, -84, 15084
21358, -336, 151, 105, -876, -212, 15164
21368, -366, 136, 137, -808, -232, 15096
21378, -337, 113, 126, -872, -152, 15084
21388, -321, 133, 125, -940, -184, 15132
21398, -368, 139, 134, -824, -192, 15032
21408, -344, 127, 129, -920, -196, 15108
21418, -349, 114, 134, -824, -224, 15068
21428, -328, 134, 127, -900, -96, 15252
21438, -359, 109, 117, -968, -288, 15196
21448, -347, 149, 125, -948, -164, 15164
21458, -357, 113, 127, -920, -144, 15104
21468, -386, 115, 148, -820, -188, 15148
21478, -362, 126, 125, -876, -296, 15096
21488, -335, 118, 138, -864, -288, 15140
21498, -352, 145, 141, -904, -176, 15280
21508, -328, 114, 130, -944, -148, 15120
21518, -352, 128, 153, -976, -200, 15112
21528, -329, 112, 136, -960, -184, 15004
21538, -356, 109, 124, -952, -204, 15188
21548, -342, 119, 118, -840, -192, 15136
21558, -323, 122, 122, -920, -148, 15064
21568, -351, 132, 118, -924, -232, 15148
21578, -345, 119, 119, -976, -120, 14972
21588, -336, 112, 121, -820, -196, 15112
21598, -355, 158, 125, -852, -224, 15268
21608, -327, 111, 163, -852, -160, 15076
21618, -349, 103, 136, -872, -208, 15140
21628, -334, 124, 99, -952, -220, 15128
21638, -367, 128, 127, -880, -220, 15072
21648, -350, 130, 137, -952, -152, 15172
21658, -318, 152, 137, -856, -260, 15080
21668, -346, 117, 123, -852, -200, 15124
21678, -338, 144, 123, -880, -156, 15164
21688, -349, 127, 126, -880, -112, 15196
21698, -354, 132, 154, -764, -144, 15052
21708, -314, 118, 121, -832, -164, 15156
21718, -363, 110, 124, -880, -204, 15136
21728, -360, 138, 110, -896, -76, 15132
21738, -370, 145, 133, -836, -260, 15108
21748, -344, 119, 142, -796, -244, 15100
21758, -340, 114, 124, -908, -168, 15196
21768, -342, 130, 148, -864, -168, 15076
21778, -354, 110, 134, -896, -168, 15152
21788, -352, 100, 136, -804, -188, 15120
21798, -345, 121, 112, -936, -344, 15164
21808, -350, 120, 129, -864, -216, 15148
21818, -324, 134, 131, -796, -64, 15252
21828, -333, 126, 129, -912, -136, 15188
21838, -337, 113, 128, -880, -204, 15004
21848, -333, 110, 128, -904, -236, 15184
21858, -370, 112, 125, -820, -200, 15000
21868, -362, 110, 117, -720, -196, 15092
21878, -357, 114, 124, -828, -156, 15112
21888, -323, 138, 134, -832, -304, 15080
21898, -354, 116, 123, -912, -200, 14960
21908, -341, 151, 143, -916, -184, 15204
21918, -362, 133, 152, -844, -168, 15080
21928, -321, 140, 107, -852, -264, 15056
21938, -356, 127, 131, -824, -244, 15272
21948, -323, 116, 135, -856, -268, 15216
21958, -349, 117, 116, -872, -236, 15072
21968, -356, 124, 140, -924, -204, 15172
21978, -340, 117, 138, -900, -108, 15076
21988, -365, 106, 123, -860, -116, 15076
21998, -345, 103, 159, -828, -132, 15288
22008, -354, 87, 139, -828, -244, 15156
22018, -346, 112, 149, -836, -124, 15036
22028, -376, 102, 113, -972, -232, 15112
22038, -347, 137, 128, -860, -204, 15120
22048, -344, 118, 135, -856, -288, 15120
22058, -345, 102, 143, -976, -224, 15224
22068, -356, 115, 104, -868, -188, 15140
22078, -362, 123, 132, -908, -200, 15200
22088, -355, 143, 127, -880, -200, 15124
22098, -346, 134, 114, -996, -196, 15080
22108, -356, 120, 124, -848, -168, 15300
22118, -372, 110, 121, -848, -228, 15012
22128, -361, 113, 167, -780, -212, 15136
22138, -348, 113, 121, -800, -184, 15296
22148, -351, 127, 145, -848, -248, 15088
22158, -361, 122, 137, -820, -232, 15152
22168, -337, 110, 129, -872, -252, 15172
22178, -368, 148, 132, -836, -228, 15276
22188, -329, 109, 143, -864, -180, 15336
22198, -352, 75, 148, -828, -224, 15160
22208, -380, 148, 137, -800, -132, 14988
22218, -350, 91, 152, -800, -224, 15088
22228, -342, 136, 107, -876, -160, 15028
22238, -373, 140, 149, -840, -152, 15072
22248, -370, 111, 132, -868, -132, 15116
22258, -336, 133, 145, -856, -164, 15172
22268, -331, 126, 128, -936, -140, 15140
22278, -321, 114, 122, -848, -144, 15180
22288, -338, 109, 126, -876, -228, 15172
22298, -356, 101, 147, -952, -180, 15116
22308, -352, 117, 125, -876, -168, 14996
22318, -368, 133, 130, -936, -268, 15096
22328, -357, 121, 139, -856, -152, 14968
22338, -355, 120, 124, -932, -96, 15164
22348, -317, 113, 135, -880, -208, 15264
22358, -337, 137, 132, -920, -108, 15336
22368, -349, 115, 141, -924, -224, 15040
22378, -344, 115, 123, -796, -120, 15180
22388, -353, 107, 125, -900, -188, 15044
22398, -361, 128, 117, -920, -228, 15224
22408, -360, 95, 125, -872, -168, 15192
22418, -378, 121, 137, -940, -188, 15212
22428, -343, 83, 125, -840, -192, 14972
22438, -353, 129, 144, -852, -136, 15008
22448, -336, 105, 140, -912, -228, 15132
22458, -330, 126, 123, -924, -128, 15188
22468, -351, 119, 105, -936, -132, 15312
22478, -349, 116, 116, -832, -156, 15196
22488, -350, 156, 125, -848, -220, 15096
22498, -331, 144, 122, -800, -136, 14964
22508, -340, 112, 150, -888, -244, 15060
22518, -366, 149, 136, -772, -180, 15184
22528, -325, 123, 123, -900, -196, 15208
22538, -350, 113, 116, -956, -296, 14960
22548, -364, 142, 129, -836, -224, 15124
22558, -357, 141, 125, -1000, -164, 15208
22568, -349, 103, 125, -864, -240, 15144
22578, -340, 117, 130, -824, -176, 15172
22588, -327, 124, 118, -900, -164, 15068
22598, -341, 112, 139, -952, -228, 15236
22608, -355, 107, 135, -824, -160, 15232
22618, -350, 121, 150, -932, -164, 15120
22628, -353, 106, 130, -812, -176, 15076
22638, -363, 110, 148, -936, -80, 15156
22648, -347, 127, 131, -872, -236, 15032
22658, -376, 101, 130, -904, -152, 14960
22668, -346, 111, 121, -772, -196, 15132
22678, -346, 111, 124, -912, -212, 15200
22688, -357, 111, 125, -976, -288, 15148
22698, -364, 134, 140, -788, -228, 15112
22708, -342, 135, 118, -796, -152, 15060
22718, -365, 120, 97, -920, -216, 15060
22728, -348, 108, 123, -864, -260, 15172
22738, -321, 135, 145, -708, -176, 15084
22748, -353, 140, 137, -824, -144, 15224
22758, -368, 143, 108, -772, -268, 15164
22768, -347, 122, 138, -816, -188, 15112
22778, -344, 144, 131, -896, -256, 15112
22788, -336, 128, 148, -904, -256, 15220
22798, -363, 162, 148, -856, -140, 14980
22808, -348, 135, 122, -888, -184, 15072
22818, -352, 105, 131, -896, -152, 15136
22828, -372, 124, 122, -936, -188, 15148
22838, -349, 114, 135, -924, -228, 15208
22848, -362, 138, 115, -896, -236, 15132
22858, -341, 99, 121, -888, -228, 15024
22868, -337, 129, 123, -836, -164, 15008
22878, -350, 116, 160, -904, -268, 15164
22888, -361, 142, 139, -888, -192, 15192
22898, -327, 93, 136, -820, -180, 15188
22908, -375, 133, 131, -904, -236, 15108
22918, -383, 145, 138, -904, -260, 14964
22928, -371, 95, 141, -860, -176, 14988
22938, -328, 119, 125, -916, -168, 15220
22948, -336, 121, 120, -864, -216, 15220
22958, -349, 104, 137, -848, -236, 15268
22968, -360, 94, 111, -912, -300, 15060
22978, -358, 108, 126, -888, -152, 15304
22988, -342, 130, 114, -900, -276, 15092
22998, -372, 129, 127, -904, -136, 15164
23008, -351, 120, 114, -1012, -236, 15004
23018, -339, 115, 119, -816, -108, 15120
23028, -364, 127, 121, -768, -196, 15168
23038, -342, 100, 143, -880, -216, 15232
23048, -344, 126, 131, -912, -256, 15156
23058, -342, 140, 155, -828, -260, 15184
23068, -327, 126, 137, -908, -128, 15312
23078, -361, 96, 125, -744, -136, 15192
23088, -352, 119, 120, -796, -172, 15108
23098, -346, 94, 147, -848, -216, 15084
23108, -357, 122, 119, -796, -184, 15168
23118, -367, 110, 111, -908, -208, 15032
23128, -357, 113, 130, -760, -124, 15172
23138, -359, 110, 126, -892, -112, 15164
23148, -349, 119, 137, -948, -248, 15132
23158, -346, 103, 119, -840, -224, 15160
23168, -369, 121, 143, -792, -144, 15164
23178, -340, 113, 128, -904, -192, 15212
23188, -349, 126, 121, -828, -232, 15172
23198, -337, 128, 128, -804, -260, 15072
23208, -340, 114, 155, -780, -184, 15112
23218, -378, 105, 108, -760, -224, 15164
23228, -332, 121, 133, -784, -200, 15276
23238, -336, 117, 119, -864, -148, 15156
23248, -318, 132, 114, -856, -148, 15120
23258, -338, 141, 101, -880, -104, 15068
23268, -328, 132, 142, -880, -192, 15240
23278, -345, 128, 132, -832, -188, 15120
23288, -338, 118, 147, -956, -216, 15020
23298, -342, 115, 147, -820, -192, 15048
23308, -350, 123, 148, -920, -276, 15248
23318, -341, 120, 135, -856, -212, 15124
23328, -382, 106, 125, -928, -228, 15220
23338, -328, 125, 127, -896, -152, 15072
23348, -333, 98, 128, -844, -244, 15260
23358, -350, 90, 154, -804, -220, 15156
23368, -346, 139, 126, -844, -156, 15184
23378, -372, 127, 131, -772, -132, 15172
23388, -348, 141, 131, -928, -200, 15304
23398, -362, 101, 125, -884, -160, 15224
23408, -334, 125, 116, -900, -228, 15116
23418, -347, 129, 129, -804, -160, 15328
23428, -369, 143, 133, -900, -224, 15200
23438, -355, 141, 130, -844, -116, 15032
23448, -346, 124, 160, -760, -236, 15248
23458, -360, 90, 126, -880, -220, 15008
23468, -367, 135, 125, -808, -268, 15184
23478, -347, 110, 146, -896, -260, 15148
23488, -342, 129, 154, -892, -216, 15180
23498, -364, 129, 102, -904, -216, 15112
23508, -341, 137, 141, -932, -232, 15152
23518, -360, 147, 148, -864, -240, 15000
23528, -365, 127, 113, -968, -240, 15068
23538, -355, 111, 143, -1004, -184, 14992
23548, -369, 122, 118, -892, -244, 15032
23558, -343, 119, 135, -924, -252, 15100
23568, -363, 137, 112, -948, -232, 15072
23578, -336, 128, 130, -896, -164, 15164
23588, -365, 131, 142, -876, -216, 15092
23598, -341, 115, 145, -860, -200, 15052
23608, -358, 110, 122, -892, -248, 15092
23618, -358, 134, 131, -812, -264, 15152
23628, -348, 116, 120, -888, -184, 15276
23638, -359, 131, 138, -776, -232, 15200
23648, -348, 128, 133, -852, -216, 15216
23658, -343, 133, 127, -920, -228, 15220
23668, -369, 145, 142, -840, -168, 15088
23678, -323, 107, 132, -848, -164, 15156
23688, -350, 116, 128, -912, -108, 15188
23698, -355, 105, 122, -848, -260, 15160
23708, -333, 136, 138, -912, -160, 15104
23718, -376, 112, 134, -868, -224, 15060
23728, -342, 144, 114, -860, -248, 15164
23738, -345, 97, 125, -916, -280, 15112
23748, -321, 108, 117, -804, -244, 15164
23758, -356, 111, 126, -848, -212, 15148
23768, -342, 128, 153, -832, -216, 15124
23778, -369, 132, 116, -852, -288, 15116
23788, -348, 114, 113, -816, -268, 15100
23798, -310, 121, 125, -956, -100, 15088
23808, -355, 133, 129, -948, -164, 14960
23818, -374, 93, 145, -932, -204, 15224
23828, -347, 138, 124, -892, -112, 15112
23838, -337, 133, 136, -860, -192, 15148
23848, -355, 124, 139, -832, -192, 15264
23858, -312, 112, 127, -920, -240, 15280
23868, -345, 97, 118, -860, -260, 15116
23878, -340, 104, 133, -876, -168, 15216
23888, -376, 105, 132, -944, -112, 15128
23898, -356, 112, 111, -872, -172, 15108
23908, -341, 112, 118, -856, -184, 15092
23918, -371, 127, 137, -940, -204, 14944
23928, -345, 137, 128, -948, -252, 15284
23938, -358, 121, 136, -872, -236, 15032
23948, -324, 122, 132, -884, -152, 15256
23958, -349, 81, 138, -792, -200, 15104
23968, -344, 135, 120, -868, -256, 15136
23978, -362, 134, 117, -872, -236, 15232
23988, -363, 114, 131, -920, -120, 15088
23998, -328, 113, 111, -932, -188, 15188
24008, -346, 92, 122, -944, -148, 15104
24018, -367, 134, 111, -896, -220, 15200
24028, -352, 128, 142, -848, -144, 15216
24038, -346, 158, 127, -872, -124, 14912
24048, -361, 121, 146, -924, -220, 15228
24058, -339, 125, 132, -800, -172, 15220
24068, -367, 137, 151, -808, -164, 15288
24078, -342, 139, 128, -908, -244, 14992
24088, -362, 112, 129, -912, -136, 15036
24098, -371, 144, 128, -768, -188, 15032
24108, -347, 108, 124, -748, -176, 15180
24118, -352, 121, 149, -904, -148, 15096
24128, -351, 109, 164, -904, -264, 15076
24138, -367, 126, 130, -832, -104, 15180
24148, -351, 119, 142, -1036, -140, 15060
24158, -358, 129, 146, -840, -112, 15024
24168, -342, 130, 126, -876, -168, 14976
24178, -351, 119, 132, -924, -252, 15156
24188, -352, 124, 156, -868, -132, 15128
24198, -368, 133, 103, -828, -116, 15236
24208, -350, 101, 129, -868, -244, 15172
24218, -342, 111, 131, -856, -192, 15184
24228, -357, 118, 134, -904, -100, 15120
24238, -349, 114, 133, -908, -152, 15196
24248, -388, 123, 141, -848, -188, 15180
24258, -353, 114, 134, -872, -200, 15172
24268, -341, 137, 120, -812, -176, 15056
24278, -351, 149, 126, -880, -200, 15188
24288, -331, 107, 122, -876, -196, 15216
24298, -349, 136, 119, -904, -172, 15204
24308, -368, 145, 144, -768, -280, 15096
24318, -335, 147, 130, -940, -188, 15172
24328, -346, 124, 134, -820, -108, 15172
24338, -335, 115, 125, -940, -228, 15164
24348, -336, 125, 119, -808, -152, 15216
24358, -355, 132, 136, -828, -180, 15084
24368, -347, 124, 123, -784, -248, 15068
24378, -344, 131, 149, -784, -276, 15112
24388, -348, 108, 113, -848, -124, 15196
24398, -335, 136, 128, -776, -200, 15204
24408, -347, 117, 104, -936, -256, 15164
24418, -337, 99, 125, -908, -228, 15204
24428, -377, 118, 113, -884, -176, 15072
24438, -388, 133, 142, -908, -172, 15064
24448, -348, 146, 136, -888, -300, 15224
24458, -357, 126, 132, -952, -200, 15204
24468, -352, 120, 140, -912, -152, 15052
24478, -346, 94, 102, -904, -156, 15080
24488, -341, 123, 138, -896, -260, 15148
24498, -377, 132, 146, -836, -120, 15136
24508, -357, 114, 141, -840, -160, 15188
24518, -356, 120, 109, -880, -280, 15304
24528, -338, 113, 119, -960, -296, 15084
24538, -328, 134, 120, -924, -132, 15232
24548, -354, 140, 139, -968, -224, 15080
24558, -354, 93, 117, -824, -236, 15144
24568, -324, 87, 148, -940, -348, 15100
24578, -354, 119, 127, -824, -164, 15008
24588, -328, 125, 137, -924, -196, 15184
24598, -346, 133, 112, -824, -204, 15100
24608, -362, 108, 126, -844, -280, 14984
24618, -361, 117, 137, -844, -304, 15116
24628, -339, 114, 118, -868, -268, 15212
24638, -347, 121, 133, -832, -140, 15076
24648, -354, 152, 120, -808, -172, 15056
24658, -376, 126, 144, -896, -300, 15220
24668, -354, 112, 137, -828, -232, 15236
24678, -352, 105, 136, -888, -268, 15152
24688, -339, 105, 135, -888, -224, 15240
24698, -338, 120, 116, -852, -160, 15216
24708, -331, 145, 136, -844, -240, 15216
24718, -338, 108, 136, -832, -256, 15072
24728, -349, 81, 142, -924, -164, 15176
24738, -370, 123, 154, -892, -176, 15148
24748, -352, 123, 128, -832, -272, 15228
24758, -337, 122, 122, -804, -212, 15052
24768, -307, 122, 155, -912, -180, 15444
24778, -348, 98, 121, -812, -180, 15096
24788, -362, 118, 142, -864, -156, 15064
24798, -361, 143, 129, -964, -112, 15108
24808, -363, 125, 123, -824, -136, 15116
24818, -341, 137, 138, -900, -76, 15112
24828, -385, 117, 142, -872, -116, 15164
24838, -360, 142, 128, -844, -228, 15208
24848, -342, 125, 139, -920, -220, 15144
24858, -373, 115, 132, -784, -196, 15008
24868, -362, 115, 123, -860, -160, 15240
24878, -358, 118, 104, -952, -112, 15084
24888, -370, 141, 136, -904, -140, 15060
24898, -333, 106, 115, -828, -244, 15088
24908, -351, 124, 127, -944, -172, 15152
24918, -355, 142, 135, -888, -240, 15172
24928, -358, 124, 127, -908, -184, 15116
24938, -347, 135, 143, -880, -252, 15108
24948, -357, 121, 113, -832, -92, 15124
24958, -348, 143, 130, -888, -232, 15164
24968, -347, 109, 140, -812, -220, 15188
24978, -351, 104, 133, -856, -216, 15316
24988, -354, 117, 137, -836, -152, 15040
24998, -348, 107, 126, -820, -152, 15232
25008, -334, 85, 112, -872, -180, 15000
25018, -334, 130, 130, -760, -128, 15096
25028, -359, 109, 136, -900, -148, 15144
25038, -350, 121, 139, -972, -192, 15120
25048, -357, 128, 140, -888, -184, 14936
25058, -354, 139, 130, -900, -128, 15064
25068, -363, 119, 142, -980, -136, 15144
25078, -362, 106, 135, -836, -204, 15144
25088, -345, 130, 137, -868, -140, 15168
25098, -327, 137, 140, -772, -180, 15108
25108, -354, 158, 146, -952, -224, 15032
25118, -354, 131, 133, -920, -292, 15164
25128, -363, 137, 148, -776, -112, 15100
25138, -326, 118, 143, -976, -168, 15160
25148, -353, 125, 142, -836, -176, 15052
25158, -350, 119, 125, -816, -260, 15132
25168, -354, 98, 155, -804, -144, 15156
25178, -364, 136, 158, -884, -148, 15104
25188, -349, 104, 142, -872, -144, 15168
25198, -365, 112, 127, -856, -248, 14976
25208, -349, 130, 135, -928, -180, 15212
25218, -368, 108, 112, -844, -172, 15208
25228, -336, 117, 165, -896, -212, 15176
25238, -360, 108, 124, -836, -240, 15200
25248, -305, 130, 138, -856, -168, 14980
25258, -341, 116, 120, -860, -152, 15188
25268, -350, 117, 126, -888, -128, 15216
25278, -383, 134, 138, -900, -260, 15112
25288, -353, 129, 120, -920, -188, 15148
25298, -352, 129, 115, -928, -228, 15160
25308, -362, 130, 125, -904, -152, 15252
25318, -343, 111, 153, -900, -196, 15208
25328, -342, 121, 140, -836, -172, 15100
25338, -354, 114, 139, -836, -252, 15240
25348, -365, 121, 132, -816, -176, 15184
25358, -367, 148, 119, -828, -240, 15156
25368, -366, 120, 127, -836, -196, 15152
25378, -361, 118, 151, -828, -184, 15100
25388, -359, 118, 153, -932, -184, 15112
25398, -324, 119, 110, -904, -256, 15120
25408, -327, 121, 142, -860, -192, 15156
25418, -359, 120, 113, -912, -236, 15108
25428, -339, 157, 150, -820, -216, 15140
25438, -348, 111, 111, -868, -236, 15176
25448, -346, 115, 110, -880, -204, 15092
25458, -350, 141, 137, -884, -216, 15152
25468, -352, 117, 133, -812, -204, 15084
25478, -369, 127, 139, -820, -124, 15276
25488, -374, 98, 126, -888, -220, 15184
25498, -333, 100, 126, -868, -112, 15148
25508, -364, 107, 137, -892, -168, 15240
25518, -354, 90, 121, -864, -120, 15052
25528, -365, 115, 142, -792, -128, 15128
25538, -347, 104, 135, -904, -148, 15080
25548, -363, 146, 142, -876, -188, 15216
25558, -322, 129, 136, -792, -248, 15104
25568, -349, 103, 127, -932, -176, 15096
25578, -364, 122, 135, -816, -232, 15076
25588, -339, 121, 139, -788, -184, 15260
25598, -357, 113, 110, -856, -192, 15096
25608, -354, 124, 121, -880, -244, 15036
25618, -337, 120, 130, -828, -112, 15104
25628, -370, 132, 137, -908, -196, 15080
25638, -334, 128, 122, -912, -236, 15136
25648, -346, 138, 128, -924, -180, 15144
25658, -346, 121, 103, -928, -212, 15092
25668, -348, 116, 124, -936, -192, 15152
25678, -369, 111, 137, -896, -136, 15132
25688, -368, 109, 137, -880, -272, 15112
25698, -323, 133, 128, -880, -176, 15104
25708, -359, 121, 125, -936, -248, 15216
25718, -346, 120, 125, -772, -248, 15184
25728, -340, 112, 138, -860, -152, 15128
25738, -329, 126, 129, -904, -184, 15044
25748, -353, 118, 138, -808, -104, 15012
25758, -350, 137, 127, -880, -132, 14932
25768, -351, 144, 120, -820, -176, 15300
25778, -341, 136, 145, -912, -244, 15120
25788, -347, 111, 122, -912, -112, 15120
25798, -351, 98, 117, -748, -160, 15200
25808, -358, 96, 143, -868, -216, 15064
25818, -352, 132, 143, -960, -156, 15112
25828, -386, 133, 142, -992, -204, 15112
25838, -361, 145, 129, -844, -220, 15172
25848, -358, 120, 125, -852, -128, 15116
25858, -353, 135, 143, -720, -152, 15100
25868, -340, 134, 126, -868, -276, 15140
25878, -358, 115, 133, -864, -268, 15248
25888, -359, 103, 138, -940, -188, 15124
25898, -356, 98, 119, -920, -232, 15140
25908, -372, 112, 130, -948, -204, 15336
25918, -337, 126, 115, -920, -212, 15136
25928, -359, 99, 131, -748, -204, 15196
25938, -367, 105, 120, -880, -200, 15148
25948, -361, 105, 124, -900, -212, 15120
25958, -360, 135, 151, -844, -108, 15192
25968, -347, 135, 139, -812, -244, 15176
25978, -344, 92, 143, -812, -236, 15104
25988, -354, 124, 126, -932, -272, 15244
25998, -333, 76, 125, -880, -184, 15132
26008, -340, 129, 117, -856, -200, 15088
26018, -367, 105, 119, -864, -236, 15052
26028, -356, 112, 98, -928, -192, 15092
26038, -349, 115, 134, -816, -176, 15128
26048, -355, 130, 140, -1036, -200, 15204
26058, -355, 106, 128, -872, -232, 15268
26068, -349, 145, 121, -876, -248, 15064
26078, -348, 114, 139, -856, -272, 15140
26088, -351, 103, 133, -852, -220, 15120
26098, -361, 122, 138, -884, -188, 15132
26108, -347, 136, 136, -900, -212, 14992
26118, -358, 141, 151, -784, -276, 15096
26128, -342, 129, 124, -832, -228, 15156
26138, -364, 124, 107, -944, -180, 15220
26148, -331, 122, 146, -780, -216, 15064
26158, -350, 113, 125, -888, -188, 15052
26168, -356, 99, 141, -896, -232, 15156
26178, -342, 143, 129, -844, -240, 15192
26188, -354, 99, 114, -872, -224, 15228
26198, -362, 122, 141, -804, -240, 15064
26208, -341, 119, 124, -848, -148, 15000
26218, -345, 91, 115, -892, -172, 15208
26228, -368, 102, 130, -864, -204, 15156
26238, -364, 135, 137, -856, -184, 15112
26248, -353, 109, 115, -880, -220, 15024
26258, -349, 126, 133, -800, -200, 15180
26268, -352, 107, 119, -864, -188, 14996
26278, -350, 137, 120, -888, -304, 15140
26288, -344, 109, 113, -996, -116, 14988
26298, -346, 98, 136, -876, -164, 15172
26308, -352, 107, 133, -952, -260, 15104
26318, -355, 124, 128, -880, -308, 15024
26328, -361, 119, 112, -980, -280, 15220
26338, -335, 112, 152, -840, -260, 15136
26348, -334, 121, 152, -928, -256, 15120
26358, -348, 114, 114, -820, -144, 14992
26368, -351, 107, 117, -824, -168, 15040
26378, -353, 121, 161, -832, -160, 15276
26388, -331, 111, 129, -888, -188, 15180
26398, -364, 123, 136, -880, -236, 15404
26408, -348, 109, 121, -944, -252, 15180
26418, -365, 98, 119, -876, -128, 15272
26428, -367, 113, 139, -880, -212, 15264
26438, -367, 109, 135, -840, -212, 15128
26448, -344, 121, 131, -812, -136, 15044
26458, -354, 114, 125, -876, -280, 15068
26468, -359, 105, 149, -876, -196, 15128
26478, -358, 136, 127, -888, -212, 15128
26488, -333, 141, 129, -872, -236, 15092
26498, -363, 111, 119, -912, -192, 15036
26508, -345, 136, 130, -912, -216, 15084
26518, -353, 107, 128, -944, -176, 15228
26528, -350, 109, 113, -976, -220, 15104
26538, -335, 99, 158, -880, -124, 15172
26548, -350, 135, 149, -872, -180, 15048
26558, -324, 115, 129, -892, -148, 14948
26568, -350, 121, 116, -840, -156, 15156
26578, -356, 107, 139, -812, -196, 15164
26588, -341, 120, 129, -872, -284, 15120
26598, -353, 126, 126, -896, -236, 15036
26608, -347, 120, 127, -912, -316, 15220
26618, -337, 122, 146, -948, -188, 15264
26628, -353, 132, 142, -896, -164, 15164
26638, -350, 127, 131, -944, -120, 15184
26648, -360, 124, 109, -852, -176, 15192
26658, -341, 123, 129, -820, -184, 15116
26668, -343, 106, 138, -844, -196, 15124
26678, -345, 106, 135, -912, -212, 15096
26688, -339, 115, 148, -880, -200, 15064
26698, -343, 108, 144, -860, -192, 15088
26708, -346, 106, 151, -844, -108, 15216
26718, -361, 120, 142, -952, -120, 15144
26728, -353, 128, 127, -948, -144, 15092
26738, -361, 132, 112, -924, -192, 15116
26748, -330, 113, 135, -924, -208, 15268
26758, -363, 134, 111, -972, -236, 15080
26768, -353, 115, 136, -864, -188, 15280
26778, -351, 139, 147, -828, -208, 15148
26788, -348, 126, 135, -892, -228, 15116
26798, -339, 121, 123, -832, -180, 15088
26808, -354, 104, 128, -956, -172, 15084
26818, -352, 108, 124, -804, -120, 14968
26828, -367, 115, 132, -856, -284, 15080
26838, -340, 147, 143, -912, -176, 15052
26848, -325, 137, 138, -868, -324, 15000
26858, -362, 122, 120, -972, -96, 15064
26868, -352, 127, 136, -876, -188, 15152
26878, -348, 133, 116, -912, -244, 15164
26888, -345, 135, 137, -888, -212, 15000
26898, -360, 137, 137, -816, -196, 14964
26908, -358, 114, 126, -868, -92, 15124
26918, -342, 102, 144, -996, -164, 15072
26928, -356, 136, 152, -880, -92, 15204
26938, -359, 119, 117, -844, -160, 15188
26948, -359, 170, 139, -900, -232, 15028
26958, -353, 135, 148, -908, -100, 15276
26968, -360, 121, 148, -828, -272, 15084
26978, -344, 137, 124, -792, -204, 15148
26988, -346, 74, 142, -880, -156, 15240
26998, -349, 21, 112, -672, -240, 14884
27008, -367, 127, 125, -796, -216, 15120
27018, -344, 112, 145, -844, -232, 15112
27028, -353, 120, 144, -868, -152, 15296
27038, -350, 106, 134, -956, -224, 15116
27048, -350, 70, 120, -820, -172, 15076
27058, -347, 160, 115, -876, -216, 14996
27068, -339, 114, 113, -840, -272, 15168
27078, -339, 142, 148, -936, -200, 15172
27088, -352, 165, 125, -816, -196, 15116
27098, -351, 150, 127, -844, -180, 15104
27108, -345, 125, 135, -800, -152, 15200
27118, -372, 123, 122, -900, -184, 15328
27128, -356, 109, 138, -836, -156, 15204
27138, -368, 116, 149, -896, -84, 15112
27148, -367, 116, 129, -908, -280, 15224
27158, -356, 111, 126, -880, -168, 15128
27168, -319, 117, 126, -916, -124, 15076
27178, -352, 118, 146, -780, -220, 15064
27188, -357, 118, 142, -796, -220, 15160
27198, -338, 97, 131, -872, -280, 14912
27208, -349, 129, 114, -856, -172, 15040
27218, -347, 137, 115, -844, -212, 15112
27228, -351, 104, 132, -880, -128, 15184
27238, -357, 146, 130, -956, -188, 15208
27248, -339, 139, 126, -876, -116, 15064
27258, -336, 104, 111, -844, -196, 15028
27268, -372, 143, 155, -864, -144, 14892
27278, -331, 103, 129, -856, -184, 15060
27288, -339, 127, 130, -844, -252, 15096
27298, -343, 141, 148, -932, -164, 15156
27308, -359, 144, 142, -876, -104, 15080
27318, -346, 128, 145, -900, -168, 15208
27328, -349, 146, 142, -904, -140, 15172
27338, -356, 128, 106, -852, -156, 15096
27348, -347, 91, 122, -824, -260, 15020
27358, -351, 90, 146, -864, -116, 15168
27368, -369, 120, 148, -864, -260, 15200
27378, -348, 123, 142, -864, -132, 14948
27388, -342, 122, 130, -844, -236, 15044
27398, -347, 128, 152, -904, -184, 15004
27408, -337, 117, 135, -852, -180, 15140
27418, -342, 118, 125, -788, -124, 15044
27428, -351, 110, 137, -892, -160, 15016
27438, -347, 99, 124, -876, -272, 15140
27448, -360, 98, 120, -928, -132, 15128
27458, -359, 119, 121, -936, -220, 15136
27468, -346, 103, 141, -892, -300, 15200
27478, -341, 112, 118, -816, -312, 15116
27488, -340, 141, 127, -832, -180, 15284
27498, -337, 152, 128, -796, -160, 15132
27508, -356, 113, 109, -856, -224, 15220
27518, -359, 105, 112, -924, -168, 15180
27528, -343, 111, 120, -1000, -184, 15208
27538, -362, 125, 119, -948, -220, 15228
27548, -349, 100, 135, -908, -188, 15336
27558, -354, 108, 135, -832, -192, 15148
27568, -384, 121, 105, -952, -240, 15244
27578, -336, 128, 133, -828, -256, 15072
27588, -372, 97, 110, -952, -168, 15168
27598, -370, 124, 104, -840, -180, 15112
27608, -350, 115, 133, -780, -228, 15176
27618, -355, 140, 124, -884, -148, 15148
27628, -350, 139, 123, -876, -212, 14936
27638, -370, 123, 122, -904, -140, 15164
27648, -346, 147, 128, -896, -220, 14872
27658, -355, 114, 122, -856, -180, 15024
27668, -357, 126, 128, -840, -200, 15076
27678, -358, 116, 98, -880, -268, 15144
27688, -359, 131, 113, -932, -204, 15168
27698, -361, 138, 121, -872, -164, 15120
27708, -362, 110, 134, -892, -228, 15224
27718, -341, 124, 115, -848, -188, 15336
27728, -341, 105, 128, -804, -232, 15012
27738, -357, 109, 147, -952, -204, 15192
27748, -343, 112, 129, -852, -164, 15024
27758, -337, 92, 126, -872, -200, 15236
27768, -368, 87, 129, -824, -200, 15068
27778, -364, 115, 136, -904, -228, 15080
27788, -357, 111, 141, -924, -160, 15164
27798, -347, 100, 136, -856, -224, 15080
27808, -345, 101, 110, -928, -300, 15080
27818, -358, 126, 106, -884, -176, 15164
27828, -368, 114, 143, -876, -120, 15176
27838, -341, 115, 121, -940, -280, 15284
27848, -316, 129, 129, -784, -164, 15164
27858, -371, 107, 140, -796, -140, 15112
27868, -338, 110, 136, -848, -160, 15212
27878, -353, 149, 130, -808, -264, 14964
27888, -363, 130, 129, -936, -280, 15168
27898, -339, 121, 106, -844, -232, 15084
27908, -359, 101, 139, -788, -180, 15176
27918, -347, 121, 143, -952, -232, 15232
27928, -320, 113, 134, -860, -180, 15144
27938, -359, 105, 133, -816, -256, 15068
27948, -356, 113, 138, -796, -224, 15180
27958, -359, 141, 133, -924, -248, 15212
27968, -356, 136, 122, -904, -172, 15052
27978, -345, 170, 116, -840, -256, 15204
27988, -358, 140, 122, -904, -228, 15132
27998, -342, 106, 121, -832, -164, 15008
28008, -354, 99, 135, -872, -164, 15056
28018, -338, 112, 134, -892, -216, 15144
28028, -348, 108, 126, -952, -212, 15124
28038, -348, 122, 128, -828, -192, 15100
28048, -349, 135, 140, -896, -204, 15132
28058, -351, 120, 126, -816, -176, 15004
28068, -361, 111, 99, -848, -196, 15192
28078, -339, 142, 138, -764, -188, 15260
28088, -368, 110, 116, -828, -136, 15104
28098, -348, 143, 117, -924, -348, 15084
28108, -345, 92, 107, -952, -144, 15200
28118, -354, 169, 148, -900, -184, 15096
28128, -352, 107, 115, -896, -312, 15160
28138, -361, 125, 109, -868, -48, 15036
28148, -345, 129, 123, -832, -152, 15024
28158, -357, 114, 123, -836, -184, 15136
28168, -350, 116, 120, -908, -192, 15072
28178, -361, 95, 134, -856, -228, 15164
28188, -381, 105, 105, -856, -204, 15176
28198, -350, 141, 148, -832, -216, 15128
28208, -344, 143, 118, -868, -212, 15192
28218, -364, 109, 136, -916, -244, 15040
28228, -344, 123, 136, -808, -216, 15140
28238, -350, 131, 151, -1012, -280, 15260
28248, -339, 113, 139, -836, -76, 15168
28258, -324, 119, 121, -912, -260, 15048
28268, -359, 127, 124, -784, -152, 15032
28278, -341, 115, 126, -936, -216, 15220
28288, -350, 109, 152, -804, -56, 15096
28298, -345, 120, 102, -860, -180, 15176
28308, -357, 117, 120, -840, -112, 15064
28318, -362, 140, 105, -908, -268, 15076
28328, -351, 122, 132, -872, -112, 15052
28338, -358, 96, 140, -880, -144, 15072
28348, -352, 122, 122, -884, -224, 15056
28358, -353, 103, 117, -896, -152, 15072
28368, -345, 109, 126, -908, -208, 15068
28378, -334, 125, 111, -904, -160, 15160
28388, -352, 133, 133, -820, -288, 14952
28398, -368, 131, 145, -868, -184, 15088
28408, -355, 110, 154, -884, -160, 15128
28418, -355, 121, 137, -828, -208, 15172
28428, -356, 125, 122, -856, -136, 15192
28438, -352, 123, 130, -856, -180, 15196
28448, -355, 106, 129, -888, -188, 15080
28458, -387, 101, 116, -904, -256, 15100
28468, -327, 129, 122, -912, -236, 15068
28478, -338, 106, 139, -916, -188, 15108
28488, -340, 105, 131, -828, -188, 15132
28498, -346, 124, 133, -892, -216, 15128
28508, -349, 139, 128, -844, -120, 15220
28518, -370, 123, 128, -864, -140, 15132
28528, -367, 118, 132, -968, -188, 15092
28538, -346, 148, 104, -880, -108, 15168
28548, -361, 103, 130, -792, -200, 15064
28558, -368, 130, 141, -948, -140, 15256
28568, -334, 103, 126, -776, -164, 15332
28578, -346, 135, 143, -812, -148, 15116
28588, -337, 124, 124, -780, -196, 15140
28598, -362, 131, 121, -820, -200, 15148
28608, -334, 116, 132, -928, -156, 15100
28618, -368, 129, 137, -880, -152, 15184
28628, -368, 125, 114, -920, -196, 15076
28638, -340, 117, 136, -900, -236, 15020
28648, -345, 107, 142, -840, -160, 15020
28658, -379, 108, 115, -916, -184, 15216
28668, -332, 112, 137, -932, -308, 15104
28678, -342, 149, 108, -836, -236, 15168
28688, -345, 97, 146, -768, -224, 15132
28698, -334, 112, 140, -948, -200, 15016
28708, -329, 101, 135, -896, -208, 15088
28718, -348, 89, 122, -844, -200, 15052
28728, -370, 97, 117, -876, -248, 15036
28738, -358, 113, 132, -864, -164, 15204
28748, -325, 142, 118, -824, -212, 15268
28758, -353, 122, 108, -836, -248, 15172
28768, -351, 127, 157, -916, -208, 15232
28778, -356, 118, 124, -872, -164, 15036
28788, -344, 131, 126, -820, -212, 15112
28798, -349, 136, 135, -840, -264, 15044
28808, -340, 115, 120, -852, -264, 15136
28818, -342, 129, 130, -888, -220, 15176
28828, -359, 141, 134, -836, -196, 15060
28838, -358, 82, 121, -876, -172, 15012
28848, -348, 84, 123, -796, -136, 15136
28858, -360, 100, 136, -912, -224, 15004
28868, -338, 114, 137, -872, -192, 15076
28878, -373, 118, 139, -860, -240, 15044
28888, -342, 110, 117, -924, -112, 15140
28898, -357, 134, 125, -884, -116, 15036
28908, -376, 132, 103, -888, -196, 15136
28918, -352, 93, 131, -952, -204, 15068
28928, -328, 126, 111, -916, -176, 15188
28938, -353, 126, 138, -1028, -128, 15052
28948, -348, 122, 121, -924, -232, 15144
28958, -339, 107, 126, -824, -148, 15108
28968, -339, 113, 126, -876, -216, 15024
28978, -342, 118, 133, -916, -208, 15148
28988, -352, 130, 142, -784, -220, 15028
28998, -359, 127, 124, -948, -280, 15016
29008, -365, 91, 117, -1004, -136, 15124
29018, -352, 152, 131, -872, -228, 15172
29028, -345, 101, 117, -836, -156, 15096
29038, -352, 113, 127, -916, -164, 15032
29048, -353, 135, 123, -832, -164, 15248
29058, -330, 119, 122, -832, -216, 15164
29068, -355, 107, 132, -848, -160, 15284
29078, -339, 104, 163, -980, -236, 15124
29088, -331, 144, 129, -848, -208, 15076
29098, -361, 131, 139, -828, -216, 15060
29108, -337, 118, 131, -844, -220, 15344
29118, -360, 119, 120, -912, -192, 15120
29128, -359, 114, 115, -872, -208, 15148
29138, -357, 121, 132, -880, -144, 15104
29148, -353, 101, 160, -952, -204, 15120
29158, -364, 111, 135, -832, -196, 15248
29168, -357, 111, 147, -920, -176, 15216
29178, -354, 107, 125, -988, -196, 15216
29188, -355, 119, 122, -956, -160, 15192
29198, -359, 117, 133, -848, -104, 15248
29208, -356, 113, 131, -788, -96, 15172
29218, -347, 100, 131, -800, -216, 15132
29228, -366, 128, 133, -908, -192, 15132
29238, -336, 118, 112, -908, -236, 15124
29248, -333, 119, 115, -772, -192, 15108
29258, -371, 123, 115, -928, -200, 15128
29268, -356, 107, 124, -872, -216, 15108
29278, -364, 125, 130, -748, -208, 15212
29288, -370, 129, 136, -936, -216, 15220
29298, -342, 114, 136, -968, -184, 15044
29308, -349, 104, 129, -872, -224, 15084
29318, -336, 119, 130, -864, -172, 15108
29328, -381, 114, 126, -828, -192, 15088
29338, -351, 116, 130, -860, -124, 15076
29348, -359, 104, 117, -852, -288, 15168
29358, -361, 122, 123, -904, -164, 15200
29368, -363, 96, 151, -788, -92, 15208
29378, -340, 129, 124, -844, -212, 15116
29388, -367, 126, 135, -864, -124, 15216
29398, -346, 121, 158, -952, -236, 15144
29408, -357, 104, 122, -900, -192, 15172
29418, -365, 106, 120, -808, -248, 15188
29428, -337, 128, 142, -836, -200, 15052
29438, -351, 122, 136, -868, -220, 15276
29448, -345, 120, 146, -748, -256, 15088
29458, -355, 130, 132, -924, -216, 15276
29468, -345, 138, 139, -796, -220, 15180
29478, -353, 108, 130, -948, -284, 15176
29488, -354, 111, 150, -912, -244, 15168
29498, -356, 117, 118, -880, -204, 15112
29508, -376, 113, 127, -772, -200, 15024
29518, -350, 124, 129, -876, -272, 15152
29528, -353, 113, 110, -904, -164, 15096
29538, -330, 127, 140, -876, -200, 15124
29548, -339, 123, 131, -904, -180, 15072
29558, -352, 107, 126, -796, -180, 15132
29568, -332, 133, 146, -776, -276, 15172
29578, -360, 89, 127, -808, -132, 15244
29588, -364, 115, 134, -820, -252, 15056
29598, -376, 97, 140, -912, -176, 15136
29608, -347, 92, 124, -760, -152, 15188
29618, -331, 118, 123, -920, -208, 15120
29628, -330, 136, 135, -804, -192, 15068
29638, -350, 113, 123, -980, -216, 15152
29648, -345, 113, 135, -880, -120, 15300
29658, -348, 120, 142, -888, -212, 15056
29668, -362, 129, 116, -1020, -176, 15136
29678, -351, 120, 121, -892, -236, 15056
29688, -330, 98, 148, -852, -216, 15320
29698, -343, 107, 159, -868, -144, 15240
29708, -333, 106, 174, -864, -192, 15204
29718, -370, 97, 116, -904, -80, 15144
29728, -340, 131, 139, -824, -196, 15068
29738, -360, 136, 121, -892, -172, 15024
29748, -369, 120, 121, -920, -232, 15052
29758, -356, 129, 124, -892, -248, 15008
29768, -349, 130, 108, -764, -224, 15124
29778, -337, 115, 126, -856, -256, 15032
29788, -348, 121, 136, -896, -180, 15032
29798, -356, 139, 155, -860, -144, 15076
29808, -342, 135, 128, -868, -168, 15040
29818, -363, 120, 106, -908, -184, 15044
29828, -365, 157, 148, -900, -132, 15276
29838, -336, 130, 106, -836, -348, 15060
29848, -358, 120, 121, -824, -164, 15176
29858, -345, 124, 131, -980, -188, 15180
29868, -378, 94, 118, -896, -96, 15284
29878, -329, 157, 133, -816, -156, 15288
29888, -372, 123, 119, -836, -136, 15148
29898, -334, 123, 115, -900, -84, 15156
29908, -343, 142, 121, -940, -164, 14940
29918, -349, 122, 162, -880, -268, 15040
29928, -348, 94, 128, -984, -208, 15164
29938, -379, 151, 122, -892, -244, 15188
29948, -347, 123, 114, -860, -180, 15108
29958, -362, 110, 123, -892, -340, 15120
29968, -346, 131, 121, -868, -236, 15056
29978, -359, 117, 115, -832, -200, 15152
29988, -371, 110, 123, -824, -192, 15040
29998, -333, 110, 134, -988, -216, 15096
30008, -369, 116, 119, -848, -280, 15120
30018, -352, 120, 132, -920, -168, 15264
30028, -364, 102, 126, -864, -220, 15100
30038, -320, 115, 137, -916, -240, 15216
30048, -353, 123, 132, -932, -140, 15160
30058, -353, 119, 113, -864, -204, 15260
30068, -338, 103, 114, -828, -148, 15264
30078, -343, 95, 136, -916, -264, 15036
30088, -364, 89, 126, -892, -220, 15188
30098, -347, 124, 120, -792, -300, 15144
30108, -361, 101, 124, -884, -280, 15168
30118, -352, 130, 140, -816, -144, 15080
30128, -358, 130, 127, -928, -152, 15144
30138, -337, 107, 122, -848, -192, 15120
30148, -359, 108, 143, -900, -248, 15272
30158, -347, 128, 142, -828, -120, 15008
30168, -382, 117, 135, -868, -196, 15100
30178, -345, 127, 131, -892, -108, 15096
30188, -358, 109, 134, -884, -172, 15072
30198, -330, 142, 145, -908, -148, 15140
30208, -345, 94, 132, -848, -112, 15228
30218, -367, 97, 146, -852, -128, 15056
30228, -355, 98, 117, -776, -192, 15176
30238, -355, 119, 150, -948, -224, 15044
30248, -317, 106, 144, -904, -152, 15228
30258, -363, 103, 130, -884, -264, 15108
30268, -372, 110, 107, -848, -188, 15084
30278, -348, 97, 90, -968, -236, 15168
30288, -351, 108, 138, -900, -212, 15196
30298, -342, 146, 140, -900, -192, 15172
30308, -350, 124, 125, -792, -196, 15032
30318, -371, 138, 105, -856, -176, 15228
30328, -342, 156, 135, -876, -324, 15048
30338, -348, 135, 137, -880, -196, 15072
30348, -365, 110, 132, -1016, -116, 15024
30358, -363, 142, 126, -812, -200, 14992
30368, -348, 132, 122, -844, -112, 15100
30378, -349, 137, 149, -832, -168, 15036
30388, -348, 119, 148, -836, -104, 15108
30398, -348, 139, 130, -860, -292, 15172
30408, -348, 103, 126, -872, -216, 15192
30418, -367, 108, 147, -784, -312, 15144
30428, -335, 118, 114, -792, -256, 15180
30438, -375, 121, 129, -892, -276, 15080
30448, -350, 155, 120, -864, -152, 14976
30458, -359, 110, 127, -968, -144, 15120
30468, -350, 110, 116, -880, -132, 15224
30478, -343, 109, 128, -712, -244, 15104
30488, -328, 127, 152, -916, -196, 15240
30498, -341, 118, 127, -904, -180, 15136
30508, -345, 122, 126, -760, -156, 15036
30518, -346, 112, 121, -892, -212, 15092
30528, -350, 139, 116, -848, -248, 15012
30538, -357, 119, 141, -888, -216, 15088
30548, -338, 131, 117, -892, -216, 15204
30558, -353, 98, 147, -984, -180, 15192
30568, -320, 113, 148, -872, -220, 15080
30578, -354, 107, 125, -840, -180, 15180
30588, -365, 102, 131, -836, -184, 15072
30598, -343, 135, 121, -932, -176, 15228
30608, -356, 106, 140, -892, -200, 15268
30618, -353, 123, 129, -752, -188, 15216
30628, -345, 147, 141, -836, -152, 15060
30638, -348, 107, 133, -948, -224, 15136
30648, -354, 128, 133, -860, -144, 15040
30658, -369, 116, 154, -824, -200, 15276
30668, -361, 118, 122, -840, -224, 15160
30678, -353, 127, 145, -892, -248, 15168
30688, -337, 118, 132, -884, -280, 15188
30698, -362, 125, 127, -940, -168, 15056
30708, -343, 119, 118, -948, -164, 15020
30718, -341, 141, 141, -892, -248, 14976
30728, -356, 97, 128, -904, -196, 15264
30738, -374, 124, 122, -812, -252, 15172
30748, -353, 129, 133, -884, -116, 15028
30758, -334, 126, 139, -836, -184, 15120
30768, -341, 129, 135, -932, -120, 15188
30778, -361, 103, 162, -908, -124, 15132
30788, -339, 129, 147, -772, -212, 15096
30798, -345, 136, 152, -836, -180, 15024
30808, -328, 132, 123, -784, -188, 15156
30818, -349, 101, 140, -980, -168, 15104
30828, -338, 82, 142, -868, -196, 15064
30838, -334, 137, 137, -904, -176, 15052
30848, -344, 104, 118, -908, -196, 15108
30858, -355, 109, 131, -952, -220, 15180
30868, -343, 112, 142, -832, -228, 15044
30878, -355, 97, 128, -880, -280, 15108
30888, -349, 122, 111, -892, -236, 15060
30898, -371, 115, 122, -848, -132, 15220
30908, -342, 131, 126, -904, -160, 15184
30918, -376, 98, 133, -832, -224, 15088
30928, -349, 155, 124, -888, -232, 15148
30938, -317, 149, 118, -796, -244, 15268
30948, -352, 111, 151, -812, -168, 15176
30958, -345, 127, 145, -920, -280, 15072
30968, -350, 119, 108, -972, -192, 15176
30978, -326, 100, 133, -840, -216, 14976
30988, -324, 121, 139, -876, -260, 15156
30998, -325, 113, 129, -872, -172, 15192
31008, -335, 97, 134, -960, -272, 15120
31018, -350, 127, 134, -884, -208, 15084
31028, -355, 120, 133, -796, -144, 15000
31038, -337, 105, 123, -860, -152, 15204
31048, -370, 126, 138, -776, -248, 15144
31058, -327, 117, 135, -840, -280, 15164
31068, -353, 107, 105, -816, -244, 14984
31078, -321, 145, 134, -792, -192, 14916
31088, -350, 114, 121, -776, -264, 15268
31098, -355, 128, 151, -788, -152, 15176
31108, -370, 119, 126, -940, -148, 15160
31118, -337, 123, 145, -852, -268, 14936
31128, -355, 122, 141, -936, -272, 15128
31138, -338, 104, 128, -828, -180, 15132
31148, -378, 127, 130, -860, -160, 15148
31158, -339, 101, 120, -832, -180, 15120
31168, -338, 107, 142, -828, -124, 15200
31178, -349, 111, 111, -892, -92, 15196
31188, -353, 108, 137, -944, -156, 15104
31198, -346, 89, 138, -844, -232, 15180
31208, -358, 136, 128, -972, -168, 15120
31218, -345, 130, 124, -824, -192, 15112
31228, -365, 117, 123, -892, -188, 15128
31238, -325, 137, 127, -840, -144, 15156
31248, -352, 114, 115, -864, -216, 15132
31258, -365, 127, 119, -876, -144, 15128
31268, -343, 108, 134, -848, -292, 15060
31278, -324, 120, 128, -780, -140, 15216
31288, -339, 122, 123, -876, -200, 15016
31298, -340, 113, 160, -816, -204, 15048
31308, -338, 113, 144, -860, -208, 15040
31318, -344, 93, 137, -844, -268, 15080
31328, -350, 128, 143, -888, -220, 15160
31338, -352, 151, 139, -860, -268, 15176
31348, -320, 123, 126, -852, -204, 15216
31358, -355, 121, 132, -920, -152, 15120
31368, -365, 153, 119, -856, -164, 15108
31378, -346, 118, 149, -696, -268, 15268
31388, -353, 149, 129, -860, -184, 15224
31398, -347, 110, 150, -836, -176, 15096
31408, -366, 116, 116, -868, -196, 15160
31418, -355, 124, 148, -932, -216, 15300
31428, -327, 114, 133, -924, -96, 15240
31438, -366, 123, 124, -908, -204, 15080
31448, -354, 106, 126, -964, -184, 15196
31458, -345, 113, 136, -924, -212, 15020
31468, -324, 120, 139, -808, -304, 15116
31478, -354, 115, 142, -852, -132, 15040
31488, -329, 127, 129, -880, -292, 15292
31498, -349, 106, 140, -772, -164, 15128
31508, -351, 119, 140, -796, -152, 15080
31518, -385, 111, 132, -780, -204, 15252
31528, -345, 85, 121, -932, -160, 15216
31538, -343, 142, 127, -864, -200, 15176
31548, -347, 134, 123, -992, -180, 15060
31558, -355, 117, 132, -840, -264, 15212
31568, -349, 123, 128, -836, -168, 15272
31578, -365, 123, 149, -928, -124, 15136
31588, -342, 108, 147, -868, -184, 15160
31598, -370, 111, 116, -900, -248, 15132
31608, -354, 117, 124, -868, -208, 15164
31618, -346, 122, 160, -756, -196, 15136
31628, -352, 121, 148, -872, -236, 15064
31638, -358, 96, 133, -872, -192, 15220
31648, -341, 123, 146, -800, -236, 15148
31658, -372, 122, 136, -972, -188, 15200
31668, -335, 161, 119, -948, -200, 15160
31678, -352, 125, 121, -900, -184, 15152
31688, -354, 119, 137, -776, -188, 15196
31698, -370, 106, 160, -956, -216, 15160
31708, -346, 126, 121, -1000, -220, 15000
31718, -347, 117, 119, -872, -228, 15016
31728, -339, 120, 148, -892, -76, 15128
31738, -343, 107, 120, -892, -128, 15096
31748, -352, 118, 132, -980, -232, 15132
31758, -364, 125, 149, -964, -80, 15280
31768, -362, 136, 126, -764, -180, 15140
31778, -348, 109, 116, -836, -152, 15080
31788, -348, 114, 143, -924, -224, 15200
31798, -339, 117, 127, -888, -152, 15264
31808, -345, 101, 127, -860, -228, 15240
31818, -323, 128, 131, -860, -148, 15072
31828, -345, 131, 140, -944, -228, 15000
31838, -335, 99, 140, -852, -204, 14972
31848, -336, 119, 125, -840, -224, 15180
31858, -344, 108, 117, -896, -216, 15104
31868, -357, 102, 107, -852, -308, 15072
31878, -349, 141, 108, -916, -268, 15252
31888, -331, 118, 132, -872, -244, 15116
31898, -353, 126, 136, -860, -156, 15276
31908, -356, 117, 141, -900, -284, 15096
31918, -346, 112, 117, -820, -208, 15016
31928, -353, 110, 130, -884, -224, 14972
31938, -338, 99, 109, -880, -224, 15144
31948, -358, 128, 141, -944, -168, 15156
31958, -361, 141, 129, -876, -204, 15164
31968, -346, 126, 142, -848, -188, 15188
31978, -346, 141, 134, -912, -188, 15248
31988, -365, 80, 135, -868, -116, 15016
31998, -355, 108, 129, -860, -276, 15276
32008, -375, 106, 121, -880, -136, 15100
32018, -310, 139, 131, -900, -204, 15200
32028, -347, 147, 139, -916, -192, 15196
32038, -360, 149, 105, -896, -188, 15252
32048, -350, 145, 119, -880, -184, 15192
32058, -332, 121, 113, -912, -148, 15080
32068, -363, 102, 143, -864, -220, 15076
32078, -354, 144, 132, -836, -176, 15044
32088, -344, 137, 147, -768, -244, 15336
32098, -364, 119, 119, -892, -132, 15092
32108, -346, 126, 129, -916, -136, 15204
32118, -350, 121, 127, -924, -172, 15208
32128, -340, 128, 111, -904, -180, 14968
32138, -343, 117, 116, -784, -284, 15044
32148, -382, 126, 147, -816, -208, 15192
32158, -371, 137, 134, -868, -180, 15096
32168, -343, 121, 116, -856, -276, 15100
32178, -372, 141, 140, -792, -296, 15132
32188, -351, 116, 141, -804, -196, 15172
32198, -348, 129, 135, -820, -216, 15216
32208, -340, 99, 130, -824, -180, 15000
32218, -358, 140, 123, -920, -116, 15268
32228, -339, 96, 141, -908, -176, 15296
32238, -346, 106, 123, -808, -196, 15376
32248, -363, 120, 116, -980, -284, 15084
32258, -369, 116, 125, -892, -204, 14928
32268, -355, 97, 137, -908, -224, 15132
32278, -326, 123, 119, -792, -104, 15220
32288, -348, 110, 121, -836, -204, 15200
32298, -353, 125, 129, -952, -284, 15212
32308, -331, 111, 154, -848, -216, 15228
32318, -363, 94, 111, -744, -256, 15196
32328, -343, 94, 115, -892, -140, 15212
32338, -352, 131, 126, -940, -252, 15192
32348, -361, 133, 153, -944, -236, 15024
32358, -352, 108, 146, -948, -176, 15140
32368, -348, 128, 124, -948, -120, 15220
32378, -328, 134, 131, -968, -192, 15284
32388, -371, 128, 119, -884, -156, 15068
32398, -363, 121, 106, -916, -180, 15040
32408, -347, 104, 126, -828, -164, 15168
32418, -332, 103, 123, -892, -232, 15224
32428, -337, 120, 127, -1020, -136, 15276
32438, -385, 119, 108, -812, -136, 15192
32448, -351, 134, 124, -852, -164, 15188
32458, -350, 145, 135, -948, -120, 15148
32468, -336, 104, 147, -796, -188, 15040
32478, -348, 136, 111, -740, -332, 15124
32488, -336, 103, 148, -940, -228, 15144
32498, -327, 119, 118, -860, -184, 15312
32508, -341, 100, 137, -916, -236, 15136
32518, -371, 139, 96, -868, -224, 15028
32528, -352, 106, 136, -916, -244, 15076
32538, -339, 130, 127, -880, -248, 15136
32548, -341, 99, 152, -936, -216, 14948
32558, -323, 129, 122, -968, -192, 15156
32568, -371, 114, 141, -832, -200, 15084
32578, -347, 130, 142, -812, -256, 15152
32588, -360, 101, 124, -916, -228, 15076
32598, -348, 84, 142, -836, -152, 15084
32608, -353, 99, 131, -916, -192, 15096
32618, -369, 122, 135, -936, -156, 15000
32628, -341, 105, 129, -936, -196, 15156
32638, -373, 109, 124, -860, -232, 15012
32648, -348, 126, 142, -804, -184, 15160
32658, -323, 122, 134, -860, -204, 15160
32668, -365, 101, 137, -872, -236, 14940
32678, -340, 153, 118, -880, -148, 14928
32688, -366, 127, 131, -832, -248, 15124
32698, -358, 109, 132, -904, -148, 15208
32708, -350, 118, 119, -952, -224, 15192
32718, -332, 102, 139, -848, -260, 15220
32728, -347, 140, 113, -840, -144, 14992
32738, -356, 127, 122, -848, -248, 15144
32748, -349, 126, 115, -944, -144, 15112
32758, -358, 88, 130, -848, -204, 15256
32768, -354, 109, 141, -900, -184, 15160
32778, -338, 131, 158, -844, -244, 15172
32788, -354, 113, 134, -900, -180, 15316
32798, -351, 130, 140, -860, -108, 15092
32808, -344, 126, 127, -876, -184, 15176
32818, -361, 103, 137, -888, -180, 15000
32828, -371, 121, 157, -836, -228, 15200
32838, -357, 161, 147, -880, -196, 15176
32848, -373, 132, 128, -892, -128, 15096
32858, -340, 117, 125, -756, -112, 15152
32868, -353, 124, 125, -888, -208, 15212
32878, -351, 117, 121, -828, -196, 15152
32888, -355, 105, 133, -816, -148, 15000
32898, -321, 106, 106, -884, -176, 15020
32908, -359, 126, 117, -868, -144, 15144
32918, -353, 107, 122, -832, -244, 15152
32928, -365, 130, 128, -892, -184, 15124
32938, -372, 134, 152, -892, -168, 15056
32948, -342, 99, 123, -840, -220, 15184
32958, -356, 102, 107, -956, -144, 15136
32968, -344, 112, 138, -764, -164, 15292
32978, -356, 120, 136, -836, -176, 15068
32988, -343, 104, 134, -860, -332, 15224
32998, -366, 107, 135, -908, -172, 15220
33008, -369, 115, 112, -904, -204, 15184
33018, -326, 108, 129, -884, -256, 15172
33028, -351, 114, 138, -1028, -80, 15052
33038, -349, 108, 141, -836, -248, 15032
33048, -350, 141, 133, -816, -216, 15132
33058, -359, 138, 127, -908, -172, 15128
33068, -330, 123, 140, -932, -224, 15068
33078, -363, 130, 121, -836, -236, 15044
33088, -353, 98, 127, -760, -244, 15104
33098, -365, 103, 134, -816, -272, 15252
33108, -343, 126, 136, -768, -176, 15140
33118, -355, 98, 118, -872, -176, 15272
33128, -361, 101, 112, -892, -188, 15120
33138, -345, 110, 120, -844, -172, 15204
33148, -346, 114, 154, -952, -180, 15148
33158, -353, 98, 125, -932, -220, 15132
33168, -351, 96, 143, -816, -216, 15176
33178, -346, 112, 130, -924, -156, 15164
33188, -329, 85, 132, -976, -196, 15116
33198, -341, 108, 133, -852, -248, 15112
33208, -354, 119, 130, -856, -256, 15088
33218, -328, 96, 142, -1008, -168, 15100
33228, -322, 140, 138, -884, -112, 15000
33238, -347, 124, 123, -848, -312, 15028
33248, -355, 121, 123, -896, -216, 15104
33258, -357, 100, 109, -872, -196, 14972
33268, -339, 113, 125, -924, -180, 15064
33278, -353, 112, 123, -836, -184, 15116
33288, -359, 136, 137, -952, -144, 15012
33298, -361, 139, 123, -992, -260, 15016
33308, -341, 121, 118, -940, -188, 15196
33318, -353, 103, 129, -924, -156, 15080
33328, -343, 129, 126, -1008, -196, 15140
33338, -352, 130, 122, -916, -196, 15124
33348, -348, 140, 147, -832, -156, 15148
33358, -330, 125, 117, -796, -140, 15244
33368, -339, 115, 133, -888, -252, 15024
33378, -349, 120, 133, -880, -268, 15180
33388, -378, 98, 127, -788, -232, 15180
33398, -362, 139, 122, -832, -176, 15096
33408, -364, 108, 118, -996, -248, 15096
33418, -356, 107, 118, -852, -152, 15044
33428, -357, 129, 95, -872, -184, 14996
33438, -336, 100, 121, -868, -308, 15272
33448, -357, 105, 128, -836, -284, 15220
33458, -345, 115, 134, -752, -132, 14884
33468, -350, 126, 143, -868, -180, 15212
33478, -379, 119, 159, -828, -140, 15148
33488, -340, 114, 126, -776, -200, 15088
33498, -362, 104, 136, -764, -264, 15092
33508, -335, 112, 142, -816, -124, 15092
33518, -343, 111, 125, -904, -140, 15196
33528, -347, 109, 122, -880, -224, 15144
33538, -337, 127, 119, -896, -172, 15152
33548, -377, 110, 132, -876, -156, 15140
33558, -312, 131, 140, -940, -248, 15140
33568, -350, 104, 125, -880, -192, 15136
33578, -338, 105, 131, -820, -216, 15224
33588, -345, 117, 115, -796, -176, 15144
33598, -354, 140, 131, -880, -156, 14944
33608, -342, 118, 124, -976, -220, 15108
33618, -366, 122, 136, -872, -208, 15172
33628, -341, 143, 129, -828, -260, 15128
33638, -343, 131, 140, -924, -240, 15208
33648, -333, 100, 146, -944, -208, 15184
33658, -323, 128, 108, -916, -244, 15128
33668, -364, 159, 119, -868, -144, 15244
33678, -370, 128, 145, -928, -280, 15148
33688, -326, 97, 126, -868, -164, 15060
33698, -342, 137, 127, -972, -200, 15040
33708, -357, 115, 129, -824, -220, 15100
33718, -347, 148, 129, -836, -184, 15164
33728, -340, 120, 148, -836, -140, 15120
33738, -355, 140, 139, -876, -196, 15128
33748, -359, 115, 158, -836, -164, 15064
33758, -361, 119, 139, -924, -164, 15256
33768, -377, 108, 123, -844, -176, 15076
33778, -356, 132, 119, -948, -200, 15132
33788, -366, 99, 158, -924, -204, 15172
33798, -353, 133, 108, -904, -216, 14988
33808, -346, 121, 117, -1012, -300, 15104
33818, -338, 108, 125, -864, -144, 15168
33828, -368, 106, 138, -972, -224, 15216
33838, -335, 121, 127, -832, -128, 15276
33848, -378, 122, 117, -932, -232, 15148
33858, -373, 143, 129, -872, -164, 15032
33868, -334, 127, 132, -852, -176, 15200
33878, -366, 127, 133, -1004, -192, 15128
33888, -354, 135, 109, -936, -264, 15132
33898, -361, 101, 149, -972, -156, 15076
33908, -338, 130, 125, -952, -256, 15240
33918, -368, 137, 127, -968, -264, 15136
33928, -379, 132, 121, -908, -172, 15176
33938, -360, 125, 140, -920, -280, 15168
33948, -337, 124, 136, -840, -216, 15232
33958, -350, 127, 135, -884, -136, 15140
33968, -331, 122, 141, -848, -204, 15008
33978, -351, 129, 123, -828, -168, 15112
33988, -348, 124, 134, -812, -260, 15132
33998, -353, 105, 125, -980, -208, 15148
34008, -350, 102, 158, -904, -324, 15100
34018, -353, 114, 135, -888, -292, 15208
34028, -382, 136, 120, -1008, -148, 15104
34038, -378, 113, 138, -896, -176, 15120
34048, -326, 108, 127, -880, -228, 15172
34058, -358, 117, 137, -808, -124, 15132
34068, -354, 112, 137, -888, -232, 15128
34078, -367, 122, 151, -848, -208, 15252
34088, -369, 122, 136, -924, -204, 15040
34098, -359, 117, 124, -940, -196, 15156
34108, -354, 121, 131, -896, -288, 15068
34118, -349, 126, 94, -860, -196, 15100
34128, -356, 118, 154, -932, -152, 15052
34138, -362, 128, 134, -880, -108, 15136
34148, -355, 114, 116, -900, -176, 15120
34158, -347, 123, 143, -852, -80, 15152
34168, -359, 119, 128, -904, -192, 15100
34178, -347, 85, 121, -856, -204, 15240
34188, -345, 129, 126, -736, -192, 15168
34198, -330, 125, 132, -940, -232, 15092
34208, -336, 127, 136, -844, -260, 15060
34218, -345, 110, 137, -964, -176, 15108
34228, -358, 139, 132, -948, -180, 15304
34238, -324, 135, 145, -860, -120, 15268
34248, -356, 126, 122, -904, -168, 14964
34258, -346, 117, 121, -852, -220, 15080
34268, -346, 122, 136, -988, -132, 15196
34278, -362, 113, 115, -880, -204, 15076
34288, -339, 121, 125, -908, -224, 15064
34298, -359, 113, 135, -920, -308, 14988
34308, -351, 117, 124, -952, -108, 15148
34318, -357, 115, 142, -924, -136, 15184
34328, -352, 118, 115, -844, -136, 15016
34338, -348, 121, 125, -852, -64, 15096
34348, -358, 145, 136, -764, -256, 15196
34358, -374, 120, 142, -872, -160, 15060
34368, -352, 132, 133, -848, -212, 15276
34378, -347, 120, 138, -928, -300, 15044
34388, -331, 116, 131, -868, -184, 15100
34398, -362, 128, 125, -812, -180, 15188
34408, -348, 140, 115, -908, -156, 15020
34418, -354, 110, 135, -784, -280, 15152
34428, -337, 139, 119, -832, -164, 14988
34438, -363, 104, 116, -968, -236, 15136
34448, -348, 113, 120, -900, -168, 15036
34458, -357, 100, 114, -868, -148, 15156
34468, -366, 115, 139, -912, -160, 15184
34478, -373, 120, 113, -908, -136, 15176
34488, -324, 100, 99, -836, -168, 15104
34498, -369, 130, 113, -832, -240, 15024
34508, -383, 123, 155, -860, -228, 15100
34518, -349, 121, 135, -892, -176, 15300
34528, -366, 113, 111, -920, -232, 15168
34538, -348, 109, 119, -940, -204, 15120
34548, -362, 110, 141, -896, -188, 15008
34558, -325, 139, 122, -848, -188, 14984
34568, -336, 101, 117, -820, -248, 15200
34578, -362, 123, 117, -856, -204, 15224
34588, -347, 115, 119, -828, -320, 15068
34598, -363, 124, 139, -924, -228, 15164
34608, -353, 109, 119, -940, -200, 15184
34618, -359, 123, 121, -900, -192, 15168
34628, -350, 103, 132, -816, -216, 15204
34638, -358, 115, 129, -952, -272, 15084
34648, -364, 129, 150, -852, -284, 15100
34658, -369, 119, 103, -812, -196, 15312
34668, -361, 93, 155, -852, -112, 15172
34678, -332, 133, 143, -972, -168, 15196
34688, -368, 116, 138, -932, -236, 15132
34698, -375, 136, 121, -960, -168, 15208
34708, -349, 130, 130, -932, -156, 15168
34718, -361, 142, 132, -804, -168, 14980
34728, -361, 97, 126, -800, -184, 15096
34738, -349, 111, 145, -788, -236, 15160
34748, -340, 117, 133, -816, -176, 15024
34758, -378, 105, 145, -892, -176, 15136
34768, -369, 119, 121, -864, -208, 15112
34778, -349, 110, 142, -876, -192, 15076
34788, -327, 143, 114, -852, -176, 15176
34798, -359, 106, 118, -940, -232, 15120
34808, -355, 110, 107, -900, -128, 15184
34818, -370, 112, 126, -888, -180, 15120
34828, -347, 109, 125, -956, -112, 15068
34838, -342, 125, 126, -860, -108, 15132
34848, -364, 119, 115, -872, -144, 15080
34858, -329, 113, 119, -796, -164, 15184
34868, -322, 146, 130, -904, -264, 15216
34878, -368, 123, 142, -916, -248, 15132
34888, -357, 135, 140, -804, -144, 15092
34898, -379, 135, 122, -740, -268, 15096
34908, -351, 106, 112, -828, -140, 15092
34918, -332, 131, 132, -908, -224, 15008
34928, -375, 107, 127, -784, -188, 15020
34938, -369, 113, 126, -960, -128, 15164
34948, -375, 92, 132, -760, -200, 15064
34958, -361, 127, 119, -948, -236, 15100
34968, -338, 125, 145, -796, -204, 15232
34978, -352, 122, 132, -1004, -208, 15188
34988, -349, 123, 113, -756, -172, 15192
34998, -340, 124, 140, -860, -196, 15060
35008, -353, 119, 135, -900, -88, 15164
35018, -333, 102, 152, -780, -216, 15140
35028, -331, 105, 143, -840, -100, 15124
35038, -338, 139, 116, -924, -216, 15136
35048, -365, 129, 110, -812, -120, 14948
35058, -358, 116, 134, -884, -252, 15220
35068, -365, 112, 141, -940, -196, 15140
35078, -354, 103, 117, -872, -132, 15100
35088, -368, 127, 162, -816, -188, 15216
35098, -360, 115, 120, -860, -180, 15176
35108, -340, 121, 119, -892, -156, 15032
35118, -353, 112, 122, -888, -256, 15208
35128, -337, 86, 125, -840, -224, 15172
35138, -364, 146, 111, -880, -220, 15168
35148, -346, 110, 144, -832, -108, 15072
35158, -356, 132, 134, -948, -128, 15224
35168, -357, 109, 111, -808, -128, 15208
35178, -338, 118, 153, -896, -232, 15312
35188, -353, 141, 130, -868, -152, 15196
35198, -371, 131, 125, -888, -160, 15152
35208, -370, 117, 123, -896, -284, 15268
35218, -335, 115, 113, -956, -224, 15200
35228, -351, 105, 119, -884, -180, 15104
35238, -364, 118, 122, -728, -196, 15128
35248, -360, 121, 138, -780, -160, 15088
35258, -362, 136, 125, -880, -276, 15176
35268, -335, 133, 138, -900, -160, 15148
35278, -346, 111, 143, -856, -280, 15040
35288, -322, 124, 146, -856, -280, 15128
35298, -350, 134, 147, -928, -212, 15188
35308, -365, 116, 111, -924, -176, 15104
35318, -338, 130, 117, -828, -228, 15080
35328, -349, 105, 138, -860, -264, 15128
35338, -334, 113, 124, -784, -268, 15040
35348, -371, 95, 136, -864, -200, 15188
35358, -350, 90, 134, -776, -228, 15156
35368, -371, 104, 140, -828, -284, 15188
35378, -319, 127, 128, -872, -236, 15064
35388, -380, 114, 136, -812, -200, 15144
35398, -350, 122, 129, -880, -232, 15316
35408, -363, 107, 109, -824, -176, 15228
35418, -348, 119, 145, -784, -224, 15120
35428, -345, 114, 124, -872, -228, 15100
35438, -353, 114, 120, -868, -232, 15232
35448, -349, 125, 125, -776, -164, 15040
35458, -356, 126, 128, -836, -272, 15236
35468, -351, 112, 136, -844, -100, 15084
35478, -378, 93, 134, -936, -184, 15184
35488, -357, 154, 109, -836, -180, 15024
35498, -366, 113, 113, -908, -204, 15084
35508, -339, 99, 129, -808, -116, 15044
35518, -366, 116, 150, -868, -168, 14972
35528, -368, 123, 121, -872, -172, 15336
35538, -349, 146, 124, -836, -68, 15284
35548, -383, 119, 134, -860, -140, 15160
35558, -362, 134, 137, -816, -120, 15008
35568, -338, 121, 120, -952, -252, 15016
35578, -375, 128, 142, -856, -176, 15232
35588, -352, 108, 129, -808, -216, 15120
35598, -341, 126, 112, -824, -164, 15060
35608, -352, 120, 127, -820, -228, 15260
35618, -379, 138, 131, -876, -180, 15048
35628, -321, 113, 127, -856, -168, 15160
35638, -380, 118, 118, -892, -168, 14988
35648, -338, 105, 127, -836, -176, 15140
35658, -337, 91, 131, -836, -164, 15192
35668, -360, 125, 138, -916, -224, 15160
35678, -339, 101, 157, -872, -256, 15208
35688, -352, 133, 149, -860, -180, 15124
35698, -352, 147, 146, -796, -196, 15068
35708, -353, 147, 123, -808, -144, 14968
35718, -334, 126, 132, -840, -156, 15184
35728, -340, 119, 129, -872, -224, 14932
35738, -350, 116, 113, -864, -280, 15164
35748, -358, 137, 128, -848, -152, 15152
35758, -337, 113, 144, -848, -152, 15100
35768, -356, 109, 121, -848, -200, 15216
35778, -363, 124, 116, -852, -68, 14972
35788, -354, 139, 141, -920, -184, 15184
35798, -361, 106, 148, -892, -176, 15064
35808, -359, 105, 140, -864, -160, 15108
35818, -367, 111, 129, -820, -256, 15200
35828, -360, 120, 118, -876, -240, 15216
35838, -354, 117, 142, -876, -276, 15364
35848, -363, 129, 138, -884, -180, 15120
35858, -332, 131, 158, -956, -256, 15052
35868, -352, 122, 113, -796, -180, 15136
35878, -346, 131, 139, -824, -224, 15016
35888, -358, 137, 123, -948, -192, 15212
35898, -337, 124, 122, -920, -256, 15104
35908, -348, 123, 111, -904, -168, 15092
35918, -334, 87, 113, -912, -196, 15236
35928, -333, 109, 119, -832, -228, 15112
35938, -375, 141, 119, -824, -140, 15188
35948, -365, 126, 138, -876, -196, 15172
35958, -358, 123, 142, -856, -164, 15076
35968, -362, 137, 122, -856, -268, 15180
35978, -335, 120, 132, -900, -240, 15136
35988, -364, 111, 117, -904, -100, 15184
35998, -368, 116, 145, -800, -144, 15164
36008, -342, 130, 103, -880, -180, 15224
36018, -338, 112, 145, -876, -116, 15032
36028, -362, 119, 136, -872, -180, 15016
36038, -366, 134, 121, -896, -136, 15248
36048, -333, 135, 158, -984, -212, 15092
36058, -364, 113, 126, -932, -184, 15040
36068, -348, 115, 114, -864, -112, 15064
36078, -350, 141, 112, -928, -136, 15040
36088, -358, 118, 140, -844, -280, 15108
36098, -351, 123, 122, -836, -208, 15084
36108, -352, 128, 120, -856, -216, 15148
36118, -364, 136, 143, -752, -212, 15196
36128, -344, 127, 110, -884, -176, 15052
36138, -336, 123, 129, -816, -48, 15272
36148, -337, 141, 119, -876, -180, 15112
36158, -334, 111, 111, -852, -244, 15160
36168, -347, 131, 117, -908, -100, 15220
36178, -324, 135, 119, -960, -160, 15052
36188, -362, 113, 148, -908, -280, 15096
36198, -355, 130, 124, -752, -124, 15052
36208, -352, 98, 124, -884, -216, 15120
36218, -338, 105, 123, -832, -224, 14916
36228, -352, 142, 106, -808, -84, 15164
36238, -342, 99, 121, -980, -116, 15296
36248, -339, 130, 125, -776, -152, 15176
36258, -336, 109, 123, -816, -228, 15024
36268, -353, 127, 148, -836, -176, 15080
36278, -340, 150, 141, -936, -240, 15160
36288, -358, 126, 132, -920, -284, 15088
36298, -342, 100, 122, -844, -192, 15188
36308, -339, 112, 128, -828, -180, 15064
36318, -362, 116, 101, -948, -144, 15072
36328, -359, 96, 124, -960, -156, 15224
36338, -371, 133, 139, -804, -88, 15076
36348, -340, 112, 105, -852, -144, 15184
36358, -350, 120, 130, -884, -212, 15244
36368, -367, 106, 117, -880, -296, 15120
36378, -365, 132, 128, -836, -96, 15200
36388, -352, 115, 103, -836, -172, 15112
36398, -353, 108, 124, -868, -192, 15088
36408, -350, 99, 143, -828, -248, 15164
36418, -363, 130, 140, -928, -156, 15184
36428, -365, 142, 147, -844, -244, 15044
36438, -350, 133, 136, -912, -200, 15128
36448, -325, 120, 120, -884, -236, 15064
36458, -350, 122, 129, -952, -92, 15196
36468, -351, 115, 122, -1024, -236, 15104
36478, -340, 110, 125, -868, -176, 15128
36488, -362, 124, 115, -880, -256, 15124
36498, -341, 134, 128, -900, -156, 15056
36508, -357, 83, 118, -888, -132, 15032
36518, -371, 110, 137, -840, -168, 15232
36528, -357, 99, 139, -888, -160, 15156
36538, -362, 118, 153, -880, -156, 15172
36548, -339, 97, 125, -880, -220, 15216
36558, -360, 109, 137, -888, -160, 15068
36568, -355, 122, 118, -912, -172, 15080
36578, -352, 102, 121, -876, -176, 15132
36588, -348, 127, 166, -892, -124, 15104
36598, -355, 131, 143, -824, -256, 15008
36608, -351, 139, 126, -840, -176, 15064
36618, -351, 87, 130, -872, -224, 15144
36628, -366, 102, 121, -884, -248, 15128
36638, -356, 110, 137, -808, -184, 15176
36648, -354, 111, 125, -812, -148, 15164
36658, -354, 113, 144, -844, -80, 15148
36668, -355, 98, 142, -868, -180, 15216
36678, -354, 84, 138, -784, -176, 15116
36688, -350, 97, 122, -944, -236, 15172
36698, -348, 114, 140, -816, -200, 15076
36708, -361, 124, 105, -928, -272, 15312
36718, -342, 104, 140, -832, -224, 15056
36728, -358, 131, 123, -872, -240, 15212
36738, -354, 125, 127, -936, -168, 14992
36748, -338, 104, 131, -904, -148, 15096
36758, -358, 147, 149, -864, -224, 15144
36768, -342, 126, 135, -896, -264, 15116
36778, -354, 130, 134, -836, -236, 15108
36788, -338, 122, 113, -912, -224, 15188
36798, -342, 114, 125, -800, -136, 15372
36808, -358, 128, 144, -812, -264, 15272
36818, -361, 135, 125, -764, -168, 15076
36828, -356, 138, 124, -968, -272, 15104
36838, -353, 128, 128, -860, -236, 15008
36848, -371, 103, 124, -872, -188, 15116
36858, -352, 100, 114, -880, -188, 15152
36868, -339, 92, 144, -864, -160, 15200
36878, -353, 116, 142, -756, -180, 15056
36888, -335, 151, 132, -912, -188, 15208
36898, -364, 118, 126, -912, -124, 15072
36908, -351, 145, 125, -864, -200, 15148
36918, -362, 103, 136, -880, -132, 15108
36928, -338, 114, 133, -816, -232, 15196
36938, -353, 107, 137, -912, -148, 15108
36948, -375, 147, 123, -888, -164, 15116
36958, -347, 112, 126, -760, -216, 15152
36968, -344, 107, 136, -940, -184, 15328
36978, -319, 112, 135, -920, -192, 15120
36988, -335, 111, 136, -868, -292, 15208
36998, -346, 117, 126, -956, -228, 15252
37008, -363, 109, 142, -932, -196, 15028
37018, -362, 131, 128, -968, -164, 15244
37028, -357, 131, 162, -888, -148, 15128
37038, -336, 134, 138, -828, -148, 15160
37048, -341, 116, 135, -784, -192, 15180
37058, -358, 134, 152, -820, -160, 15108
37068, -366, 122, 115, -848, -184, 15172
37078, -347, 127, 143, -860, -244, 15160
37088, -348, 128, 119, -936, -236, 15120
37098, -353, 112, 119, -932, -200, 15208
37108, -333, 122, 144, -884, -216, 15176
37118, -368, 90, 129, -860, -232, 15192
37128, -366, 123, 123, -924, -168, 15252
37138, -344, 113, 144, -884, -188, 15224
37148, -345, 131, 120, -872, -140, 15104
37158, -349, 110, 126, -900, -188, 15276
37168, -351, 131, 131, -924, -240, 15212
37178, -337, 129, 124, -884, -136, 15236
37188, -336, 118, 122, -784, -152, 15232
37198, -366, 142, 119, -876, -196, 15048
37208, -365, 130, 132, -948, -188, 15268
37218, -369, 106, 119, -968, -196, 15152
37228, -332, 110, 123, -896, -176, 15140
37238, -348, 113, 134, -928, -216, 15068
37248, -328, 113, 144, -704, -204, 15036
37258, -358, 130, 150, -820, -204, 15144
37268, -337, 133, 108, -868, -208, 15020
37278, -354, 122, 134, -836, -244, 15216
37288, -381, 126, 117, -820, -140, 15056
37298, -356, 116, 125, -912, -252, 15172
37308, -356, 127, 146, -852, -180, 15012
37318, -356, 135, 130, -920, -180, 15172
37328, -357, 116, 138, -900, -208, 15096
37338, -354, 140, 134, -944, -184, 15016
37348, -349, 136, 130, -872, -144, 15204
37358, -350, 111, 136, -864, -80, 15068
37368, -360, 124, 127, -868, -200, 15156
37378, -348, 142, 151, -916, -180, 15288
37388, -371, 143, 132, -836, -264, 15112
37398, -349, 116, 124, -980, -248, 15040
37408, -363, 129, 130, -868, -188, 15096
37418, -352, 99, 158, -880, -196, 15284
37428, -362, 126, 116, -780, -116, 15008
37438, -332, 127, 142, -880, -72, 15120
37448, -353, 97, 137, -804, -168, 15168
37458, -347, 134, 125, -868, -200, 15084
37468, -349, 119, 131, -856, -164, 15120
37478, -362, 103, 117, -904, -184, 14972
37488, -322, 107, 125, -900, -300, 14968
37498, -339, 93, 148, -856, -180, 15068
37508, -374, 124, 126, -780, -184, 15140
37518, -331, 143, 115, -896, -232, 15168
37528, -345, 104, 117, -904, -196, 15088
37538, -362, 125, 148, -956, -216, 15164
37548, -367, 133, 139, -912, -196, 15108
37558, -348, 110, 130, -812, -168, 14968
37568, -339, 124, 116, -824, -204, 15012
37578, -347, 122, 149, -932, -208, 15000
37588, -354, 109, 142, -836, -280, 15220
37598, -348, 125, 135, -824, -176, 15188
37608, -341, 112, 103, -984, -236, 15128
37618, -364, 130, 129, -756, -180, 15120
37628, -370, 97, 137, -860, -164, 15088
37638, -355, 110, 118, -924, -148, 15116
37648, -357, 111, 111, -832, -232, 15196
37658, -377, 137, 113, -776, -188, 15208
37668, -359, 121, 150, -844, -192, 15096
37678, -354, 124, 119, -888, -140, 15160
37688, -355, 84, 141, -912, -172, 15108
37698, -349, 103, 126, -816, -204, 15208
37708, -361, 135, 143, -864, -180, 15176
37718, -360, 110, 146, -868, -216, 15096
37728, -341, 110, 138, -876, -172, 15076
37738, -351, 132, 128, -780, -280, 15060
37748, -341, 132, 115, -868, -200, 15108
37758, -354, 114, 125, -884, -184, 15204
37768, -328, 117, 134, -976, -264, 15280
37778, -348, 129, 117, -880, -244, 15216
37788, -350, 129, 140, -836, -220, 15068
37798, -325, 118, 145, -916, -216, 15116
37808, -332, 115, 138, -844, -228, 15040
37818, -356, 136, 138, -844, -168, 15132
37828, -356, 102, 112, -884, -212, 15284
37838, -351, 114, 121, -852, -164, 15068
37848, -347, 122, 122, -816, -236, 15016
37858, -347, 124, 114, -936, -180, 15128
37868, -355, 136, 121, -864, -168, 15088
37878, -346, 115, 125, -848, -212, 15116
37888, -357, 118, 111, -796, -164, 15120
37898, -362, 125, 142, -848, -156, 15188
37908, -335, 113, 128, -784, -232, 15292
37918, -344, 127, 125, -932, -208, 15004
37928, -335, 123, 125, -888, -196, 15164
37938, -355, 134, 112, -852, -284, 15080
37948, -315, 112, 123, -876, -132, 15164
37958, -351, 138, 118, -908, -268, 15100
37968, -340, 102, 145, -804, -328, 15172
37978, -342, 122, 154, -776, -248, 15060
37988, -349, 110, 139, -820, -268, 15172
37998, -342, 107, 137, -828, -248, 15036
38008, -338, 139, 123, -848, -180, 15280
38018, -349, 109, 136, -796, -236, 15092
38028, -361, 117, 117, -1000, -136, 15240
38038, -326, 132, 140, -868, -204, 15200
38048, -316, 109, 138, -988, -180, 15156
38058, -366, 118, 110, -824, -304, 15060
38068, -345, 124, 158, -828, -216, 15156
38078, -351, 102, 145, -916, -96, 15084
38088, -357, 146, 141, -928, -200, 15080
38098, -358, 118, 139, -820, -208, 15132
38108, -358, 130, 151, -788, -260, 15180
38118, -340, 122, 135, -932, -144, 15188
38128, -337, 82, 110, -848, -220, 15164
38138, -349, 115, 142, -792, -236, 15100
38148, -350, 121, 97, -980, -248, 15168
38158, -360, 116, 151, -772, -164, 14992
38168, -384, 130, 133, -800, -248, 15016
38178, -357, 105, 130, -860, -204, 15096
38188, -349, 122, 137, -896, -168, 15032
38198, -362, 134, 162, -816, -172, 15164
38208, -340, 133, 134, -856, -200, 15048
38218, -359, 132, 135, -860, -132, 14984
38228, -358, 111, 111, -832, -196, 15212
38238, -366, 99, 130, -860, -176, 15136
38248, -358, 97, 139, -808, -116, 15220
38258, -340, 104, 141, -756, -244, 15200
38268, -352, 108, 119, -948, -188, 15052
38278, -347, 116, 118, -884, -152, 15128
38288, -350, 108, 130, -868, -204, 15116
38298, -363, 129, 111, -896, -204, 15236
38308, -352, 106, 116, -808, -148, 15028
38318, -377, 113, 130, -888, -276, 15200
38328, -338, 134, 117, -772, -236, 15192
38338, -356, 98, 141, -800, -216, 15008
38348, -370, 123, 130, -892, -132, 15096
38358, -332, 138, 142, -912, -156, 15152
38368, -360, 105, 141, -812, -180, 15136
38378, -359, 156, 147, -836, -272, 15052
38388, -355, 119, 117, -880, -260, 15000
38398, -346, 118, 117, -932, -184, 15228
38408, -331, 143, 144, -928, -220, 14988
38418, -342, 108, 129, -868, -268, 14992
38428, -369, 142, 121, -908, -232, 15148
38438, -345, 117, 136, -792, -116, 15228
38448, -324, 87, 128, -828, -224, 14996
38458, -348, 129, 129, -936, -236, 15096
38468, -357, 121, 133, -788, -192, 15176
38478, -358, 127, 127, -804, -172, 15172
38488, -353, 110, 140, -904, -148, 15180
38498, -340, 117, 157, -924, -104, 15120
38508, -335, 134, 142, -968, -232, 15084
38518, -341, 115, 124, -892, -224, 15216
38528, -344, 113, 117, -836, -216, 15136
38538, -367, 109, 145, -892, -152, 15196
38548, -357, 94, 138, -884, -148, 15164
38558, -326, 102, 129, -900, -200, 15076
38568, -391, 111, 140, -896, -212, 15168
38578, -363, 99, 129, -900, -156, 15304
38588, -356, 129, 116, -932, -232, 14968
38598, -340, 120, 138, -908, -188, 15072
38608, -348, 111, 133, -888, -136, 15160
38618, -367, 117, 142, -784, -204, 15044
38628, -354, 114, 128, -964, -216, 15072
38638, -362, 115, 145, -848, -236, 15064
38648, -354, 119, 136, -800, -164, 15076
38658, -343, 118, 135, -816, -108, 15276
38668, -330, 129, 112, -836, -208, 15104
38678, -366, 132, 144, -832, -212, 15216
38688, -357, 129, 157, -832, -272, 15108
38698, -355, 137, 120, -848, -240, 14992
38708, -367, 139, 116, -768, -152, 15180
38718, -348, 137, 116, -908, -196, 15000
38728, -355, 117, 125, -812, -228, 15164
38738, -334, 108, 137, -836, -176, 15312
38748, -371, 114, 112, -880, -204, 15104
38758, -344, 130, 127, -840, -248, 15176
38768, -353, 94, 121, -744, -212, 15232
38778, -359, 125, 115, -932, -92, 15164
38788, -346, 122, 125, -956, -160, 15076
38798, -348, 127, 116, -772, -236, 15100
38808, -353, 129, 125, -840, -136, 15108
38818, -350, 116, 121, -848, -252, 15024
38828, -329, 83, 121, -916, -148, 15000
38838, -359, 115, 132, -940, -228, 15260
38848, -358, 107, 126, -932, -156, 14940
38858, -331, 107, 124, -944, -220, 15304
38868, -365, 146, 122, -876, -184, 15052
38878, -370, 100, 122, -820, -224, 15076
38888, -341, 122, 141, -900, -216, 15140
38898, -372, 106, 126, -904, -168, 15028
38908, -332, 127, 128, -936, -280, 15028
38918, -339, 107, 118, -848, -216, 15048
38928, -338, 121, 119, -872, -220, 15192
38938, -354, 114, 125, -820, -188, 15104
38948, -354, 109, 113, -948, -180, 15128
38958, -359, 122, 137, -852, -204, 15104
38968, -355, 103, 132, -908, -268, 15352
38978, -347, 117, 118, -924, -196, 15240
38988, -359, 107, 141, -928, -200, 15088
38998, -370, 133, 142, -880, -180, 15200
39008, -348, 143, 135, -904, -264, 15156
39018, -350, 144, 123, -944, -272, 15024
39028, -349, 111, 98, -772, -152, 15148
39038, -353, 131, 138, -852, -208, 15304
39048, -354, 125, 127, -956, -104, 15072
39058, -360, 143, 133, -908, -212, 15052
39068, -372, 145, 136, -844, -128, 15124
39078, -353, 107, 133, -804, -208, 15056
39088, -355, 162, 148, -868, -80, 15164
39098, -361, 117, 141, -892, -148, 15144
39108, -347, 132, 125, -888, -184, 15112
39118, -345, 105, 110, -856, -148, 15032
39128, -331, 123, 134, -868, -236, 15004
39138, -381, 119, 127, -948, -184, 15096
39148, -344, 118, 127, -880, -156, 15108
39158, -355, 127, 108, -856, -168, 15136
39168, -321, 126, 117, -916, -192, 15076
39178, -352, 126, 128, -796, -108, 15124
39188, -328, 114, 146, -776, -212, 15088
39198, -324, 125, 129, -984, -216, 15040
39208, -358, 124, 137, -928, -156, 15280
39218, -347, 147, 150, -800, -232, 15128
39228, -347, 128, 138, -820, -192, 15140
39238, -370, 96, 150, -864, -156, 15180
39248, -353, 121, 133, -980, -164, 15068
39258, -350, 110, 111, -900, -280, 15196
39268, -350, 110, 131, -924, -136, 15108
39278, -354, 144, 136, -892, -156, 15232
39288, -339, 123, 118, -908, -220, 15140
39298, -359, 134, 141, -860, -180, 15164
39308, -334, 109, 118, -904, -156, 15016
39318, -332, 148, 124, -880, -200, 15096
39328, -352, 139, 139, -880, -204, 15184
39338, -358, 115, 118, -884, -160, 15268
39348, -364, 122, 149, -828, -272, 15180
39358, -355, 139, 124, -820, -156, 15156
39368, -343, 103, 123, -756, -268, 15272
39378, -332, 104, 147, -848, -204, 15272
39388, -320, 106, 137, -880, -248, 15136
39398, -340, 131, 125, -844, -180, 15228
39408, -336, 108, 133, -796, -164, 15252
39418, -364, 138, 136, -796, -180, 15148
39428, -361, 147, 115, -900, -312, 15144
39438, -352, 108, 137, -784, -300, 15204
39448, -367, 132, 122, -860, -132, 15252
39458, -347, 121, 136, -860, -192, 15052
39468, -351, 130, 134, -776, -144, 15116
39478, -356, 112, 143, -904, -284, 15112
39488, -361, 125, 120, -816, -216, 15212
39498, -368, 116, 122, -916, -196, 14960
39508, -349, 114, 135, -952, -188, 15124
39518, -361, 110, 101, -816, -96, 15276
39528, -358, 114, 138, -788, -144, 15012
39538, -350, 140, 121, -884, -164, 15092
39548, -363, 140, 102, -908, -128, 15188
39558, -357, 130, 145, -924, -144, 15236
39568, -328, 102, 131, -892, -208, 15320
39578, -365, 113, 142, -840, -148, 15284
39588, -335, 113, 116, -948, -260, 15148
39598, -347, 99, 149, -816, -80, 15064
39608, -355, 136, 134, -912, -212, 15184
39618, -335, 109, 132, -852, -228, 15040
39628, -339, 129, 121, -860, -156, 14972
39638, -366, 118, 133, -892, -132, 15092
39648, -358, 121, 110, -924, -156, 15048
39658, -341, 129, 133, -932, -160, 15180
39668, -336, 123, 137, -896, -168, 15068
39678, -358, 111, 128, -840, -224, 15192
39688, -342, 88, 132, -880, -180, 15164
39698, -334, 119, 129, -832, -172, 15192
39708, -353, 146, 147, -824, -192, 15212
39718, -350, 117, 131, -844, -248, 15100
39728, -349, 106, 132, -908, -224, 15148
39738, -344, 122, 119, -860, -228, 15308
39748, -348, 113, 108, -940, -168, 15064
39758, -369, 111, 122, -876, -148, 15112
39768, -339, 113, 145, -884, -40, 15180
39778, -346, 141, 130, -896, -232, 15048
39788, -353, 122, 136, -880, -200, 15060
39798, -371, 114, 151, -848, -156, 15132
39808, -349, 124, 136, -852, -288, 15176
39818, -361, 125, 139, -832, -184, 15148
39828, -343, 125, 117, -924, -320, 15172
39838, -364, 106, 140, -892, -176, 15192
39848, -356, 105, 140, -868, -232, 15188
39858, -339, 119, 127, -848, -136, 15076
39868, -334, 146, 100, -840, -172, 15164
39878, -361, 95, 131, -844, -208, 15252
39888, -362, 110, 134, -944, -164, 15200
39898, -328, 115, 129, -848, -160, 15120
39908, -349, 122, 131, -1000, -300, 15052
39918, -330, 149, 140, -816, -204, 15172
39928, -362, 138, 128, -780, -168, 15076
39938, -365, 103, 114, -900, -192, 15028
39948, -355, 106, 128, -924, -256, 15244
39958, -361, 133, 138, -880, -128, 15212
39968, -355, 111, 91, -820, -228, 15236
39978, -363, 106, 124, -864, -112, 15052
39988, -379, 98, 109, -1028, -112, 15124
39998, -363, 108, 164, -808, -272, 15208
40008, -345, 114, 154, -820, -236, 15088
40018, -340, 98, 132, -892, -228, 15076
40028, -347, 135, 121, -868, -188, 15232
40038, -336, 126, 128, -896, -124, 15084
40048, -333, 116, 136, -864, -176, 15136
40058, -375, 119, 150, -912, -128, 15088
40068, -333, 96, 129, -808, -124, 15072
40078, -339, 137, 138, -908, -196, 15004
40088, -338, 99, 134, -844, -216, 15040
40098, -358, 116, 132, -896, -196, 15136
40108, -321, 120, 113, -904, -268, 15292
40118, -348, 114, 128, -840, -192, 15180
40128, -344, 110, 128, -844, -196, 15180
40138, -364, 128, 115, -856, -204, 15212
40148, -342, 137, 122, -908, -136, 15012
40158, -339, 100, 117, -892, -196, 15040
40168, -357, 107, 144, -840, -160, 15044
40178, -354, 125, 140, -792, -184, 15136
40188, -351, 108, 140, -852, -284, 15184
40198, -350, 112, 119, -912, -132, 15072
40208, -348, 120, 132, -844, -168, 15152
40218, -345, 103, 130, -984, -252, 15096
40228, -349, 104, 139, -828, -236, 15168
40238, -367, 112, 113, -788, -188, 15172
40248, -350, 124, 148, -828, -252, 15232
40258, -339, 104, 118, -944, -244, 15148
40268, -361, 112, 131, -892, -252, 15124
40278, -370, 101, 130, -936, -200, 15140
40288, -338, 129, 126, -960, -176, 15224
40298, -346, 96, 117, -868, -180, 15104
40308, -328, 119, 106, -912, -148, 15160
40318, -354, 128, 129, -928, -252, 15104
40328, -351, 108, 125, -856, -136, 15072
40338, -354, 128, 148, -856, -248, 15196
40348, -362, 128, 120, -876, -152, 15136
40358, -315, 110, 125, -876, -228, 15056
40368, -346, 135, 124, -892, -180, 15104
40378, -351, 108, 114, -896, -180, 15236
40388, -342, 114, 148, -884, -168, 15096
40398, -352, 95, 126, -812, -240, 15152
40408, -337, 124, 128, -832, -148, 15024
40418, -346, 132, 118, -840, -316, 15160
40428, -347, 125, 137, -888, -200, 15288
40438, -334, 140, 132, -884, -168, 15060
40448, -337, 137, 148, -880, -196, 15140
40458, -336, 122, 136, -916, -208, 15068
40468, -341, 131, 122, -768, -164, 15220
40478, -331, 124, 111, -880, -128, 15104
40488, -361, 120, 138, -868, -136, 15080
40498, -360, 93, 120, -828, -240, 15076
40508, -350, 127, 131, -820, -236, 15124
40518, -327, 111, 120, -856, -184, 15320
40528, -368, 137, 150, -900, -180, 15056
40538, -375, 130, 137, -836, -272, 15148
40548, -340, 125, 124, -808, -268, 15164
40558, -355, 143, 140, -900, -160, 15016
40568, -366, 104, 120, -936, -244, 15116
40578, -371, 114, 126, -860, -164, 15116
40588, -353, 120, 178, -808, -88, 15104
40598, -345, 131, 165, -904, -212, 15140
40608, -361, 135, 139, -892, -204, 15132
40618, -354, 114, 124, -784, -224, 15104
40628, -340, 119, 116, -752, -228, 15140
40638, -363, 140, 138, -816, -180, 15188
40648, -358, 123, 127, -992, -204, 15224
40658, -350, 89, 122, -812, -208, 15136
40668, -374, 121, 121, -872, -244, 15184
40678, -360, 141, 156, -784, -236, 15096
40688, -352, 139, 141, -904, -256, 15076
40698, -359, 110, 117, -940, -256, 14992
40708, -343, 129, 148, -836, -180, 15276
40718, -366, 129, 131, -836, -160, 15220
40728, -322, 137, 113, -888, -152, 15192
40738, -347, 151, 130, -852, -180, 15104
40748, -343, 91, 126, -900, -232, 14912
40758, -359, 117, 137, -872, -240, 15268
40768, -368, 93, 113, -844, -244, 15272
40778, -362, 125, 124, -888, -244, 15116
40788, -363, 109, 150, -856, -228, 15108
40798, -342, 135, 163, -816, -244, 15084
40808, -361, 129, 133, -900, -72, 15136
40818, -387, 98, 119, -864, -184, 15272
40828, -395, 154, 122, -376, -296, 15276
40838, -372, 239, 309, -576, -216, 15052
40848, -419, 190, 439, -676, -168, 15208
40858, -399, 125, 390, -968, -100, 15228
40868, -421, 144, 563, -872, -140, 15220
40878, -399, 143, 497, -1012, -104, 15232
40888, -488, 195, 783, -104, -140, 15456
40898, -436, 203, 601, -696, -276, 15208
40908, -456, 180, 624, -476, -332, 15376
40918, -479, 71, 575, -1192, -200, 15112
40928, -477, 101, 640, -712, -164, 15120
40938, -473, 180, 543, -884, -188, 15080
40948, -403, 142, 373, -1188, -196, 14832
40958, -424, 238, 403, -472, -228, 15180
40968, -569, 98, 628, -692, -236, 15136
40978, -605, 303, 619, -808, -196, 15272
40988, -747, 175, 707, -664, -92, 15220
40998, -736, 199, 717, -672, -228, 15288
41008, -817, 490, 748, -1024, -264, 15220
41018, -900, 787, 787, -920, -172, 15288
41028, -885, 669, 813, -1248, -320, 15008
41038, -902, 687, 839, -880, -284, 15220
41048, -994, 1056, 886, -604, -212, 15660
41058, -1131, 2286, 906, -576, -280, 15572
41068, -1217, 4050, 876, -596, -452, 15660
41078, -1288, 6511, 737, -968, -468, 16060
41088, -1383, 9533, 554, -1064, -812, 16084
41098, -1455, 11631, 456, -1240, -812, 15536
41108, -1498, 12465, 489, -1596, -504, 15184
41118, -1481, 12625, 536, -1852, -416, 14880
41128, -1293, 11519, 442, -2840, -168, 14704
41138, -1138, 8613, 477, -2980, -216, 13880
41148, -823, 6565, 553, -3208, -216, 14272
41158, -656, 6539, 301, -2872, -24, 15040
41168, -613, 8079, 174, -2668, -320, 15800
41178, -516, 9999, 5, -3160, -352, 15552
41188, -445, 11320, -255, -3480, -408, 14988
41198, -361, 12015, -271, -3292, -448, 14860
41208, -474, 11955, -312, -3872, -440, 14492
41218, -417, 11427, -371, -4228, -624, 14024
41228, -424, 10192, -311, -4496, -532, 13672
41238, -456, 8749, -182, -4484, -600, 13592
41248, -464, 7253, -87, -4868, -544, 13300
41258, -376, 5967, -32, -5016, -536, 13516
41268, -388, 4809, 50, -5092, -532, 13648
41278, -358, 3853, 86, -5260, -604, 13816
41288, -337, 3180, 86, -5136, -508, 13760
41298, -351, 2657, 120, -5188, -492, 14064
41308, -387, 2526, 87, -5264, -484, 14216
41318, -372, 2608, 24, -5252, -488, 13940
41328, -363, 2374, 10, -5372, -404, 13912
41338, -345, 1807, 33, -5324, -568, 13684
41348, -401, 912, 115, -5380, -476, 13712
41358, -398, 424, 173, -5348, -492, 13884
41368, -359, 373, 190, -5396, -488, 14016
41378, -339, 221, 173, -5460, -508, 13808
41388, -348, -229, 217, -5548, -520, 13856
41398, -315, -597, 177, -5432, -516, 13792
41408, -306, -968, 195, -5320, -640, 13856
41418, -377, -1119, 198, -5392, -600, 13980
41428, -339, -206, 1, -5408, -516, 14780
41438, -347, 1696, -81, -5156, -472, 15116
41448, -447, 3739, -318, -5292, -408, 15408
41458, -381, 6324, -892, -6608, -1068, 14740
41468, -94, 8922, -1350, -5356, -1676, 14876
41478, -44, 9993, -1350, -5424, -768, 14088
41488, -92, 9700, -1408, -5964, -568, 13484
41498, -31, 9168, -1259, -5668, -416, 13052
41508, 13, 8053, -825, -5760, -260, 12776
41518, 20, 6120, -366, -6256, 156, 12304
41528, -137, 3512, 46, -6404, 232, 12392
41538, -182, 913, 349, -6960, -740, 12124
41548, -109, -1150, 407, -6928, -624, 12576
41558, -141, -2515, 494, -6656, -576, 12928
41568, -179, -2823, 449, -6664, -468, 13720
41578, -285, -1879, 327, -6428, -480, 14424
41588, -299, -473, 207, -6432, -580, 14248
41598, -340, 498, 145, -6376, -476, 13852
41608, -398, 983, 95, -6436, -492, 13836
41618, -439, 1043, 101, -6384, -472, 13348
41628, -431, 657, 146, -6580, -576, 13240
41638, -386, -19, 208, -6480, -448, 13044
41648, -357, -899, 255, -6632, -544, 12972
41658, -388, -1968, 316, -6516, -544, 13008
41668, -375, -3099, 366, -6604, -524, 12908
41678, -413, -4552, 363, -6544, -424, 12776
41688, -480, -6294, 442, -6356, -128, 12732
41698, -538, -8102, 680, -6076, -36, 12892
41708, -574, -9709, 957, -5632, -152, 13108
41718, -635, -11283, 1083, -5592, -56, 13268
41728, -712, -12684, 1185, -5132, 12, 13484
41738, -797, -13847, 1423, -5128, -232, 13800
41748, -858, -14442, 1541, -4844, -492, 13976
41758, -841, -14681, 1598, -4464, -516, 14112
41768, -723, -15007, 1491, -4292, -428, 14164
41778, -723, -15561, 1576, -3716, -440, 14160
41788, -638, -16000, 1762, -3196, -408, 14072
41798, -547, -16350, 2040, -3008, -588, 14660
41808, -555, -16376, 2027, -2640, -272, 14888
41818, 506, -15069, 2115, -1684, -912, 16400
41828, 1043, -10461, 1880, -2188, 8, 16196
41838, 519, -9969, 1253, -2468, -540, 16088
41848, 267, -9560, 1270, -1564, -788, 15328
41858, 193, -9071, 1553, -1272, -644, 15576
41868, -1, -8172, 1692, -1076, -604, 15684
41878, -157, -7362, 1759, -1192, -464, 15420
41888, -174, -6884, 1785, -948, -304, 15200
41898, -130, -6704, 1767, -980, -220, 15032
41908, -84, -5778, 1477, -1332, -672, 15972
41918, -223, -879, 683, -1120, -1444, 16268
41928, -432, 26, 431, -1244, -1048, 15084
41938, -573, -640, 595, -888, -476, 15624
41948, -805, -212, 618, -752, -196, 15624
41958, -924, -862, 710, -488, -228, 15340
41968, -848, -480, 678, -1064, -544, 15032
41978, -735, -252, 628, -596, -392, 14744
41988, -585, -381, 715, -440, -448, 15084
41998, -595, -78, 802, -692, -400, 15164
42008, -744, -291, 965, -500, -104, 15536
42018, -895, -564, 1098, -652, -144, 15544
42028, -1012, -1204, 1242, -604, -228, 15588
42038, -1124, -1731, 1485, -380, -260, 15324
42048, -1160, -2187, 1719, -284, -408, 15296
42058, -1022, -2889, 1802, -472, -364, 15316
42068, -1070, -2957, 1880, -448, -408, 15384
42078, -1101, -3088, 1877, -476, -416, 15348
42088, -1093, -3399, 1854, -768, -336, 15456
42098, -1099, -3770, 1767, -552, -384, 15460
42108, -1003, -4382, 1753, -500, -504, 15404
42118, -872, -4904, 1710, -448, -652, 15288
42128, -680, -6046, 1761, -376, -680, 15688
42138, -677, -6938, 1662, -204, -520, 15740
42148, -813, -7315, 1719, 200, -504, 15608
42158, -720, -8541, 1772, -44, -664, 16032
42168, -599, -10120, 1787, 132, -824, 16356
42178, -752, -10193, 1747, 880, -736, 15200
42188, -891, -9117, 1702, 1376, -864, 14344
42198, -666, -8213, 1588, 1220, -928, 14136
42208, -632, -6833, 1402, 1604, -520, 14092
42218, -711, -4976, 1283, 2144, -512, 14104
42228, -655, -3833, 1220, 1632, -636, 14552
42238, -392, -3647, 1211, 1856, -488, 14736
42248, -417, -3066, 1081, 1828, -516, 14780
42258, -404, -3058, 1026, 1708, -568, 15312
42268, -445, -3303, 874, 1636, -612, 15508
42278, -478, -3900, 888, 1792, -660, 15660
42288, -545, -4577, 874, 1916, -800, 15624
42298, -467, -5379, 957, 2348, -932, 15720
42308, -461, -6354, 1047, 2072, -568, 15716
42318, -446, -6874, 1027, 2292, -680, 15156
42328, -437, -6674, 876, 2672, -864, 14708
42338, -440, -5938, 615, 2632, -704, 14372
42348, -452, -5019, 345, 3104, 140, 14560
42358, -385, -3700, 414, 3604, -756, 14028
42368, -244, -2870, 316, 2976, -572, 14304
42378, -304, -2200, 176, 3376, -544, 14692
42388, -304, -2003, 171, 3660, -960, 15328
42398, -305, -1433, 221, 3400, -640, 14956
42408, -338, -1247, 175, 3004, -656, 15052
42418, -336, -1473, 129, 3308, -648, 15148
42428, -328, -1679, 171, 3388, -724, 14988
42438, -341, -1702, 150, 3524, -720, 14864
42448, -342, -1443, 141, 3472, -644, 14700
42458, -306, -1173, 127, 3576, -640, 14824
42468, -298, -765, 72, 3688, -820, 14740
42478, -320, -384, 78, 3648, -620, 14656
42488, -349, -18, 90, 3672, -636, 14768
42498, -371, 228, 65, 3676, -644, 14852
42508, -357, 461, 87, 3500, -608, 14868
42518, -356, 692, 46, 3540, -676, 14820
42528, -319, 714, 73, 3648, -640, 14908
42538, -302, 758, 70, 3476, -608, 15024
42548, -329, 728, 53, 3360, -708, 15016
42558, -327, 646, 43, 3368, -632, 14960
42568, -346, 664, 25, 3444, -608, 15012
42578, -355, 917, 22, 3496, -660, 14880
42588, -359, 1245, 17, 3564, -720, 14828
42598, -359, 1401, -5, 3404, -708, 14852
42608, -374, 1482, -3, 3504, -612, 14928
42618, -319, 1405, 15, 3372, -652, 15092
42628, -334, 1060, 13, 3204, -688, 15048
42638, -321, 681, 2, 3176, -592, 15104
42648, -318, 566, -17, 3268, -556, 14904
42658, -322, 840, -67, 3372, -716, 14808
42668, -395, 1282, -165, 3272, -620, 14844
42678, -424, 1881, -282, 3260, -756, 14604
42688, -440, 2696, -470, 3268, -716, 14380
42698, -438, 3802, -617, 3168, -704, 14320
42708, -448, 5089, -767, 3004, -740, 14068
42718, -447, 6031, -995, 2408, -396, 15220
42728, -351, 3452, -614, 2552, -212, 17032
42738, -348, 2660, -567, 2584, -1292, 14516
42748, -618, 7542, -969, 3876, -464, 11264
42758, -747, 10425, -1313, 1380, -452, 15044
42768, -294, 2936, -426, 796, 16, 20848
42778, -413, 2259, -494, 3124, -1144, 12156
42788, -742, 8905, -926, 4844, -1004, 10472
42798, -549, 12619, -1323, 1524, -848, 14164
42808, 78, -544, -331, -2688, 760, 29888
42818, -44, -2264, 5, 2900, -1208, 10996
42828, -412, 2592, -381, 2072, -372, 15316
42838, 9, -1020, -304, 528, -1020, 16056
42848, -273, 436, -368, 2280, -232, 15032
42858, -209, -207, -129, 1756, -744, 15132
42868, 51, -291, -81, 1972, -592, 15016
42878, 88, -302, -163, 1852, -600, 15224
42888, 55, -375, -77, 2008, -488, 15196
42898, -26, -175, -30, 1980, -772, 15144
42908, -136, -70, -68, 1784, -372, 15292
42918, -247, 44, -57, 2008, -416, 15256
42928, -356, 188, -1, 1876, -508, 15116
42938, -420, 339, 79, 2004, -680, 15240
42948, -429, 290, 118, 1888, -736, 15232
42958, -395, 235, 94, 1788, -720, 15216
42968, -400, 171, 165, 1920, -744, 15300
42978, -549, 321, 207, 1972, -588, 15172
42988, -644, 495, 131, 1816, -636, 15228
42998, -761, 592, 101, 1700, -608, 15400
43008, -828, 740, -84, 1416, -768, 15268
43018, -902, 803, -216, 1560, -744, 15148
43028, -880, 833, -278, 1608, -560, 15216
43038, -818, 807, -262, 1740, -516, 15148
43048, -1036, 1204, -349, 1716, -648, 15172
43058, -1323, 1795, -453, 1724, -556, 15320
43068, -1573, 2156, -416, 1964, -632, 15268
43078, -1678, 2423, -325, 1788, -612, 15092
43088, -1696, 2479, -292, 1484, -708, 15180
43098, -1588, 2336, -322, 1428, -732, 15040
43108, -1308, 1850, -309, 1144, -776, 14904
43118, -950, 2481, -553, 956, -2176, 12364
43128, -919, 6432, -1087, 1908, -752, 13624
43138, -827, 7481, -1213, 1076, -912, 14760
43148, -531, 6380, -1273, 324, -816, 16004
43158, -428, 4685, -1389, 248, -696, 16288
43168, -507, 3053, -1521, -64, -756, 16188
43178, -534, 1712, -1715, -124, -916, 15928
43188, -508, 995, -1928, 336, -928, 15396
43198, -479, 1253, -2068, 564, -848, 14692
43208, -408, 2080, -2251, 672, -936, 14308
43218, -285, 3108, -2444, 652, -976, 14016
43228, 2, 4194, -2697, 700, -712, 13864
43238, 281, 5321, -2837, 944, -804, 13956
43248, 729, 6447, -2648, 1212, -1084, 13616
43258, 1423, 8626, -2316, 1788, -976, 12028
43268, 2254, 13353, -1915, 2316, -676, 11064
43278, 3224, 20378, -1471, 2396, -164, 11976
43288, 8589, 22474, -461, -2016, -4876, 22608
43298, 9449, 15048, 1489, -828, -756, 20848
43308, 1092, -13514, 601, -32768, 8252, 32767
43318, 597, -6728, 2443, -12648, -3864, 32240
43328, -709, -4561, 5611, 1960, 632, 14292
43338, -912, -4990, 5570, -2512, -164, 14076
43348, -386, -3383, 610, -8624, -476, 15184
43358, -177, -1126, -176, -1596, -1348, 15204
43368, -307, -3036, -213, -1728, -352, 14992
43378, -311, -2461, -24, -336, -176, 15436
43388, -317, -1259, -25, -680, -120, 15136
43398, -326, -1251, -38, -1072, -116, 14980
43408, -336, -1487, -17, -1104, -132, 15148
43418, -336, -1445, -2, -576, -172, 15148
43428, -313, -449, 47, -304, -236, 15380
43438, -347, -163, 152, -1040, -296, 15128
43448, -358, -19, 160, -1080, -188, 15048
43458, -365, 28, 155, -788, -304, 15144
43468, -377, -31, 123, -848, -184, 14900
43478, -345, 9, 131, -976, -244, 15096
43488, -371, 101, 130, -820, -208, 15268
43498, -346, 91, 109, -828, -228, 15072
43508, -336, 89, 126, -852, -136, 15184
43518, -362, 80, 126, -840, -100, 15012
43528, -359, 117, 141, -900, -184, 15052
43538, -357, 125, 123, -812, -220, 15252
43548, -362, 142, 133, -800, -80, 15084
43558, -377, 130, 128, -836, -188, 15108
43568, -355, 122, 133, -924, -168, 15124
43578, -348, 135, 148, -896, -204, 15080
43588, -351, 150, 130, -784, -168, 15148
43598, -341, 121, 139, -880, -212, 15140
43608, -384, 116, 107, -960, -240, 15188
43618, -362, 97, 126, -912, -220, 15248
43628, -342, 103, 127, -844, -136, 15256
43638, -358, 120, 130, -796, -264, 15084
43648, -348, 126, 139, -844, -220, 15048
43658, -323, 124, 120, -912, -168, 15028
43668, -367, 132, 124, -964, -252, 15172
43678, -339, 96, 122, -876, -244, 15252
43688, -339, 141, 121, -856, -256, 14964
43698, -345, 130, 136, -876, -224, 15164
43708, -357, 124, 139, -932, -196, 15120
43718, -362, 86, 125, -956, -192, 15060
43728, -356, 134, 111, -900, -144, 15060
43738, -362, 120, 127, -968, -164, 15160
43748, -345, 125, 130, -876, -148, 15112
43758, -342, 111, 134, -752, -176, 15116
43768, -324, 120, 139, -936, -228, 15068
43778, -378, 128, 129, -904, -108, 15060
43788, -355, 93, 110, -844, -164, 15100
43798, -351, 82, 125, -936, -164, 15068
43808, -335, 87, 109, -948, -356, 15112
43818, -362, 72, 25, -872, -284, 15028
43828, -346, 94, -14, -884, -212, 15060
43838, -337, 64, -50, -1088, -184, 15008
43848, -319, 88, -127, -840, -268, 15232
43858, -294, 114, -157, -868, -220, 15208
43868, -305, 103, -156, -756, -184, 15088
43878, -321, 128, -65, -780, -140, 15160
43888, -356, 87, -75, -816, -148, 15192
43898, -347, 98, -41, -976, -276, 15168
43908, -327, 118, -2, -840, -136, 15056
43918, -330, 175, 21, -740, -220, 15120
43928, -319, 252, 123, -780, -40, 15336
43938, -369, 175, 119, -852, -176, 15136
43948, -371, 198, 87, -904, -204, 15200
43958, -360, 133, 82, -876, -188, 15264
43968, -319, 105, 45, -784, -304, 15092
43978, -350, 108, 91, -840, -176, 14876
43988, -356, 100, 89, -760, -244, 15148
43998, -363, 140, 99, -824, -124, 15060
44008, -339, 144, 114, -824, -184, 15296
44018, -347, 123, 115, -864, -176, 15128
44028, -347, 116, 126, -892, -144, 15228
44038, -370, 92, 123, -844, -176, 15060
44048, -340, 98, 113, -892, -220, 15080
44058, -342, 118, 144, -900, -180, 15176
44068, -313, 127, 152, -772, -136, 15016
44078, -342, 125, 124, -876, -136, 15172
44088, -366, 131, 133, -868, -252, 15184
44098, -353, 103, 136, -908, -208, 14948
44108, -367, 125, 153, -956, -144, 15108
44118, -364, 105, 136, -836, -180, 15104
44128, -344, 99, 135, -836, -212, 15124
44138, -344, 129, 137, -804, -160, 15128
44148, -352, 124, 165, -820, -236, 15100
44158, -349, 108, 124, -868, -176, 15092
44168, -349, 141, 163, -892, -132, 15116
44178, -347, 146, 139, -840, -140, 15148
44188, -354, 87, 123, -908, -204, 15212
44198, -346, 121, 152, -872, -216, 15176
44208, -360, 110, 135, -800, -216, 15052
44218, -329, 101, 148, -880, -176, 15252
44228, -342, 83, 113, -912, -200, 15212
44238, -339, 106, 130, -912, -176, 15364
44248, -374, 137, 141, -848, -216, 15192
44258, -353, 112, 119, -872, -260, 15184
44268, -347, 132, 131, -888, -144, 15212
44278, -328, 124, 129, -872, -192, 15148
44288, -337, 121, 111, -804, -120, 15156
44298, -352, 127, 131, -880, -196, 15000
44308, -367, 124, 133, -872, -224, 15168
44318, -361, 144, 124, -904, -252, 15056
44328, -361, 106, 124, -844, -212, 15108
44338, -346, 111, 130, -792, -132, 15132
44348, -362, 123, 127, -856, -248, 15164
44358, -355, 145, 138, -756, -312, 15188
44368, -352, 111, 130, -920, -136, 15164
44378, -342, 111, 121, -824, -248, 15196
44388, -364, 124, 116, -840, -228, 15108
44398, -350, 113, 124, -820, -204, 15116
44408, -358, 120, 145, -860, -200, 15036
44418, -360, 135, 125, -992, -204, 15216
44428, -353, 104, 143, -828, -272, 15084
44438, -348, 96, 142, -860, -204, 15016
44448, -342, 102, 134, -912, -176, 15024
44458, -346, 125, 107, -892, -116, 15092
44468, -327, 118, 143, -772, -188, 15128
44478, -364, 104, 122, -860, -176, 15232
44488, -368, 95, 132, -916, -188, 15180
44498, -363, 106, 117, -852, -232, 14904
44508, -352, 108, 125, -744, -204, 15140
44518, -380, 207, 120, -468, -148, 15200
44528, -372, 139, 124, -568, -92, 15288
44538, -341, 114, 118, -812, -72, 15172
44548, -354, 87, 83, -912, -184, 15196
44558, -337, 106, 102, -872, -184, 15164
44568, -339, 63, 103, -768, -192, 15232
44578, -328, 96, 120, -796, -232, 15188
44588, -361, 145, 96, -688, -252, 15176
44598, -352, 140, 83, -776, -160, 14984
44608, -361, 193, 117, -696, -376, 15220
44618, -349, 202, 80, -588, -240, 15212
44628, -342, 110, 92, -988, -200, 15108
44638, -366, 111, 102, -836, -184, 15060
44648, -360, 107, 123, -772, -232, 15192
44658, -353, 157, 96, -848, -200, 15200
44668, -357, 119, 121, -828, -52, 15164
44678, -358, 143, 131, -832, -204, 15100
44688, -344, 111, 130, -776, -256, 15020
44698, -370, 94, 124, -952, -200, 15120
44708, -343, 116, 118, -856, -212, 15108
44718, -384, 106, 125, -928, -264, 15012
44728, -342, 121, 132, -888, -176, 15228
44738, -365, 106, 165, -860, -196, 15200
44748, -367, 122, 139, -776, -212, 15144
44758, -358, 104, 145, -780, -228, 15024
44768, -341, 123, 113, -908, -208, 15096
44778, -376, 104, 131, -888, -204, 15148
44788, -333, 107, 98, -912, -184, 15212
44798, -339, 127, 144, -840, -244, 15128
44808, -347, 81, 124, -756, -192, 15028
44818, -332, 110, 140, -740, -332, 15056
44828, -352, 147, 123, -1036, -256, 15168
44838, -347, 98, 140, -972, -152, 15168
44848, -353, 131, 118, -892, -152, 15108
44858, -353, 111, 138, -900, -192, 15208
44868, -360, 120, 118, -904, -92, 15188
44878, -370, 116, 123, -872, -180, 15120
44888, -367, 120, 130, -812, -120, 15144
44898, -352, 122, 145, -796, -232, 15184
44908, -340, 139, 131, -788, -244, 15012
44918, -356, 141, 142, -812, -124, 15192
44928, -362, 115, 136, -856, -136, 15072
44938, -322, 116, 144, -864, -232, 15024
44948, -382, 120, 136, -932, -176, 15036
44958, -348, 133, 129, -884, -308, 15232
44968, -352, 126, 129, -976, -124, 15044
44978, -362, 106, 130, -844, -240, 15180
44988, -349, 111, 133, -860, -204, 15244
44998, -376, 95, 106, -784, -208, 15096
45008, -349, 128, 145, -804, -200, 15112
45018, -342, 92, 143, -860, -124, 15100
45028, -336, 96, 142, -984, -180, 15060
45038, -343, 95, 148, -764, -280, 15252
45048, -332, 116, 135, -744, -196, 15224
45058, -354, 126, 161, -928, -184, 15276
45068, -344, 122, 126, -804, -176, 15024
45078, -349, 109, 126, -824, -288, 15092
45088, -343, 110, 138, -768, -232, 15228
45098, -348, 111, 146, -848, -320, 15044
45108, -349, 142, 143, -872, -280, 15048
45118, -356, 96, 129, -784, -256, 15192
45128, -367, 123, 111, -752, -120, 15104
45138, -363, 103, 156, -764, -220, 15268
45148, -356, 112, 149, -852, -260, 15144
45158, -331, 137, 145, -940, -136, 15012
45168, -355, 107, 136, -912, -196, 15032
45178, -354, 68, 118, -876, -236, 15164
45188, -380, 110, 129, -920, -160, 15120
45198, -352, 115, 127, -860, -212, 15200
45208, -348, 118, 143, -928, -228, 15148
45218, -354, 115, 141, -800, -208, 15044
45228, -364, 105, 148, -820, -212, 15144
45238, -388, 122, 133, -780, -200, 15136
45248, -342, 121, 139, -988, -252, 15136
45258, -351, 121, 143, -928, -260, 15160
45268, -362, 91, 125, -784, -268, 15200
45278, -337, 130, 134, -804, -176, 15112
45288, -351, 116, 124, -968, -116, 15260
45298, -346, 111, 132, -864, -220, 15188
45308, -365, 110, 129, -892, -204, 15108
45318, -336, 142, 132, -868, -144, 15092
45328, -378, 86, 116, -984, -204, 15104
45338, -340, 119, 119, -788, -120, 15068
45348, -365, 105, 139, -836, -188, 15188
45358, -331, 104, 119, -800, -156, 15096
45368, -349, 106, 120, -892, -208, 15120
45378, -342, 123, 128, -840, -164, 15088
45388, -338, 118, 130, -880, -248, 15032
45398, -352, 125, 133, -956, -216, 15152
45408, -347, 112, 117, -868, -156, 15132
45418, -350, 102, 135, -920, -256, 15156
45428, -374, 128, 134, -820, -260, 15212
45438, -359, 129, 139, -884, -216, 15088
45448, -363, 92, 137, -844, -168, 15220
45458, -349, 130, 105, -892, -116, 15076
45468, -349, 121, 146, -840, -212, 15200
45478, -338, 126, 131, -952, -200, 15160
45488, -350, 119, 121, -916, -144, 15116
45498, -344, 114, 123, -820, -236, 15144
45508, -394, 106, 130, -916, -52, 15080
45518, -361, 101, 111, -836, -176, 15156
45528, -357, 117, 133, -992, -248, 15264
45538, -362, 125, 134, -872, -204, 15112
45548, -351, 97, 153, -944, -256, 15216
45558, -355, 134, 118, -848, -180, 15076
45568, -355, 107, 132, -856, -176, 15164
45578, -358, 133, 137, -936, -228, 15136
45588, -351, 140, 152, -864, -104, 15084
45598, -345, 138, 147, -896, -136, 15172
45608, -355, 127, 132, -872, -220, 15016
45618, -352, 95, 119, -912, -184, 15192
45628, -351, 128, 137, -868, -216, 15208
45638, -363, 94, 131, -816, -164, 15212
45648, -358, 102, 117, -940, -144, 15076
45658, -363, 136, 130, -936, -248, 15152
45668, -342, 129, 119, -868, -204, 15240
45678, -331, 108, 153, -912, -176, 14964
45688, -349, 106, 129, -944, -204, 15040
45698, -343, 110, 136, -784, -236, 15100
45708, -365, 103, 142, -848, -108, 14980
45718, -359, 151, 125, -916, -152, 15268
45728, -352, 114, 111, -808, -156, 15104
45738, -345, 99, 129, -884, -236, 15180
45748, -374, 98, 126, -852, -136, 15080
45758, -337, 136, 125, -828, -136, 15208
45768, -329, 114, 131, -856, -156, 15104
45778, -350, 119, 142, -896, -128, 15020
45788, -354, 134, 154, -836, -188, 15060
45798, -345, 126, 138, -796, -188, 15068
45808, -340, 122, 135, -780, -116, 15192
45818, -355, 106, 128, -868, -136, 15072
45828, -367, 109, 132, -816, -128, 15156
45838, -350, 114, 135, -952, -216, 15188
45848, -372, 145, 133, -824, -272, 14972
45858, -338, 116, 132, -820, -208, 15064
45868, -348, 147, 144, -760, -272, 15096
45878, -323, 101, 139, -872, -124, 14996
45888, -336, 103, 119, -924, -116, 15120
45898, -371, 122, 114, -892, -144, 15108
45908, -350, 121, 134, -964, -224, 15108
45918, -348, 123, 131, -840, -76, 15200
45928, -371, 99, 119, -908, -152, 15172
45938, -354, 132, 141, -820, -148, 15020
45948, -357, 108, 111, -836, -260, 15452
45958, -340, 120, 125, -908, -224, 15136
45968, -348, 126, 138, -880, -212, 15160
45978, -360, 109, 114, -924, -144, 15180
45988, -351, 61, 146, -888, -200, 15060
45998, -342, 114, 117, -872, -160, 15068
46008, -360, 112, 129, -796, -192, 15100
46018, -365, 97, 140, -836, -212, 15268
46028, -373, 83, 146, -932, -180, 15096
46038, -348, 123, 130, -812, -240, 15088
46048, -356, 121, 116, -900, -192, 15140
46058, -366, 130, 116, -912, -224, 15112
46068, -336, 115, 106, -824, -248, 15108
46078, -360, 120, 140, -840, -296, 14920
46088, -330, 131, 134, -908, -224, 15112
46098, -333, 114, 117, -904, -132, 15104
46108, -355, 116, 123, -868, -320, 15168
46118, -340, 139, 130, -828, -188, 15100
46128, -366, 134, 151, -848, -212, 15132
46138, -360, 130, 126, -872, -92, 15128
46148, -341, 102, 137, -900, -188, 15112
46158, -363, 108, 127, -852, -116, 15188
46168, -350, 92, 127, -820, -236, 15084
46178, -357, 130, 133, -944, -264, 15200
46188, -326, 113, 121, -868, -164, 15100
46198, -351, 124, 140, -860, -260, 15036
46208, -354, 125, 134, -964, -260, 15224
46218, -356, 111, 138, -792, -132, 15180
46228, -343, 127, 139, -876, -244, 15124
46238, -326, 111, 114, -768, -176, 15260
46248, -334, 117, 126, -880, -264, 15132
46258, -352, 115, 123, -792, -196, 14976
46268, -344, 112, 119, -880, -212, 15088
46278, -381, 125, 133, -760, -188, 15220
46288, -334, 144, 145, -828, -152, 15072
46298, -353, 116, 132, -816, -180, 15220
46308, -345, 138, 113, -892, -244, 15188
46318, -366, 111, 114, -940, -192, 15092
46328, -347, 117, 133, -816, -236, 15228
46338, -352, 122, 150, -828, -272, 15088
46348, -333, 107, 111, -848, -144, 15184
46358, -372, 97, 118, -936, -220, 15012
46368, -359, 114, 118, -948, -308, 15152
46378, -347, 102, 152, -856, -180, 15236
46388, -360, 136, 144, -836, -120, 15192
46398, -357, 127, 130, -832, -200, 15216
46408, -378, 142, 129, -924, -192, 15000
46418, -341, 135, 116, -912, -192, 15064
46428, -363, 104, 133, -888, -144, 15236
46438, -350, 125, 128, -828, -152, 15080
46448, -347, 115, 118, -764, -224, 15116
46458, -328, 108, 129, -880, -160, 15212
46468, -366, 133, 131, -844, -192, 15220
46478, -354, 110, 136, -924, -200, 15224
46488, -354, 117, 133, -796, -128, 15116
46498, -336, 112, 128, -800, -252, 15280
46508, -331, 107, 132, -852, -248, 15240
46518, -365, 124, 141, -892, -196, 15072
46528, -353, 137, 105, -912, -136, 15028
46538, -345, 120, 140, -964, -248, 15132
46548, -349, 146, 112, -788, -176, 15176
46558, -366, 101, 121, -940, -224, 15204
46568, -351, 118, 141, -796, -184, 15152
46578, -341, 117, 100, -856, -280, 15108
46588, -342, 96, 124, -912, -108, 15160
46598, -343, 108, 98, -944, -176, 14944
46608, -373, 131, 120, -816, -208, 15104
46618, -367, 96, 126, -824, -228, 15016
46628, -323, 117, 124, -880, -76, 15128
46638, -312, 125, 134, -844, -204, 15180
46648, -349, 80, 118, -852, -244, 15080
46658, -363, 139, 136, -772, -200, 15176
46668, -376, 116, 128, -916, -124, 15128
46678, -343, 117, 120, -852, -212, 15164
46688, -362, 119, 143, -832, -248, 15116
46698, -346, 116, 120, -772, -184, 15272
46708, -354, 103, 145, -848, -124, 15108
46718, -330, 130, 114, -780, -224, 15188
46728, -349, 124, 134, -828, -28, 15044
46738, -369, 131, 131, -840, -192, 15108
46748, -325, 123, 121, -832, -236, 15172
46758, -365, 124, 123, -748, -152, 15156
46768, -370, 106, 125, -872, -252, 15228
46778, -373, 101, 124, -784, -292, 15304
46788, -365, 111, 136, -840, -212, 15140
46798, -356, 127, 132, -920, -208, 15200
46808, -356, 133, 117, -880, -168, 15104
46818, -349, 122, 131, -932, -132, 15188
46828, -344, 136, 114, -908, -224, 15276
46838, -355, 133, 143, -860, -188, 15024
46848, -361, 124, 135, -836, -216, 15152
46858, -340, 115, 112, -936, -88, 15088
46868, -355, 130, 128, -868, -160, 15136
46878, -356, 132, 124, -924, -280, 15136
46888, -348, 137, 109, -880, -168, 15132
46898, -334, 162, 126, -756, -144, 15200
46908, -340, 131, 134, -888, -220, 15104
46918, -342, 108, 126, -896, -224, 15160
46928, -345, 111, 119, -856, -212, 15012
46938, -349, 89, 150, -844, -296, 14932
46948, -354, 108, 140, -812, -228, 15084
46958, -371, 115, 130, -828, -260, 15100
46968, -366, 118, 125, -876, -128, 15112
46978, -361, 126, 120, -940, -152, 15220
46988, -352, 101, 120, -884, -220, 14960
46998, -334, 129, 128, -872, -232, 15144
47008, -356, 115, 132, -868, -192, 15200
47018, -374, 115, 137, -852, -204, 15256
47028, -350, 122, 159, -752, -168, 15108
47038, -356, 130, 159, -856, -204, 15200
47048, -351, 111, 132, -956, -212, 15044
47058, -336, 113, 123, -924, -172, 15160
47068, -361, 139, 136, -876, -196, 15116
47078, -384, 118, 151, -828, -184, 15164
47088, -358, 117, 135, -820, -268, 15152
47098, -338, 104, 136, -880, -184, 15064
47108, -361, 118, 144, -860, -236, 15096
47118, -349, 113, 114, -812, -256, 15016
47128, -355, 94, 130, -816, -188, 15152
47138, -366, 136, 129, -868, -248, 15068
47148, -333, 124, 115, -876, -212, 15156
47158, -385, 126, 116, -864, -164, 15024
47168, -342, 120, 118, -820, -156, 15168
47178, -355, 133, 113, -848, -168, 15084
47188, -354, 104, 127, -824, -136, 15060
47198, -355, 135, 134, -852, -248, 14964
47208, -361, 148, 136, -808, -216, 15088
47218, -361, 75, 128, -808, -200, 15000
47228, -353, 126, 114, -944, -196, 15108
47238, -334, 133, 132, -928, -316, 15040
47248, -359, 117, 135, -860, -168, 15148
47258, -356, 134, 112, -820, -108, 15312
47268, -352, 111, 128, -896, -240, 15232
47278, -340, 118, 123, -900, -132, 15000
47288, -353, 130, 139, -880, -152, 15076
47298, -369, 117, 134, -816, -108, 15100
47308, -357, 95, 134, -792, -192, 15092
47318, -352, 108, 129, -836, -192, 15116
47328, -355, 130, 130, -836, -244, 15064
47338, -355, 122, 160, -752, -124, 15216
47348, -345, 116, 145, -896, -244, 15212
47358, -346, 117, 127, -936, -252, 15132
47368, -351, 115, 152, -892, -180, 15000
47378, -346, 107, 146, -820, -212, 15112
47388, -324, 94, 158, -768, -156, 15140
47398, -344, 98, 142, -788, -172, 15224
47408, -355, 109, 108, -860, -96, 15100
47418, -339, 95, 107, -780, -296, 15036
47428, -339, 123, 135, -828, -164, 15196
47438, -332, 137, 121, -876, -140, 15200
47448, -334, 125, 120, -876, -180, 15204
47458, -351, 144, 135, -768, -100, 15184
47468, -357, 123, 153, -836, -208, 15144
47478, -364, 141, 118, -952, -196, 15216
47488, -358, 124, 106, -828, -312, 15092
47498, -350, 112, 116, -804, -220, 14948
47508, -346, 126, 132, -836, -172, 15044
47518, -350, 111, 114, -916, -152, 15072
47528, -345, 129, 130, -924, -152, 15072
47538, -334, 109, 135, -812, -256, 15084
47548, -339, 113, 134, -752, -260, 15276
47558, -362, 129, 104, -792, -260, 15080
47568, -333, 117, 143, -880, -356, 15172
47578, -352, 132, 109, -892, -152, 15068
47588, -365, 133, 132, -932, -212, 15084
47598, -353, 101, 107, -880, -184, 15192
47608, -357, 111, 122, -944, -216, 15196
47618, -352, 100, 145, -904, -228, 15024
47628, -369, 127, 116, -880, -132, 15084
47638, -343, 107, 132, -740, -244, 15212
47648, -340, 128, 142, -832, -228, 15236
47658, -355, 122, 122, -808, -228, 15184
47668, -344, 91, 134, -792, -240, 15156
47678, -351,<Ò²Á0‹e Ð-j9ãïºp±Êf¬…'ÃÁ×N_P×¨˜›õ/Ç‡ŽïÈ&ÀU8~Ò0¸¨±ýñ˜ÏrW;û³öXwôÐáÈ{–} .(•zJŠ)R¡ ~&f•ðÐÙÜ§iM*°%]Áe^1w«dì7Âº¤ªö)Brî-¨-6YRGû4vÆ"E¤üîí4Cš4'¯0Òq\F¹k¢·¦Ø”VŸîT©àäO°Æ(ÙRb³ö&O??ÜÖ]]¢i9d—ˆ'‹2þZh	Kòö™ÛQæã¦Cckág/ÐQÆß%ÐÓÌWGT8è£hÙ(*]Å^„Æ³z;þz’»‚U'A¯êõ2¯ÊT¶zcÂZ»RÚ‡ó—Ëz µÈtƒyc†’óØ†ÐIP_
Œ¦Â~œ]n†áãk¡ô›Ýá‰P=KZ_€÷Ø6ÅÊãÜ¿´ÿ¡»–Yáæn7]“	J4n~fû®¶ûž,4Šô³aà"V Èvä¢^è´C‘”EÇ¬Ñ=%bž1ˆð¨…d%“{¤¸I•owB}ùÌð“îlP‹¢:G… ‡ÕJÈ!D¡j`&êÉlXƒÄŒ9y‘íº1§áù&wŒ%ÒþèÝñ³ö<loé*¼\ž0’›rpŠáÐ >þ#÷kƒVç+`  ½ ^Œ€, 15156
47808, -369, 127, 133, -824, -204, 15036
47878, -348, 112, 136, -908, -196, 15148
48188, -372, 102, 143, -776, -196, 15084
48498, -354, 109, 132, -784, -184, 15184
48808, -338, 112, 129, -868, -144, 15164
49118, -356, 119, 113, -824, -176, 15196
49428, -361, 116, 155, -796, -180, 15156
49738, -345, 132, 105, -864, -192, 15212
50048, -349, 131, 137, -844, -300, 15016
50358, -350, 127, 128, -844, -180, 15256
50818, -350, 106, 120, -884, -236, 15044
51138, -349, 99, 134, -820, -148, 15060
51448, -343, 132, 110, -736, -236, 15160
51758, -367, 123, 127, -912, -152, 15192
51908, -347, 109, 143, -764, -192, 15172
51918, -360, 113, 136, -900, -116, 15012
51928, -355, 101, 126, -880, -168, 15112
51938, -350, 117, 119, -864, -272, 15076
51948, -353, 101, 110, -808, -128, 15124
51958, -335, 126, 111, -852, -200, 15112
51968, -358, 103, 147, -852, -200, 15076
51978, -353, 100, 108, -828, -228, 15108
51988, -354, 116, 135, -840, -164, 15216
51998, -358, 106, 136, -768, -124, 15148
52008, -366, 120, 110, -808, -244, 15104
52018, -358, 117, 100, -864, -176, 15004
52028, -333, 102, 128, -844, -104, 15096
52038, -348, 130, 135, -780, -260, 15068
52048, -364, 103, 126, -820, -248, 15216
52058, -378, 107, 123, -908, -280, 15224
52068, -361, 132, 117, -900, -168, 15280
52078, -338, 133, 131, -784, -228, 15004
52088, -363, 134, 142, -804, -200, 15072
52098, -350, 116, 144, -780, -272, 15192
52108, -349, 105, 136, -808, -176, 15180
52118, -344, 131, 119, -800, -180, 15096
52128, -349, 112, 123, -820, -184, 15168
52138, -353, 107, 138, -844, -108, 15204
52148, -382, 133, 144, -948, -192, 15036
52158, -345, 111, 137, -824, -248, 15116
52168, -314, 125, 124, -812, -200, 15276
52178, -365, 115, 129, -836, -144, 15056
52188, -363, 130, 135, -792, -216, 15000
52198, -350, 96, 124, -860, -180, 15100
52208, -306, 103, 121, -784, -148, 15148
52218, -333, 120, 122, -832, -248, 15096
52228, -357, 116, 104, -812, -128, 15092
52238, -339, 123, 131, -800, -164, 15064
52248, -341, 123, 151, -844, -100, 15180
52258, -368, 117, 114, -860, -184, 15032
52268, -354, 110, 130, -788, -228, 15096
52278, -355, 85, 128, -764, -128, 15068
52288, -342, 137, 134, -880, -144, 15260
52298, -339, 100, 144, -880, -128, 15072
52308, -337, 124, 109, -856, -156, 15096
52318, -345, 65, 124, -836, -104, 15096
52328, -341, 123, 139, -848, -268, 15120
52338, -379, 143, 113, -856, -324, 15172
52348, -371, 129, 135, -788, -200, 15072
52358, -350, 123, 143, -808, -160, 15116
52368, -365, 126, 131, -816, -212, 15144
52378, -355, 142, 140, -868, -184, 15276
52388, -338, 121, 88, -912, -220, 15144
52398, -353, 83, 119, -892, -276, 15036
52408, -352, 111, 142, -872, -248, 15220
52418, -350, 128, 125, -840, -136, 15172
52428, -358, 103, 134, -752, -172, 15136
52438, -326, 117, 124, -876, -188, 15180
52448, -367, 127, 122, -868, -208, 15096
52458, -356, 120, 121, -820, -144, 15068
52468, -352, 111, 127, -856, -196, 15100
52478, -347, 110, 120, -824, -208, 15168
52488, -337, 124, 143, -932, -268, 15048
52498, -355, 105, 143, -864, -160, 15180
52508, -377, 126, 133, -780, -304, 14988
52518, -367, 127, 122, -836, -204, 15076
52528, -337, 117, 126, -884, -112, 15256
52538, -356, 128, 129, -832, -252, 15068
52548, -357, 93, 142, -904, -132, 15220
52558, -367, 120, 119, -860, -140, 15124
52568, -346, 112, 136, -904, -172, 15116
52578, -362, 126, 121, -924, -260, 15028
52588, -341, 124, 122, -664, -224, 15016
52598, -344, 118, 110, -720, -240, 15172
52608, -346, 130, 134, -852, -144, 15112
52618, -345, 143, 136, -852, -264, 15248
52628, -334, 125, 123, -872, -252, 15160
52638, -342, 117, 131, -988, -168, 15036
52648, -345, 98, 128, -768, -216, 15084
52658, -329, 131, 127, -760, -252, 15348
52668, -354, 116, 123, -856, -220, 15192
52678, -331, 108, 140, -828, -180, 15068
52688, -355, 97, 126, -792, -244, 15052
52698, -367, 128, 126, -788, -228, 15020
52708, -362, 116, 140, -844, -136, 15060
52718, -350, 115, 120, -828, -156, 15196
52728, -361, 99, 128, -772, -144, 15236
52738, -342, 117, 128, -792, -108, 15200
52748, -348, 109, 130, -896, -168, 15192
52758, -326, 146, 145, -760, -204, 15156
52768, -356, 128, 155, -860, -192, 15168
52778, -350, 102, 139, -832, -144, 15232
52788, -364, 141, 131, -920, -248, 15148
52798, -335, 130, 119, -904, -212, 14944
52808, -365, 94, 118, -836, -228, 15136
52818, -347, 123, 137, -764, -204, 15092
52828, -369, 114, 132, -788, -208, 15136
52838, -346, 114, 120, -876, -204, 15128
52848, -307, 126, 138, -840, -220, 15220
52858, -367, 113, 135, -892, -164, 15136
52868, -340, 138, 126, -872, -204, 15096
52878, -361, 113, 151, -764, -248, 15084
52888, -351, 105, 104, -848, -188, 15076
52898, -348, 132, 132, -808, -244, 15180
52908, -346, 110, 133, -860, -272, 14976
52918, -367, 113, 128, -816, -168, 15092
52928, -354, 132, 133, -936, -224, 15216
52938, -338, 121, 109, -848, -224, 15208
52948, -345, 121, 135, -804, -240, 15068
52958, -361, 82, 114, -844, -208, 15068
52968, -332, 131, 122, -828, -264, 15060
52978, -351, 120, 140, -752, -204, 15144
52988, -370, 104, 128, -752, -108, 15168
52998, -342, 98, 150, -868, -304, 15208
53008, -355, 114, 129, -884, -192, 15168
53018, -359, 109, 145, -880, -124, 15104
53028, -340, 129, 119, -880, -184, 15032
53038, -378, 112, 126, -840, -160, 15144
53048, -346, 90, 124, -896, -176, 15172
53058, -366, 123, 157, -784, -172, 15072
53068, -329, 121, 151, -928, -248, 15132
53078, -371, 108, 123, -844, -88, 15028
53088, -380, 134, 117, -828, -212, 15116
53098, -352, 130, 134, -848, -148, 14980
53108, -325, 95, 127, -844, -244, 15120
53118, -348, 150, 154, -800, -212, 15004
53128, -334, 113, 142, -784, -192, 15128
53138, -355, 118, 105, -820, -148, 15168
53148, -354, 94, 161, -912, -236, 15132
53158, -350, 129, 132, -920, -156, 14952
53168, -352, 110, 124, -868, -136, 15040
53178, -360, 132, 130, -868, -192, 15096
53188, -361, 130, 127, -884, -164, 15228
53198, -337, 157, 120, -968, -144, 15108
53208, -361, 138, 145, -772, -172, 15228
53218, -353, 132, 141, -784, -256, 15088
53228, -320, 107, 106, -916, -212, 15224
53238, -349, 150, 156, -816, -160, 15124
53248, -365, 145, 136, -884, -232, 15216
53258, -362, 92, 146, -880, -172, 15180
53268, -358, 111, 141, -764, -116, 15072
53278, -356, 124, 114, -816, -172, 15188
53288, -360, 128, 157, -764, -192, 15116
53298, -331, 132, 139, -776, -352, 15132
53308, -362, 128, 142, -860, -168, 15136
53318, -356, 95, 130, -940, -184, 15068
53328, -355, 137, 127, -760, -212, 15188
53338, -362, 94, 149, -764, -112, 15104
53348, -349, 92, 122, -804, -224, 15124
53358, -341, 121, 119, -828, -168, 15188
53368, -372, 119, 136, -980, -148, 15096
53378, -349, 126, 126, -844, -100, 15284
53388, -346, 108, 122, -844, -240, 15092
53398, -368, 132, 125, -804, -236, 15148
53408, -350, 145, 128, -924, -112, 15276
53418, -380, 130, 133, -848, -236, 15040
53428, -358, 105, 120, -976, -172, 15172
53438, -359, 102, 153, -820, -176, 15176
53448, -369, 113, 136, -852, -168, 15116
53458, -347, 89, 137, -704, -232, 15072
53468, -359, 108, 140, -860, -152, 15216
53478, -332, 119, 125, -892, -228, 15236
53488, -358, 127, 145, -800, -180, 15156
53498, -353, 143, 148, -828, -176, 15108
53508, -337, 94, 137, -828, -280, 15088
53518, -369, 115, 115, -932, -220, 15120
53528, -369, 134, 118, -896, -108, 15344
53538, -330, 110, 134, -856, -224, 15124
53548, -345, 113, 102, -880, -144, 15084
53558, -354, 108, 146, -744, -244, 15128
53568, -342, 136, 127, -884, -172, 15104
53578, -364, 123, 146, -824, -216, 15032
53588, -368, 116, 111, -888, -228, 15116
53598, -359, 113, 150, -928, -184, 15092
53608, -357, 130, 126, -808, -184, 15016
53618, -366, 97, 114, -844, -196, 15120
53628, -352, 141, 125, -792, -228, 15132
53638, -381, 133, 135, -800, -352, 15252
53648, -339, 123, 132, -888, -200, 15052
53658, -366, 140, 129, -792, -208, 15092
53668, -339, 115, 125, -896, -160, 15040
53678, -345, 96, 102, -872, -224, 15052
53688, -352, 114, 123, -944, -208, 15144
53698, -354, 158, 126, -868, -260, 15136
53708, -336, 123, 124, -1016, -228, 15220
53718, -353, 129, 137, -840, -260, 15084
53728, -357, 114, 155, -856, -96, 15136
53738, -337, 102, 133, -784, -260, 15084
53748, -352, 131, 138, -1000, -176, 15220
53758, -336, 106, 117, -920, -264, 15160
53768, -357, 117, 133, -868, -188, 15008
53778, -358, 118, 140, -892, -188, 15256
53788, -353, 98, 135, -848, -116, 15076
53798, -349, 131, 108, -832, -188, 15068
53808, -370, 123, 126, -896, -128, 15144
53818, -345, 113, 124, -824, -224, 15152
53828, -354, 119, 147, -800, -264, 15200
53838, -367, 127, 141, -892, -160, 15156
53848, -349, 131, 119, -800, -248, 15116
53858, -338, 124, 148, -848, -220, 15180
53868, -341, 100, 134, -872, -164, 15096
53878, -363, 133, 141, -824, -228, 15172
53888, -364, 107, 139, -724, -188, 15152
53898, -360, 116, 141, -788, -152, 15240
53908, -321, 127, 141, -764, -292, 15164
53918, -340, 115, 111, -896, -152, 15280
53928, -345, 104, 129, -892, -116, 15108
53938, -341, 129, 138, -860, -256, 15052
53948, -362, 128, 135, -852, -196, 15032
53958, -353, 118, 143, -920, -140, 15136
53968, -341, 106, 133, -824, -160, 15120
53978, -356, 130, 132, -760, -176, 15256
53988, -355, 118, 120, -816, -288, 15116
53998, -338, 118, 135, -828, -220, 15176
54008, -328, 112, 123, -844, -112, 15208
54018, -343, 116, 131, -804, -168, 15064
54028, -347, 107, 112, -768, -180, 15020
54038, -342, 141, 140, -816, -128, 15180
54048, -347, 132, 131, -816, -284, 15164
54058, -361, 137, 143, -860, -228, 15216
54068, -344, 136, 120, -828, -216, 15140
54078, -359, 120, 150, -876, -196, 15128
54088, -355, 122, 108, -860, -204, 15140
54098, -344, 121, 122, -936, -136, 15064
54108, -337, 141, 131, -756, -280, 15128
54118, -366, 103, 153, -796, -228, 15216
54128, -350, 95, 133, -784, -260, 15236
54138, -350, 109, 122, -868, -244, 15084
54148, -348, 130, 130, -832, -152, 15060
54158, -344, 126, 119, -920, -176, 15016
54168, -350, 123, 135, -824, -196, 15024
54178, -335, 145, 128, -792, -204, 15168
54188, -337, 132, 122, -784, -212, 15116
54198, -358, 108, 125, -812, -164, 15236
54208, -363, 143, 128, -856, -272, 15180
54218, -334, 136, 124, -864, -176, 15112
54228, -355, 134, 124, -836, -196, 15304
54238, -331, 136, 136, -784, -228, 15220
54248, -356, 120, 132, -828, -128, 15124
54258, -350, 117, 157, -912, -260, 15076
54268, -373, 83, 114, -812, -256, 15116
54278, -356, 127, 119, -780, -132, 15016
54288, -346, 103, 124, -832, -288, 15312
54298, -360, 116, 142, -828, -244, 15296
54308, -360, 119, 129, -832, -108, 15180
54318, -327, 139, 122, -900, -228, 15220
54328, -355, 125, 144, -908, -288, 15100
54338, -344, 147, 142, -836, -132, 15120
54348, -366, 137, 114, -828, -196, 15060
54358, -367, 99, 129, -948, -212, 15152
54368, -359, 132, 141, -816, -184, 15116
54378, -359, 126, 127, -956, -148, 15224
54388, -357, 108, 136, -836, -104, 15080
54398, -342, 108, 155, -768, -128, 15096
54408, -359, 120, 142, -880, -192, 15084
54418, -355, 117, 142, -900, -220, 15136
54428, -335, 98, 133, -828, -156, 15220
54438, -353, 133, 124, -832, -224, 15016
54448, -350, 99, 143, -756, -148, 15152
54458, -365, 129, 133, -816, -244, 15188
54468, -355, 96, 159, -792, -244, 15124
54478, -344, 127, 138, -932, -208, 15172
54488, -364, 101, 131, -924, -272, 15060
54498, -338, 121, 121, -748, -84, 15128
54508, -346, 108, 153, -880, -260, 15260
54518, -355, 113, 147, -868, -224, 15104
54528, -334, 117, 127, -876, -220, 15192
54538, -348, 139, 141, -896, -220, 15096
54548, -342, 124, 127, -808, -300, 15088
54558, -330, 121, 126, -880, -96, 15168
54568, -345, 109, 129, -784, -188, 15268
54578, -344, 113, 126, -904, -156, 15220
54588, -327, 117, 114, -892, -176, 15172
54598, -357, 85, 122, -872, -184, 15072
54608, -356, 83, 107, -840, -252, 15088
54618, -354, 112, 123, -796, -156, 15112
54628, -351, 123, 106, -812, -212, 15216
54638, -366, 131, 115, -936, -244, 15060
54648, -352, 114, 125, -796, -280, 15176
54658, -365, 96, 132, -848, -184, 15176
54668, -335, 126, 125, -852, -180, 15144
54678, -344, 99, 140, -880, -176, 15032
54688, -353, 136, 141, -768, -220, 15156
54698, -345, 122, 125, -764, -148, 15144
54708, -363, 119, 137, -888, -196, 15076
54718, -349, 116, 156, -884, -232, 15008
54728, -350, 118, 162, -848, -176, 15032
54738, -338, 124, 141, -880, -276, 15136
54748, -373, 105, 136, -948, -120, 15116
54758, -359, 127, 106, -844, -68, 14984
54768, -348, 122, 122, -860, -180, 15140
54778, -349, 131, 122, -896, -220, 15180
54788, -338, 104, 119, -880, -208, 14988
54798, -349, 109, 128, -832, -216, 15164
54808, -363, 128, 136, -852, -172, 15136
54818, -350, 105, 125, -860, -144, 15084
54828, -349, 114, 126, -888, -180, 15124
54838, -348, 100, 106, -932, -200, 15056
54848, -337, 116, 127, -804, -200, 15144
54858, -339, 151, 133, -892, -232, 15188
54868, -355, 93, 133, -776, -204, 15204
54878, -350, 120, 138, -792, -140, 15096
54888, -349, 113, 133, -756, -232, 15208
54898, -350, 127, 135, -824, -180, 15040
54908, -356, 131, 142, -880, -220, 15084
54918, -347, 125, 163, -892, -180, 15112
54928, -379, 102, 129, -884, -172, 15164
54938, -351, 149, 134, -888, -200, 15148
54948, -355, 99, 137, -852, -136, 15072
54958, -350, 113, 135, -812, -288, 15068
54968, -358, 126, 141, -900, -124, 15076
54978, -361, 125, 117, -900, -224, 15160
54988, -351, 99, 139, -916, -136, 15164
54998, -365, 112, 112, -840, -96, 15160
55008, -374, 122, 157, -896, -216, 15108
55018, -358, 117, 137, -880, -204, 15072
55028, -362, 108, 144, -796, -148, 15164
55038, -367, 109, 139, -880, -200, 15036
55048, -358, 116, 126, -824, -272, 15124
55058, -370, 128, 138, -904, -184, 15128
55068, -350, 132, 150, -788, -132, 15084
55078, -332, 105, 104, -860, -144, 15216
55088, -351, 110, 144, -908, -216, 15116
55098, -360, 126, 113, -836, -204, 15064
55108, -335, 106, 140, -832, -168, 15172
55118, -353, 121, 152, -872, -104, 15040
55128, -354, 108, 133, -836, -200, 15124
55138, -347, 137, 124, -848, -164, 15024
55148, -356, 119, 112, -772, -152, 15124
55158, -345, 123, 140, -796, -244, 15256
55168, -321, 121, 140, -864, -148, 15064
55178, -353, 107, 112, -892, -192, 15100
55188, -347, 114, 121, -812, -244, 15124
55198, -352, 97, 116, -860, -128, 15028
55208, -355, 104, 126, -888, -92, 15132
55218, -344, 99, 119, -768, -244, 15180
55228, -377, 143, 143, -852, -160, 15140
55238, -332, 138, 146, -776, -332, 15108
55248, -351, 129, 120, -820, -148, 15164
55258, -362, 137, 145, -868, -368, 15152
55268, -357, 103, 142, -864, -200, 15152
55278, -349, 135, 120, -884, -228, 15260
55288, -370, 118, 118, -884, -184, 15192
55298, -327, 135, 129, -732, -180, 15012
55308, -369, 119, 117, -852, -132, 15148
55318, -356, 131, 115, -800, -220, 15128
55328, -354, 104, 148, -844, -228, 15204
55338, -368, 129, 122, -788, -220, 15108
55348, -369, 114, 121, -848, -180, 15224
55358, -346, 111, 119, -852, -196, 15096
55368, -340, 117, 138, -736, -164, 15188
55378, -349, 114, 137, -836, -292, 15080
55388, -352, 116, 125, -832, -236, 15140
55398, -360, 107, 144, -816, -216, 15036
55408, -363, 150, 112, -804, -184, 14988
55418, -323, 136, 150, -892, -288, 15136
55428, -333, 104, 131, -876, -240, 15128
55438, -351, 110, 98, -804, -140, 15180
55448, -356, 108, 123, -848, -216, 15264
55458, -349, 112, 118, -952, -204, 15024
55468, -361, 118, 117, -744, -252, 15152
55478, -343, 118, 135, -888, -176, 15032
55488, -350, 110, 139, -852, -184, 15252
55498, -354, 137, 132, -772, -216, 15076
55508, -351, 136, 121, -808, -200, 15048
55518, -381, 123, 131, -848, -172, 15228
55528, -335, 109, 119, -860, -132, 15152
55538, -356, 117, 136, -864, -160, 15044
55548, -339, 110, 126, -916, -224, 15212
55558, -361, 129, 132, -864, -232, 15260
55568, -337, 125, 144, -892, -124, 15240
55578, -359, 87, 148, -796, -244, 15160
55588, -356, 123, 148, -832, -144, 15172
55598, -359, 123, 140, -812, -184, 15160
55608, -361, 112, 129, -876, -144, 14976
55618, -355, 118, 149, -896, -236, 15148
55628, -329, 124, 133, -860, -176, 15120
55638, -339, 111, 144, -860, -140, 15148
55648, -345, 108, 142, -904, -180, 15080
55658, -369, 133, 144, -948, -204, 15156
55668, -370, 126, 138, -796, -92, 15036
55678, -368, 124, 110, -944, -196, 15240
55688, -345, 124, 129, -912, -196, 15244
55698, -341, 92, 149, -916, -172, 15200
55708, -338, 130, 133, -796, -244, 15148
55718, -333, 103, 111, -808, -184, 15208
55728, -339, 132, 139, -816, -112, 15212
55738, -353, 129, 133, -864, -224, 15248
55748, -326, 98, 124, -960, -228, 15076
55758, -345, 120, 113, -856, -176, 15172
55768, -345, 152, 137, -800, -268, 15380
55778, -355, 109, 121, -860, -148, 15048
55788, -343, 119, 125, -896, -248, 15152
55798, -327, 138, 150, -840, -180, 15128
55808, -352, 111, 105, -880, -108, 15132
55818, -330, 96, 139, -860, -108, 15112
55828, -357, 130, 137, -812, -200, 15120
55838, -320, 110, 130, -832, -180, 15224
55848, -353, 108, 134, -1024, -148, 15132
55858, -357, 113, 143, -740, -196, 15112
55868, -365, 135, 127, -948, -164, 15100
55878, -344, 132, 114, -740, -212, 15252
55888, -347, 133, 128, -912, -200, 15128
55898, -333, 96, 145, -800, -160, 15284
55908, -342, 115, 108, -904, -200, 15080
55918, -324, 113, 146, -764, -96, 15128
55928, -357, 118, 125, -776, -260, 15208
55938, -351, 160, 156, -784, -176, 15104
55948, -360, 128, 99, -808, -148, 15252
55958, -339, 142, 133, -856, -128, 15132
55968, -344, 127, 139, -736, -196, 14984
55978, -363, 118, 124, -888, -172, 15084
55988, -349, 126, 139, -876, -232, 15140
55998, -346, 132, 144, -784, -124, 15136
56008, -367, 123, 129, -708, -220, 15272
56018, -360, 108, 125, -772, -216, 15152
56028, -350, 121, 105, -864, -192, 15244
56038, -347, 121, 134, -868, -148, 15028
56048, -362, 112, 139, -832, -260, 15168
56058, -356, 143, 154, -848, -132, 15248
56068, -356, 81, 131, -796, -196, 15020
56078, -363, 154, 113, -764, -96, 15148
56088, -368, 124, 137, -928, -104, 15132
56098, -351, 134, 112, -820, -184, 15112
56108, -342, 116, 114, -912, -144, 15132
56118, -360, 110, 125, -888, -148, 15096
56128, -349, 161, 143, -832, -148, 15248
56138, -352, 106, 149, -704, -148, 15092
56148, -369, 126, 122, -752, -180, 15156
56158, -336, 126, 98, -940, -268, 15092
56168, -343, 126, 144, -872, -156, 15164
56178, -348, 92, 135, -836, -240, 15276
56188, -381, 94, 134, -760, -260, 15184
56198, -361, 143, 117, -736, -220, 14984
56208, -351, 103, 120, -840, -176, 15240
56218, -358, 102, 110, -816, -252, 15076
56228, -352, 116, 126, -892, -248, 15072
56238, -351, 129, 132, -836, -152, 15136
56248, -365, 132, 132, -928, -228, 15100
56258, -384, 111, 118, -892, -156, 15052
56268, -358, 109, 162, -1008, -244, 15124
56278, -347, 108, 113, -932, -208, 15244
56288, -382, 129, 105, -828, -184, 15148
56298, -338, 124, 144, -892, -176, 15196
56308, -339, 94, 120, -828, -180, 15296
56318, -358, 141, 122, -844, -148, 15088
56328, -357, 95, 135, -788, -156, 15324
56338, -337, 85, 121, -816, -196, 15056
56348, -364, 125, 124, -764, -204, 15048
56358, -332, 113, 157, -884, -128, 15196
56368, -327, 124, 125, -872, -204, 14956
56378, -359, 126, 128, -900, -72, 15132
56388, -387, 121, 132, -900, -204, 15124
56398, -345, 153, 127, -832, -132, 15212
56408, -351, 139, 126, -808, -216, 15216
56418, -339, 101, 124, -908, -244, 15004
56428, -359, 124, 138, -852, -152, 15084
56438, -324, 109, 142, -924, -240, 15204
56448, -340, 142, 112, -804, -248, 15100
56458, -360, 128, 117, -852, -152, 14948
56468, -363, 117, 139, -860, -200, 15200
56478, -344, 135, 125, -788, -224, 15204
56488, -359, 118, 127, -788, -188, 15088
56498, -338, 120, 137, -876, -156, 15176
56508, -317, 122, 116, -924, -200, 15052
56518, -351, 80, 115, -888, -252, 15144
56528, -340, 110, 129, -872, -180, 14968
56538, -352, 119, 115, -872, -216, 15128
56548, -369, 100, 124, -776, -180, 15156
56558, -362, 152, 139, -824, -100, 15084
56568, -369, 112, 115, -944, -192, 15052
56578, -350, 111, 130, -968, -204, 15040
56588, -346, 114, 120, -848, -232, 15112
56598, -355, 136, 153, -828, -204, 14988
56608, -340, 121, 128, -812, -168, 15284
56618, -339, 125, 152, -800, -236, 15252
56628, -367, 96, 124, -892, -200, 15048
56638, -347, 149, 119, -924, -84, 15068
56648, -333, 103, 118, -720, -284, 15188
56658, -353, 114, 127, -840, -236, 15132
56668, -368, 103, 124, -824, -176, 15140
56678, -348, 109, 130, -840, -172, 15172
56688, -362, 118, 127, -860, -164, 15040
56698, -363, 111, 136, -924, -296, 15148
56708, -360, 101, 144, -748, -180, 15180
56718, -366, 139, 146, -972, -208, 15176
56728, -375, 150, 129, -840, -160, 15060
56738, -355, 125, 137, -784, -148, 15200
56748, -344, 107, 132, -840, -204, 15164
56758, -358, 107, 117, -744, -180, 15120
56768, -329, 102, 143, -876, -188, 15184
56778, -342, 129, 110, -888, -192, 15032
56788, -356, 119, 163, -856, -248, 15224
56798, -358, 127, 131, -932, -252, 15252
56808, -354, 122, 136, -792, -236, 15208
56818, -351, 110, 146, -900, -236, 15176
56828, -371, 142, 155, -796, -176, 15188
56838, -332, 110, 121, -828, -168, 15076
56848, -376, 151, 150, -872, -184, 15140
56858, -372, 123, 157, -880, -240, 15124
56868, -362, 132, 150, -960, -144, 15028
56878, -345, 151, 134, -816, -156, 15140
56888, -364, 130, 125, -888, -120, 15176
56898, -365, 136, 121, -884, -320, 15008
56908, -352, 118, 117, -788, -92, 15084
56918, -336, 121, 125, -812, -140, 15060
56928, -324, 134, 124, -884, -200, 15204
56938, -352, 114, 162, -824, -148, 15236
56948, -352, 140, 138, -864, -240, 15140
56958, -364, 115, 126, -844, -216, 15100
56968, -362, 135, 132, -832, -224, 15000
56978, -365, 154, 137, -896, -248, 15068
56988, -349, 112, 117, -812, -352, 15152
56998, -352, 114, 137, -860, -116, 15148
57008, -346, 101, 155, -860, -68, 15072
57018, -344, 126, 144, -784, -176, 15008
57028, -365, 126, 144, -836, -204, 15172
57038, -362, 142, 135, -864, -156, 15124
57048, -347, 114, 129, -896, -212, 15196
57058, -353, 92, 120, -760, -156, 15060
57068, -343, 104, 165, -840, -208, 15132
57078, -346, 119, 144, -852, -204, 15028
57088, -341, 117, 123, -828, -196, 15104
57098, -344, 114, 139, -916, -232, 15108
57108, -355, 113, 127, -864, -152, 14980
57118, -367, 115, 140, -948, -148, 15032
57128, -340, 125, 132, -844, -164, 15096
57138, -375, 112, 143, -908, -216, 15024
57148, -339, 138, 134, -800, -172, 15160
57158, -357, 99, 146, -816, -140, 15004
57168, -308, 95, 112, -916, -160, 15128
57178, -339, 129, 157, -856, -132, 15300
57188, -355, 138, 150, -852, -248, 15196
57198, -348, 97, 131, -876, -160, 15148
57208, -362, 126, 124, -764, -148, 15164
57218, -368, 106, 101, -952, -60, 15088
57228, -355, 108, 132, -808, -228, 15024
57238, -375, 120, 119, -732, -200, 15036
57248, -346, 129, 131, -860, -176, 15188
57258, -329, 137, 145, -832, -108, 15088
57268, -358, 126, 135, -892, -132, 15156
57278, -368, 115, 136, -856, -132, 15204
57288, -376, 129, 122, -856, -148, 14988
57298, -344, 102, 110, -956, -80, 15204
57308, -334, 117, 129, -848, -160, 15052
57318, -350, 116, 127, -912, -156, 15348
57328, -358, 98, 150, -844, -236, 15116
57338, -359, 119, 112, -856, -292, 15016
57348, -340, 135, 119, -840, -244, 15068
57358, -338, 117, 145, -848, -252, 15148
57368, -366, 122, 108, -800, -180, 15104
57378, -322, 118, 132, -836, -196, 15248
57388, -380, 122, 122, -900, -248, 14952
57398, -360, 115, 132, -844, -192, 15196
57408, -369, 129, 160, -796, -212, 15052
57418, -366, 112, 140, -792, -256, 15148
57428, -345, 143, 130, -740, -180, 15128
57438, -344, 108, 144, -788, -156, 15080
57448, -353, 135, 140, -916, -156, 15164
57458, -358, 105, 126, -752, -172, 15212
57468, -348, 115, 126, -880, -212, 15176
57478, -354, 125, 141, -856, -144, 15040
57488, -342, 106, 130, -892, -220, 15184
57498, -336, 99, 134, -896, -192, 15184
57508, -362, 132, 111, -900, -212, 15160
57518, -332, 101, 141, -788, -184, 15088
57528, -350, 124, 100, -804, -180, 15112
57538, -349, 111, 132, -900, -300, 15156
57548, -367, 117, 141, -924, -312, 15292
57558, -368, 117, 127, -828, -244, 15168
57568, -360, 134, 126, -948, -204, 15228
57578, -368, 115, 136, -856, -248, 15140
57588, -333, 105, 123, -904, -188, 15300
57598, -363, 133, 118, -828, -168, 15132
57608, -357, 114, 151, -800, -200, 15020
57618, -373, 123, 152, -948, -152, 15108
57628, -337, 124, 149, -928, -124, 15012
57638, -345, 105, 145, -928, -188, 15260
57648, -356, 116, 108, -940, -216, 15236
57658, -355, 118, 132, -972, -188, 15180
57668, -369, 125, 139, -936, -236, 15316
57678, -367, 110, 143, -876, -220, 15084
57688, -358, 109, 124, -804, -348, 15156
57698, -318, 103, 142, -804, -148, 15032
57708, -365, 110, 123, -912, -160, 15140
57718, -351, 120, 138, -788, -192, 15128
57728, -326, 96, 150, -840, -208, 15092
57738, -338, 162, 162, -820, -196, 15136
57748, -338, 135, 121, -888, -148, 15144
57758, -360, 97, 140, -872, -196, 15104
57768, -325, 141, 156, -956, -128, 15140
57778, -389, 97, 141, -908, -168, 15068
57788, -339, 124, 127, -872, -196, 15192
57798, -364, 99, 115, -864, -116, 15000
57808, -354, 109, 111, -788, -156, 15044
57818, -358, 148, 121, -908, -220, 15184
57828, -334, 133, 137, -868, -160, 15024
57838, -384, 131, 141, -788, -176, 15024
57848, -375, 150, 138, -828, -180, 15232
57858, -372, 110, 135, -780, -204, 15164
57868, -365, 136, 123, -864, -272, 15052
57878, -339, 111, 116, -832, -156, 15164
57888, -346, 139, 136, -744, -248, 15156
57898, -358, 122, 125, -872, -212, 15100
57908, -371, 122, 156, -892, -212, 15320
57918, -373, 104, 148, -748, -60, 15120
57928, -349, 104, 122, -836, -160, 14988
57938, -358, 107, 128, -868, -212, 15040
57948, -360, 130, 119, -864, -140, 15148
57958, -345, 139, 152, -852, -212, 15208
57968, -345, 111, 137, -912, -188, 15040
57978, -364, 129, 120, -796, -160, 15188
57988, -340, 123, 115, -848, -200, 14976
57998, -346, 134, 141, -832, -204, 14972
58008, -355, 110, 136, -888, -180, 14996
58018, -345, 115, 122, -884, -96, 15152
58028, -354, 135, 117, -880, -212, 15032
58038, -357, 123, 127, -908, -172, 15192
58048, -346, 102, 141, -856, -148, 15136
58058, -354, 111, 123, -856, -96, 15052
58068, -354, 120, 122, -924, -68, 15044
58078, -369, 117, 141, -804, -208, 15132
58088, -365, 114, 148, -820, -208, 15348
58098, -332, 110, 131, -804, -144, 15020
58108, -365, 113, 130, -824, -148, 15068
58118, -340, 104, 126, -672, -212, 15224
58128, -377, 123, 121, -804, -232, 15192
58138, -355, 110, 165, -776, -240, 15064
58148, -364, 97, 127, -864, -192, 15172
58158, -360, 114, 131, -868, -220, 15120
58168, -363, 125, 119, -872, -216, 15204
58178, -339, 133, 135, -888, -176, 15100
58188, -370, 130, 118, -820, -224, 15204
58198, -358, 100, 154, -872, -116, 15156
58208, -377, 131, 131, -872, -244, 15148
58218, -328, 131, 117, -928, -216, 15152
58228, -368, 101, 118, -904, -160, 15104
58238, -339, 143, 138, -892, -92, 15116
58248, -356, 118, 133, -792, -228, 15100
58258, -385, 109, 124, -796, -144, 15160
58268, -344, 115, 121, -860, -252, 15256
58278, -348, 128, 139, -724, -288, 15184
58288, -324, 139, 138, -828, -164, 15156
58298, -360, 106, 162, -764, -200, 15132
58308, -345, 139, 135, -828, -132, 15140
58318, -352, 104, 118, -804, -188, 15140
58328, -356, 101, 113, -820, -168, 15240
58338, -355, 91, 128, -776, -184, 15160
58348, -358, 117, 122, -880, -264, 15004
58358, -342, 128, 131, -892, -176, 15208
58368, -348, 135, 144, -788, -200, 15220
58378, -332, 124, 129, -904, -260, 15004
58388, -351, 129, 148, -864, -144, 15164
58398, -354, 115, 117, -948, -228, 15260
58408, -360, 110, 129, -812, -216, 15328
58418, -338, 117, 141, -740, -244, 14988
58428, -359, 118, 119, -908, -300, 15184
58438, -354, 141, 133, -816, -244, 14920
58448, -367, 146, 114, -856, -232, 15076
58458, -354, 104, 125, -776, -180, 15008
58468, -347, 126, 126, -792, -280, 15200
58478, -361, 126, 147, -868, -148, 15008
58488, -341, 97, 123, -840, -216, 15136
58498, -371, 104, 119, -820, -76, 15128
58508, -368, 123, 120, -816, -128, 15240
58518, -372, 114, 127, -856, -172, 15292
58528, -369, 102, 120, -688, -60, 15112
58538, -344, 143, 121, -728, -148, 15104
58548, -343, 127, 130, -968, -156, 15216
58558, -366, 127, 136, -856, -176, 15016
58568, -339, 138, 144, -836, -224, 15192
58578, -354, 120, 135, -884, -272, 15152
58588, -343, 130, 151, -860, -200, 15112
58598, -358, 107, 127, -820, -216, 15072
58608, -337, 115, 137, -816, -260, 14936
58618, -339, 108, 143, -852, -156, 15080
58628, -366, 121, 130, -860, -240, 15072
58638, -356, 133, 132, -848, -204, 15024
58648, -344, 136, 139, -792, -132, 15104
58658, -345, 128, 130, -904, -208, 15152
58668, -346, 122, 139, -876, -292, 15100
58678, -337, 110, 129, -848, -272, 15280
58688, -339, 93, 123, -880, -88, 15124
58698, -342, 118, 143, -776, -228, 15088
58708, -344, 106, 121, -884, -128, 15112
58718, -342, 129, 157, -764, -220, 15156
58728, -332, 121, 140, -972, -120, 15276
58738, -357, 123, 131, -792, -252, 15188
58748, -337, 115, 142, -812, -216, 15064
58758, -361, 101, 133, -800, -244, 15236
58768, -337, 128, 128, -844, -272, 15160
58778, -342, 133, 103, -768, -232, 15024
58788, -351, 110, 148, -804, -132, 15312
58798, -362, 132, 115, -872, -148, 15216
58808, -357, 129, 116, -880, -228, 15140
58818, -361, 124, 114, -836, -196, 15068
58828, -359, 100, 120, -832, -188, 15136
58838, -346, 115, 129, -876, -144, 15244
58848, -340, 119, 115, -740, -156, 15156
58858, -320, 124, 143, -944, -136, 15128
58868, -354, 132, 125, -764, -252, 15268
58878, -365, 125, 152, -800, -160, 15112
58888, -338, 147, 125, -844, -204, 15076
58898, -354, 127, 134, -844, -236, 15120
58908, -360, 106, 156, -848, -284, 15132
58918, -345, 125, 141, -820, -220, 14916
58928, -371, 123, 136, -804, -128, 15120
58938, -346, 138, 136, -840, -124, 15048
58948, -349, 102, 126, -808, -160, 15092
58958, -352, 109, 131, -792, -148, 15136
58968, -334, 126, 127, -900, -184, 15128
58978, -363, 143, 132, -884, -136, 15080
58988, -354, 137, 132, -828, -184, 15216
58998, -351, 133, 132, -852, -160, 15108
59008, -325, 136, 136, -880, -160, 15060
59018, -351, 115, 128, -848, -216, 15028
59028, -351, 129, 152, -848, -164, 15256
59038, -342, 123, 146, -872, -96, 15096
59048, -331, 125, 130, -808, -184, 15028
59058, -357, 128, 132, -880, -168, 15240
59068, -361, 120, 108, -796, -216, 15056
59078, -359, 109, 125, -820, -192, 15160
59088, -340, 109, 124, -832, -200, 15148
59098, -345, 143, 136, -856, -212, 15156
59108, -366, 145, 128, -888, -188, 15184
59118, -365, 114, 111, -836, -164, 15176
59128, -353, 110, 137, -836, -148, 15112
59138, -372, 107, 136, -812, -220, 15012
59148, -342, 128, 133, -804, -296, 15120
59158, -360, 122, 122, -800, -256, 14932
59168, -340, 128, 143, -920, -148, 14980
59178, -360, 102, 132, -796, -200, 14928
59188, -357, 118, 128, -796, -184, 15036
59198, -349, 135, 133, -900, -136, 15212
59208, -378, 145, 132, -788, -268, 15032
59218, -324, 128, 123, -840, -160, 15212
59228, -344, 140, 134, -848, -160, 15212
59238, -356, 113, 101, -800, -208, 15020
59248, -351, 111, 136, -956, -220, 15144
59258, -350, 100, 146, -936, -192, 15068
59268, -353, 113, 146, -860, -116, 15244
59278, -325, 106, 135, -856, -204, 15112
59288, -352, 119, 107, -848, -252, 15160
59298, -351, 105, 118, -916, -252, 15188
59308, -398, 117, 156, -800, -256, 15220
59318, -357, 101, 145, -804, -180, 15052
59328, -364, 103, 113, -884, -236, 15068
59338, -351, 130, 146, -828, -212, 14924
59348, -348, 106, 119, -904, -276, 15040
59358, -352, 120, 117, -740, -200, 15080
59368, -346, 137, 117, -804, -268, 15024
59378, -343, 97, 145, -928, -232, 15052
59388, -347, 100, 132, -812, -212, 15132
59398, -363, 96, 121, -784, -216, 15260
59408, -348, 116, 123, -808, -196, 15060
59418, -360, 109, 124, -828, -228, 15112
59428, -363, 137, 137, -720, -136, 15136
59438, -358, 97, 136, -900, -304, 15208
59448, -354, 133, 134, -904, -248, 15228
59458, -365, 144, 129, -896, -136, 15128
59468, -331, 119, 140, -832, -240, 15236
59478, -348, 118, 147, -840, -240, 15164
59488, -336, 108, 142, -904, -96, 15040
59498, -333, 123, 157, -948, -256, 15152
59508, -349, 107, 139, -832, -268, 15136
59518, -355, 136, 136, -740, -288, 15116
59528, -333, 109, 105, -844, -148, 15216
59538, -355, 137, 117, -844, -144, 15120
59548, -354, 109, 111, -816, -228, 15224
59558, -334, 120, 137, -856, -164, 15068
59568, -361, 101, 122, -872, -212, 15252
59578, -365, 126, 129, -856, -216, 14980
59588, -356, 104, 132, -876, -176, 15116
59598, -351, 114, 129, -828, -156, 15140
59608, -369, 118, 140, -924, -200, 14948
59618, -361, 137, 128, -816, -204, 15128
59628, -329, 108, 152, -804, -236, 15028
59638, -359, 108, 136, -820, -188, 15120
59648, -355, 116, 141, -840, -148, 15044
59658, -344, 118, 138, -736, -196, 15184
59668, -365, 132, 139, -832, -196, 15084
59678, -336, 98, 141, -900, -192, 15184
59688, -357, 114, 157, -816, -160, 15088
59698, -331, 128, 116, -892, -152, 15132
59708, -349, 85, 144, -872, -180, 15204
59718, -347, 136, 127, -848, -216, 15076
59728, -361, 126, 137, -904, -184, 15280
59738, -352, 115, 146, -836, -92, 15112
59748, -361, 103, 151, -864, -128, 15196
59758, -366, 131, 114, -848, -164, 15244
59768, -351, 110, 138, -876, -144, 15180
59778, -352, 145, 126, -840, -248, 15048
59788, -348, 117, 109, -816, -152, 15024
59798, -347, 127, 147, -920, -196, 15148
59808, -381, 118, 132, -860, -244, 15260
59818, -356, 115, 110, -776, -180, 14944
59828, -344, 135, 141, -808, -256, 15188
59838, -368, 144, 115, -912, -268, 15188
59848, -341, 121, 122, -908, -244, 15228
59858, -340, 119, 134, -828, -160, 15176
59868, -355, 138, 157, -888, -156, 15148
59878, -339, 118, 145, -824, -148, 15060
59888, -336, 104, 136, -904, -180, 15024
59898, -340, 125, 143, -792, -220, 15064
59908, -337, 122, 136, -820, -252, 15124
59918, -339, 158, 122, -816, -228, 15004
59928, -338, 110, 149, -764, -240, 15124
59938, -345, 117, 135, -852, -172, 15144
59948, -364, 119, 120, -768, -292, 14916
59958, -365, 117, 129, -780, -180, 15152
59968, -384, 128, 138, -788, -116, 15040
59978, -372, 115, 130, -892, -168, 15060
59988, -375, 119, 137, -776, -252, 15072
59998, -327, 99, 145, -764, -248, 15096
60008, -371, 104, 131, -864, -260, 15076
60018, -358, 128, 130, -828, -240, 14948
60028, -345, 99, 139, -828, -100, 15076
60038, -361, 132, 99, -892, -196, 15228
60048, -354, 97, 141, -860, -124, 15140
60058, -350, 131, 122, -804, -224, 15176
60068, -338, 138, 125, -772, -196, 15132
60078, -364, 133, 134, -828, -236, 15152
60088, -330, 125, 147, -940, -184, 15020
60098, -359, 109, 151, -848, -216, 15184
60108, -340, 116, 131, -948, -220, 15148
60118, -361, 102, 137, -836, -224, 15128
60128, -349, 111, 128, -832, -200, 15164
60138, -369, 146, 149, -956, -176, 15096
60148, -357, 93, 135, -836, -228, 15016
60158, -359, 108, 131, -764, -76, 15204
60168, -335, 150, 147, -956, -220, 15120
60178, -335, 129, 123, -896, -196, 15096
60188, -378, 131, 132, -808, -184, 15188
60198, -336, 136, 137, -872, -196, 15076
60208, -345, 126, 141, -828, -228, 15156
60218, -360, 119, 149, -932, -136, 15020
60228, -351, 101, 145, -816, -220, 14996
60238, -359, 114, 136, -824, -272, 15100
60248, -362, 124, 134, -880, -144, 15192
60258, -349, 125, 133, -768, -160, 15072
60268, -338, 115, 131, -864, -164, 15252
60278, -337, 115, 131, -884, -152, 15052
60288, -349, 107, 110, -796, -312, 15168
60298, -316, 141, 120, -848, -212, 15104
60308, -358, 109, 124, -856, -56, 15068
60318, -361, 111, 144, -804, -132, 15204
60328, -336, 125, 136, -820, -200, 15340
60338, -355, 110, 119, -788, -224, 15132
60348, -347, 144, 145, -788, -164, 14992
60358, -357, 98, 127, -872, -160, 15032
60368, -356, 125, 129, -864, -52, 15224
60378, -349, 132, 126, -748, -164, 15068
60388, -349, 95, 132, -876, -160, 15144
60398, -351, 120, 112, -936, -236, 15204
60408, -364, 117, 142, -808, -128, 15180
60418, -354, 97, 130, -792, -304, 15188
60428, -329, 126, 121, -880, -108, 14984
60438, -370, 111, 113, -876, -216, 15212
60448, -328, 123, 141, -780, -292, 15104
60458, -356, 122, 154, -784, -148, 15240
60468, -367, 113, 128, -868, -212, 15276
60478, -326, 104, 135, -900, -180, 15208
60488, -352, 146, 137, -828, -108, 15304
60498, -369, 139, 135, -852, -176, 15060
60508, -363, 103, 121, -844, -148, 15176
60518, -359, 138, 134, -836, -236, 15180
60528, -359, 99, 115, -920, -292, 15232
60538, -363, 135, 127, -872, -108, 15128
60548, -363, 119, 112, -740, -152, 15164
60558, -366, 103, 131, -916, -248, 15144
60568, -335, 111, 136, -904, -196, 15100
60578, -346, 132, 134, -836, -192, 15116
60588, -342, 147, 149, -896, -116, 15180
60598, -358, 127, 139, -752, -196, 15156
60608, -329, 116, 143, -812, -192, 14960
60618, -351, 96, 139, -784, -192, 15128
60628, -364, 70, 132, -884, -176, 15128
60638, -370, 116, 131, -832, -212, 15080
60648, -353, 114, 126, -772, -92, 15100
60658, -353, 115, 141, -904, -184, 15176
60668, -351, 96, 116, -964, -192, 15180
60678, -366, 88, 131, -916, -180, 15136
60688, -356, 147, 135, -800, -156, 15264
60698, -363, 110, 147, -776, -212, 15136
60708, -350, 89, 122, -780, -124, 15148
60718, -345, 125, 143, -892, -196, 15164
60728, -374, 118, 151, -784, -168, 15236
60738, -334, 127, 136, -856, -268, 15128
60748, -364, 111, 144, -856, -164, 15160
60758, -322, 126, 154, -868, -196, 15112
60768, -367, 121, 135, -852, -184, 15096
60778, -346, 132, 133, -768, -216, 15296
60788, -360, 125, 103, -948, -112, 15148
60798, -341, 131, 130, -896, -180, 15172
60808, -323, 133, 128, -920, -60, 15136
60818, -378, 139, 121, -888, -264, 15136
60828, -368, 117, 159, -876, -192, 15260
60838, -357, 108, 120, -816, -208, 15132
60848, -363, 117, 122, -852, -144, 15140
60858, -366, 109, 145, -880, -196, 15148
60868, -378, 122, 130, -860, -104, 15188
60878, -351, 121, 129, -912, -224, 15176
60888, -342, 109, 110, -856, -316, 15268
60898, -366, 112, 140, -856, -168, 15104
60908, -354, 124, 116, -760, -216, 15112
60918, -340, 117, 117, -912, -156, 15168
60928, -364, 133, 118, -912, -148, 14940
60938, -346, 102, 149, -856, -192, 15044
60948, -345, 128, 141, -808, -264, 15128
60958, -343, 111, 131, -804, -296, 15052
60968, -341, 104, 118, -732, -176, 15268
60978, -348, 139, 148, -856, -184, 15004
60988, -383, 143, 130, -804, -212, 15060
60998, -365, 123, 140, -876, -176, 15040
61008, -363, 138, 122, -864, -184, 15132
61018, -358, 114, 159, -812, -188, 15264
61028, -368, 88, 117, -828, -144, 15160
61038, -333, 108, 138, -884, -112, 15096
61048, -350, 114, 140, -716, -96, 15164
61058, -377, 130, 138, -892, -196, 15072
61068, -360, 117, 112, -844, -168, 15108
61078, -345, 115, 132, -788, -200, 15152
61088, -352, 113, 114, -796, -212, 15076
61098, -328, 110, 125, -920, -196, 15056
61108, -363, 130, 117, -860, -136, 15356
61118, -372, 96, 166, -860, -244, 15076
61128, -366, 130, 142, -824, -140, 15176
61138, -326, 140, 132, -904, -232, 15108
61148, -364, 87, 133, -956, -224, 15160
61158, -370, 122, 110, -828, -204, 15112
61168, -369, 118, 109, -880, -192, 15032
61178, -361, 123, 129, -796, -268, 15124
61188, -362, 94, 143, -912, -240, 15200
61198, -335, 116, 128, -820, -92, 15156
61208, -360, 110, 127, -836, -208, 15148
61218, -337, 116, 144, -840, -208, 15320
61228, -338, 108, 126, -784, -192, 15236
61238, -338, 131, 127, -876, -200, 15096
61248, -337, 103, 129, -840, -184, 15172
61258, -356, 131, 117, -784, -188, 15104
61268, -364, 94, 159, -780, -132, 15128
61278, -337, 125, 127, -860, -256, 15216
61288, -362, 111, 153, -792, -200, 15180
61298, -360, 135, 136, -840, -260, 15040
61308, -359, 123, 134, -844, -164, 15200
61318, -362, 131, 134, -816, -220, 15136
61328, -336, 108, 115, -892, -196, 15276
61338, -353, 130, 141, -864, -204, 14988
61348, -338, 135, 140, -868, -148, 15184
61358, -367, 143, 122, -860, -120, 15084
61368, -339, 117, 149, -764, -220, 15044
61378, -362, 116, 119, -916, -196, 15132
61388, -356, 115, 144, -872, -160, 15160
61398, -349, 141, 113, -1004, -204, 15056
61408, -349, 115, 112, -900, -196, 15140
61418, -352, 127, 122, -896, -196, 15248
61428, -378, 124, 124, -948, -136, 15072
61438, -340, 147, 127, -860, -108, 15180
61448, -329, 125, 140, -844, -132, 15204
61458, -365, 111, 139, -1016, -240, 15196
61468, -338, 140, 141, -908, -152, 15168
61478, -358, 110, 108, -816, -148, 15164
61488, -345, 140, 107, -756, -192, 15132
61498, -360, 120, 122, -912, -220, 15028
61508, -364, 147, 121, -804, -208, 14960
61518, -362, 121, 152, -832, -320, 14972
61528, -368, 128, 115, -908, -152, 15216
61538, -356, 126, 120, -920, -184, 15148
61548, -350, 119, 128, -912, -148, 15064
61558, -333, 103, 112, -844, -212, 15140
61568, -342, 151, 137, -880, -212, 15228
61578, -344, 122, 118, -828, -152, 15200
61588, -330, 112, 128, -812, -60, 14928
61598, -366, 130, 154, -836, -300, 15120
61608, -369, 134, 131, -944, -180, 15076
61618, -356, 113, 133, -740, -172, 15104
61628, -373, 117, 152, -816, -240, 15096
61638, -357, 106, 133, -948, -184, 15164
61648, -357, 112, 127, -940, -188, 15228
61658, -346, 103, 132, -892, -152, 15008
61668, -356, 120, 142, -840, -220, 15052
61678, -324, 124, 118, -828, -340, 15088
61688, -367, 102, 149, -904, -176, 15172
61698, -332, 143, 122, -872, -156, 15052
61708, -343, 123, 149, -816, -268, 15140
61718, -364, 120, 135, -876, -228, 14980
61728, -347, 108, 128, -824, -180, 15288
61738, -345, 121, 149, -892, -184, 15248
61748, -350, 128, 145, -740, -120, 15108
61758, -361, 130, 116, -828, -200, 15188
61768, -358, 122, 122, -924, -108, 15044
61778, -359, 139, 140, -868, -164, 15312
61788, -364, 131, 126, -916, -128, 15032
61798, -338, 137, 138, -848, -148, 15152
61808, -335, 125, 130, -844, -164, 15100
61818, -357, 113, 139, -820, -232, 15112
61828, -352, 113, 135, -816, -220, 15112
61838, -336, 120, 145, -900, -144, 15312
61848, -337, 107, 134, -912, -228, 15060
61858, -351, 143, 134, -872, -156, 15160
61868, -350, 114, 121, -852, -136, 15120
61878, -339, 131, 115, -768, -272, 15228
61888, -370, 129, 154, -852, -180, 15096
61898, -363, 109, 113, -808, -144, 15164
61908, -361, 115, 120, -828, -164, 15068
61918, -362, 133, 137, -924, -228, 15196
61928, -341, 102, 128, -932, -200, 15156
61938, -341, 111, 128, -880, -204, 15208
61948, -341, 124, 132, -884, -216, 15144
61958, -355, 103, 125, -824, -244, 15136
61968, -345, 112, 135, -768, -172, 15144
61978, -358, 81, 136, -912, -236, 14976
61988, -345, 135, 125, -912, -152, 15112
61998, -370, 132, 144, -880, -240, 15252
62008, -362, 134, 90, -808, -232, 15100
62018, -353, 105, 135, -824, -240, 15196
62028, -360, 108, 155, -828, -124, 15236
62038, -373, 105, 157, -940, -164, 15084
62048, -349, 126, 109, -808, -192, 15180
62058, -352, 104, 140, -856, -212, 15072
62068, -361, 110, 136, -916, -256, 15028
62078, -350, 109, 124, -820, -168, 15292
62088, -344, 99, 123, -784, -212, 15188
62098, -334, 99, 133, -880, -148, 15060
62108, -340, 145, 149, -916, -196, 15032
62118, -354, 129, 141, -792, -200, 15132
62128, -359, 127, 141, -880, -164, 15172
62138, -339, 128, 135, -932, -212, 15260
62148, -345, 105, 129, -856, -268, 15168
62158, -370, 96, 131, -872, -104, 15128
62168, -358, 101, 115, -796, -184, 15088
62178, -360, 123, 130, -852, -208, 15080
62188, -375, 109, 112, -864, -92, 15096
62198, -347, 97, 119, -900, -192, 15092
62208, -336, 123, 131, -816, -164, 15172
62218, -349, 102, 133, -752, -232, 15164
62228, -350, 154, 144, -796, -144, 15112
62238, -347, 96, 127, -796, -124, 15172
62248, -378, 113, 132, -844, -260, 15148
62258, -356, 119, 133, -860, -232, 15064
62268, -372, 123, 140, -828, -212, 15052
62278, -351, 117, 134, -844, -164, 15196
62288, -366, 134, 127, -872, -144, 15172
62298, -337, 84, 119, -872, -236, 15012
62308, -358, 112, 117, -812, -172, 15092
62318, -372, 109, 124, -840, -168, 15136
62328, -343, 124, 128, -932, -116, 15180
62338, -362, 113, 139, -780, -264, 15120
62348, -354, 140, 113, -904, -232, 15080
62358, -344, 138, 136, -848, -200, 15016
62368, -368, 132, 120, -784, -256, 15120
62378, -371, 126, 144, -780, -168, 15172
62388, -348, 131, 115, -868, -176, 15192
62398, -332, 138, 113, -876, -204, 15076
62408, -364, 104, 157, -852, -228, 15128
62418, -333, 130, 128, -804, -140, 15160
62428, -354, 136, 150, -872, -212, 15212
62438, -352, 98, 136, -912, -112, 15124
62448, -349, 123, 141, -756, -200, 15012
62458, -358, 126, 134, -880, -132, 15184
62468, -345, 110, 157, -820, -156, 15100
62478, -358, 120, 127, -796, -168, 15072
62488, -359, 101, 121, -868, -284, 15048
62498, -341, 120, 120, -816, -140, 15108
62508, -330, 109, 132, -928, -196, 15080
62518, -306, 102, 126, -848, -160, 15152
62528, -342, 107, 133, -760, -204, 15136
62538, -348, 128, 110, -824, -160, 15120
62548, -349, 112, 118, -808, -196, 15152
62558, -355, 128, 124, -788, -208, 15056
62568, -348, 128, 118, -896, -176, 15184
62578, -337, 130, 115, -860, -220, 15224
62588, -354, 127, 145, -876, -288, 15092
62598, -367, 123, 137, -752, -248, 15048
62608, -357, 108, 108, -892, -204, 15176
62618, -340, 117, 140, -888, -232, 15132
62628, -333, 131, 121, -768, -216, 15020
62638, -356, 127, 148, -896, -164, 15024
62648, -358, 106, 126, -840, -204, 15100
62658, -354, 104, 125, -868, -160, 15116
62668, -340, 136, 104, -828, -180, 15116
62678, -343, 88, 124, -784, -268, 15192
62688, -369, 93, 148, -804, -232, 15224
62698, -361, 132, 114, -904, -212, 15108
62708, -348, 105, 125, -844, -236, 15164
62718, -351, 119, 129, -912, -256, 15272
62728, -310, 114, 117, -840, -188, 15040
62738, -341, 130, 135, -784, -264, 15080
62748, -377, 109, 130, -696, -160, 15164
62758, -354, 110, 136, -832, -236, 15040
62768, -374, 109, 132, -888, -164, 15076
62778, -335, 142, 119, -740, -164, 15152
62788, -349, 125, 131, -812, -132, 15184
62798, -347, 109, 144, -808, -124, 15152
62808, -332, 134, 138, -820, -220, 15112
62818, -350, 126, 138, -912, -128, 15128
62828, -367, 127, 144, -928, -192, 15044
62838, -354, 119, 122, -796, -164, 15096
62848, -365, 109, 131, -868, -216, 15168
62858, -364, 126, 127, -876, -180, 15116
62868, -383, 143, 120, -864, -184, 15208
62878, -348, 125, 131, -836, -292, 15116
62888, -373, 113, 109, -768, -288, 15240
62898, -368, 160, 109, -872, -232, 15096
62908, -346, 135, 89, -796, -220, 15132
62918, -358, 146, 111, -836, -312, 15120
62928, -365, 133, 122, -884, -196, 15228
62938, -363, 130, 86, -900, -216, 15144
62948, -353, 111, 104, -784, -208, 15104
62958, -337, 128, 98, -912, -304, 15244
62968, -362, 104, 102, -940, -172, 15000
62978, -336, 132, 87, -856, -284, 15112
62988, -357, 146, 121, -916, -200, 15164
62998, -321, 114, 102, -896, -240, 15236
63008, -342, 109, 138, -832, -240, 15240
63018, -379, 145, 121, -780, -180, 15252
63028, -356, 133, 115, -868, -164, 15172
63038, -357, 134, 84, -776, -192, 15204
63048, -363, 121, 91, -872, -212, 15240
63058, -341, 153, 113, -884, -256, 15148
63068, -353, 138, 113, -900, -180, 15184
63078, -358, 139, 73, -812, -220, 15116
63088, -364, 117, 119, -860, -144, 15004
63098, -369, 107, 90, -744, -228, 14988
63108, -357, 126, 105, -844, -216, 15088
63118, -351, 102, 88, -816, -284, 15100
63128, -345, 118, 100, -820, -260, 15188
63138, -343, 99, 118, -892, -240, 15104
63148, -334, 125, 121, -884, -260, 15008
63158, -353, 124, 98, -888, -148, 15264
63168, -356, 147, 86, -792, -304, 15056
63178, -367, 141, 127, -856, -164, 15120
63188, -370, 105, 97, -920, -248, 15272
63198, -375, 122, 116, -908, -196, 15200
63208, -347, 105, 130, -904, -160, 15104
63218, -348, 103, 126, -796, -180, 15240
63228, -341, 111, 101, -824, -228, 15156
63238, -357, 114, 96, -836, -188, 15052
63248, -329, 141, 108, -840, -236, 15044
63258, -342, 127, 111, -908, -188, 15064
63268, -352, 140, 92, -932, -216, 15216
63278, -343, 119, 127, -844, -236, 15120
63288, -350, 140, 122, -880, -280, 15172
63298, -377, 150, 83, -792, -160, 15044
63308, -363, 150, 106, -988, -228, 15052
63318, -352, 134, 88, -848, -220, 15116
63328, -338, 137, 110, -776, -192, 15132
63338, -372, 140, 113, -796, -220, 15056
63348, -357, 125, 102, -912, -212, 15160
63358, -346, 140, 145, -856, -224, 15112
63368, -364, 123, 113, -920, -216, 15080
63378, -345, 132, 120, -880, -228, 15104
63388, -348, 138, 121, -808, -228, 15172
63398, -307, 93, 124, -960, -164, 14988
63408, -354, 107, 113, -752, -196, 15080
63418, -357, 128, 141, -876, -208, 15124
63428, -368, 129, 137, -740, -224, 15196
63438, -354, 102, 128, -852, -188, 15108
63448, -374, 142, 132, -828, -212, 15076
63458, -371, 143, 129, -880, -160, 15104
63468, -331, 107, 117, -852, -168, 15236
63478, -349, 142, 129, -844, -196, 15016
63488, -337, 120, 114, -852, -120, 15096
63498, -349, 135, 126, -864, -244, 15228
63508, -351, 136, 114, -908, -192, 15004
63518, -360, 114, 135, -968, -240, 15204
63528, -329, 104, 122, -796, -168, 14988
63538, -335, 128, 122, -888, -124, 15072
63548, -341, 119, 115, -920, -228, 15112
63558, -360, 87, 140, -868, -228, 15136
63568, -363, 99, 145, -824, -248, 15160
63578, -354, 116, 152, -924, -120, 15064
63588, -349, 109, 109, -904, -184, 15032
63598, -348, 117, 123, -892, -160, 15132
63608, -364, 128, 153, -936, -312, 15088
63618, -366, 115, 134, -860, -280, 15176
63628, -363, 116, 108, -844, -140, 15240
63638, -368, 133, 125, -820, -212, 15016
63648, -344, 94, 132, -844, -176, 14996
63658, -363, 115, 162, -832, -220, 15036
63668, -377, 118, 139, -980, -220, 15232
63678, -325, 140, 127, -844, -292, 15128
63688, -366, 124, 156, -940, -212, 15220
63698, -352, 125, 111, -860, -216, 15268
63708, -332, 126, 124, -916, -228, 14928
63718, -353, 100, 133, -912, -224, 15076
63728, -358, 92, 120, -968, -184, 15152
63738, -360, 124, 121, -900, -144, 15164
63748, -360, 115, 140, -952, -192, 15064
63758, -355, 148, 118, -876, -252, 15300
63768, -342, 127, 134, -864, -208, 15132
63778, -362, 103, 98, -892, -196, 15224
63788, -343, 108, 130, -772, -220, 15052
63798, -383, 136, 130, -856, -204, 15076
63808, -330, 104, 125, -912, -228, 15252
63818, -330, 103, 140, -848, -228, 15248
63828, -355, 147, 137, -796, -340, 15084
63838, -343, 148, 129, -832, -164, 15036
63848, -361, 119, 147, -828, -148, 15036
63858, -329, 114, 125, -928, -192, 15140
63868, -359, 122, 150, -780, -156, 15068
63878, -344, 124, 125, -856, -180, 15236
63888, -366, 110, 129, -868, -204, 15052
63898, -321, 113, 115, -772, -160, 15140
63908, -362, 125, 165, -880, -268, 15132
63918, -361, 113, 126, -836, -180, 15172
63928, -359, 123, 129, -804, -176, 15176
63938, -345, 114, 125, -868, -208, 15080
63948, -359, 149, 128, -936, -180, 15224
63958, -351, 134, 113, -740, -248, 15100
63968, -341, 125, 132, -884, -288, 15152
63978, -363, 130, 127, -888, -276, 15116
63988, -354, 112, 118, -836, -232, 15156
63998, -354, 121, 121, -876, -72, 15188
64008, -350, 123, 111, -824, -236, 15124
64018, -375, 128, 136, -828, -132, 15028
64028, -346, 147, 129, -876, -244, 15100
64038, -352, 119, 120, -868, -164, 15212
64048, -374, 111, 119, -756, -140, 15060
64058, -334, 128, 143, -880, -148, 15180
64068, -361, 124, 148, -792, -184, 15196
64078, -367, 129, 137, -872, -184, 15048
64088, -349, 117, 158, -844, -248, 15056
64098, -363, 96, 132, -928, -216, 15072
64108, -364, 141, 124, -828, -252, 15108
64118, -353, 119, 96, -848, -184, 14972
64128, -330, 124, 139, -952, -268, 15132
64138, -346, 143, 120, -868, -196, 15176
64148, -352, 98, 147, -892, -240, 15064
64158, -381, 129, 120, -900, -148, 15136
64168, -345, 106, 136, -848, -216, 15112
64178, -360, 98, 126, -784, -244, 15156
64188, -338, 138, 147, -880, -132, 15268
64198, -349, 118, 127, -812, -244, 15096
64208, -363, 109, 127, -856, -164, 14988
64218, -342, 121, 122, -944, -220, 15064
64228, -358, 126, 119, -984, -280, 15024
64238, -346, 153, 134, -860, -180, 15164
64248, -325, 136, 142, -904, -180, 15180
64258, -353, 101, 166, -864, -232, 15232
64268, -384, 122, 149, -804, -172, 15164
64278, -358, 133, 148, -904, -288, 15132
64288, -360, 106, 130, -744, -196, 15032
64298, -343, 91, 157, -864, -196, 14964
64308, -364, 127, 126, -880, -160, 14904
64318, -346, 113, 129, -860, -156, 15068
64328, -329, 109, 115, -856, -196, 15056
64338, -352, 132, 112, -856, -220, 15160
64348, -353, 110, 132, -884, -292, 15188
64358, -341, 131, 126, -880, -168, 15124
64368, -371, 121, 110, -896, -132, 15100
64378, -344, 105, 135, -820, -224, 15200
64388, -365, 125, 136, -784, -172, 15212
64398, -347, 110, 129, -888, -208, 15088
64408, -373, 119, 117, -860, -236, 15144
64418, -355, 114, 144, -876, -180, 15216
64428, -363, 98, 146, -916, -300, 15076
64438, -338, 107, 143, -800, -148, 15152
64448, -344, 147, 119, -872, -256, 15208
64458, -370, 101, 148, -892, -240, 15084
64468, -331, 114, 136, -848, -164, 15156
64478, -357, 120, 106, -796, -188, 15196
64488, -359, 112, 124, -920, -156, 15120
64498, -346, 101, 128, -792, -212, 15264
64508, -361, 127, 113, -888, -232, 15056
64518, -351, 113, 129, -836, -256, 15236
64528, -363, 125, 133, -792, -128, 15112
64538, -343, 108, 141, -868, -148, 15012
64548, -341, 131, 136, -840, -152, 15008
64558, -357, 114, 157, -900, -260, 15116
64568, -345, 126, 147, -1000, -144, 15064
64578, -337, 107, 103, -856, -176, 15096
64588, -375, 121, 128, -824, -236, 15108
64598, -353, 110, 117, -840, -156, 15104
64608, -379, 102, 118, -892, -136, 15136
64618, -350, 132, 105, -964, -196, 15240
64628, -362, 125, 124, -844, -132, 15140
64638, -362, 126, 131, -852, -224, 15284
64648, -354, 139, 143, -796, -248, 15204
64658, -354, 130, 123, -796, -244, 15200
64668, -365, 129, 123, -944, -148, 15032
64678, -334, 125, 144, -868, -200, 15176
64688, -350, 114, 116, -884, -208, 15232
64698, -341, 124, 121, -788, -212, 15020
64708, -360, 98, 129, -856, -244, 15208
64718, -359, 125, 110, -908, -212, 15232
64728, -373, 131, 137, -936, -196, 15080
64738, -343, 119, 133, -884, -184, 15132
64748, -344, 65, 132, -976, -56, 15120
64758, -360, 115, 121, -848, -132, 15076
64768, -347, 110, 145, -844, -172, 15168
64778, -360, 108, 121, -936, -164, 15208
64788, -366, 133, 145, -776, -300, 15216
64798, -358, 115, 142, -892, -212, 15068
64808, -345, 127, 101, -760, -176, 15124
64818, -326, 126, 122, -900, -196, 15004
64828, -367, 115, 132, -896, -240, 15148
64838, -353, 115, 121, -912, -188, 15120
64848, -345, 127, 134, -912, -152, 15064
64858, -365, 95, 133, -844, -200, 15124
64868, -360, 99, 125, -1008, -240, 15168
64878, -364, 135, 104, -936, -204, 15064
64888, -338, 119, 144, -760, -28, 14920
64898, -359, 103, 122, -824, -92, 15128
64908, -344, 107, 115, -748, -176, 15048
64918, -365, 123, 128, -832, -160, 15148
64928, -356, 98, 144, -800, -252, 15108
64938, -342, 114, 136, -860, -268, 15128
64948, -338, 116, 126, -880, -224, 15188
64958, -358, 125, 142, -800, -244, 15096
64968, -342, 118, 148, -896, -228, 15196
64978, -361, 124, 107, -848, -96, 15124
64988, -352, 90, 144, -696, -244, 15116
64998, -354, 109, 115, -764, -192, 15200
65008, -356, 120, 121, -836, -280, 14988
65018, -355, 124, 110, -828, -240, 15132
65028, -359, 101, 145, -920, -192, 15068
65038, -342, 111, 131, -964, -124, 14964
65048, -379, 109, 146, -880, -204, 15140
65058, -355, 96, 121, -812, -248, 15084
65068, -354, 126, 122, -848, -276, 15296
65078, -335, 86, 123, -728, -232, 15284
65088, -349, 121, 134, -860, -204, 15112
65098, -341, 114, 120, -848, -152, 15120
65108, -364, 100, 113, -808, -272, 15220
65118, -347, 94, 137, -812, -196, 15172
65128, -374, 104, 111, -900, -44, 14932
65138, -342, 133, 108, -920, -192, 15072
65148, -346, 108, 130, -904, -200, 15200
65158, -357, 128, 97, -868, -288, 15112
65168, -338, 102, 95, -844, -196, 15204
65178, -348, 109, 96, -848, -124, 15164
65188, -349, 143, 85, -848, -96, 15212
65198, -352, 115, 93, -772, -212, 15176
65208, -353, 116, 104, -804, -192, 15176
65218, -341, 144, 116, -880, -120, 15208
65228, -346, 124, 120, -928, -192, 14936
65238, -336, 119, 92, -796, -184, 15076
65248, -369, 129, 90, -832, -188, 15160
65258, -334, 111, 103, -808, -152, 15132
65268, -345, 100, 66, -872, -256, 15096
65278, -325, 120, 79, -800, -268, 15164
65288, -340, 142, 52, -848, -232, 15220
65298, -351, 91, 41, -952, -208, 15032
65308, -349, 114, -21, -944, -176, 14936
65318, -316, 99, -105, -1012, -144, 15040
65328, -322, 114, -173, -932, -232, 15104
65338, -305, 123, -204, -868, -212, 15232
65348, -327, 112, -236, -976, -216, 15200
65358, -292, 78, -350, -956, -176, 15276
65368, -320, 86, -431, -908, -344, 15180
65378, -290, 81, -484, -1056, -228, 15076
65388, -317, 81, -524, -852, -296, 15064
65398, -308, 101, -436, -708, -112, 15208
65408, -306, 67, -443, -800, -148, 14964
65418, -304, 110, -526, -892, -272, 15088
65428, -270, 100, -554, -728, -252, 15084
65438, -278, 81, -613, -804, -216, 14956
65448, -298, 104, -459, -888, -176, 15104
65458, -297, 85, -438, -888, -148, 15188
65468, -306, 100, -419, -740, -172, 15120
65478, -272, 98, -437, -960, -184, 15148
65488, -304, 142, -454, -980, -160, 15180
65498, -307, 144, -416, -756, -256, 15024
65508, -307, 144, -342, -692, -208, 14956
65518, -292, 139, -258, -760, -204, 15052
65528, -334, 142, -303, -868, -172, 15188
65538, -318, 130, -300, -820, -84, 15140
65548, -316, 120, -284, -812, -168, 15112
65558, -277, 102, -290, -804, -260, 15288
65568, -340, 86, -252, -904, -188, 15108
65578, -331, 104, -219, -776, -188, 15092
65588, -292, 126, -164, -876, -244, 15180
65598, -328, 89, -184, -848, -244, 15136
65608, -327, 96, -206, -912, -228, 15188
65618, -310, 123, -292, -904, -316, 15076
65628, -296, 77, -492, -976, -368, 15140
65638, -294, 123, -656, -900, -376, 15012
65648, -267, 90, -720, -780, -244, 15112
65658, -281, 86, -700, -732, -164, 15108
65668, -264, 113, -699, -916, -200, 15100
65678, -258, 97, -650, -784, -100, 15020
65688, -287, 121, -517, -812, -204, 14944
65698, -318, 130, -488, -936, -316, 15160
65708, -271, 110, -566, -800, -304, 15060
65718, -266, 95, -671, -752, -288, 15200
65728, -286, 107, -690, -940, -248, 15060
65738, -243, 108, -842, -796, -352, 15116
65748, -260, 85, -933, -836, -364, 15228
65758, -251, 136, -1007, -816, -360, 15068
65768, -227, 118, -995, -768, -188, 15356
65778, -248, 126, -885, -760, -196, 15140
65788, -272, 124, -819, -900, -224, 15084
65798, -273, 120, -773, -752, -220, 15128
65808, -234, 118, -769, -904, -124, 15088
65818, -260, 127, -706, -784, -40, 15116
65828, -285, 127, -556, -768, -16, 14984
65838, -310, 121, -497, -872, -56, 15188
65848, -294, 149, -509, -912, -144, 15164
65858, -290, 158, -543, -864, -172, 15120
65868, -266, 150, -539, -912, -280, 15096
65878, -293, 103, -656, -1024, -348, 15180
65888, -249, 117, -890, -1016, -468, 15028
65898, -235, 43, -1137, -1212, -440, 15116
65908, -209, 90, -1362, -964, -436, 14940
65918, -190, 108, -1443, -764, -328, 15040
65928, -183, 122, -1441, -716, -116, 15236
65938, -205, 121, -1524, -1056, -244, 15228
65948, -161, 114, -1626, -968, -256, 15112
65958, -182, 137, -1530, -664, -16, 15080
65968, -204, 134, -1341, -668, 68, 15020
65978, -222, 121, -1101, -664, 84, 15284
65988, -239, 151, -862, -740, 0, 15068
65998, -251, 159, -661, -824, -80, 15260
66008, -281, 148, -402, -628, -28, 15092
66018, -322, 142, -273, -848, -188, 15036
66028, -328, 139, -261, -872, -196, 15112
66038, -295, 152, -234, -844, -216, 15088
66048, -308, 123, -253, -1016, -260, 15268
66058, -293, 128, -384, -932, -396, 14952
66068, -277, 140, -556, -944, -328, 15112
66078, -272, 99, -663, -924, -192, 15164
66088, -268, 123, -818, -932, -328, 15096
66098, -241, 130, -873, -1024, -216, 15180
66108, -228, 116, -827, -960, -148, 15060
66118, -239, 119, -832, -784, -100, 15012
66128, -276, 119, -861, -872, -196, 15112
66138, -238, 121, -846, -796, -152, 15024
66148, -277, 104, -801, -804, -92, 15120
66158, -274, 129, -781, -624, -180, 15128
66168, -285, 140, -720, -756, -160, 15068
66178, -284, 114, -592, -796, -128, 15220
66188, -290, 116, -497, -820, -124, 15252
66198, -301, 128, -329, -856, -120, 15092
66208, -304, 131, -284, -832, -192, 15212
66218, -280, 145, -342, -908, -288, 15040
66228, -293, 102, -608, -1032, -492, 15124
66238, -244, 117, -893, -1112, -364, 15108
66248, -218, 122, -998, -836, -216, 15176
66258, -221, 126, -972, -696, -128, 15292
66268, -243, 134, -833, -748, -84, 15032
66278, -262, 145, -718, -764, -204, 15052
66288, -273, 116, -595, -804, -116, 15128
66298, -292, 167, -447, -848, -84, 15012
66308, -296, 144, -313, -812, -148, 15068
66318, -314, 140, -181, -824, -168, 15180
66328, -336, 154, -31, -720, -196, 15004
66338, -349, 153, 45, -816, -188, 15040
66348, -348, 182, 116, -820, -236, 15056
66358, -362, 158, 108, -792, -212, 15128
66368, -338, 156, 142, -888, -264, 15124
66378, -375, 128, 153, -880, -224, 15076
66388, -338, 97, 140, -800, -220, 15108
66398, -364, 126, 118, -884, -116, 15032
66408, -361, 108, 137, -996, -116, 15288
66418, -352, 133, 126, -820, -192, 15172
66428, -349, 143, 134, -808, -204, 15124
66438, -368, 139, 125, -828, -144, 15128
66448, -347, 109, 116, -880, -280, 15220
66458, -343, 106, 119, -844, -164, 15156
66468, -379, 116, 129, -888, -216, 15080
66478, -341, 129, 129, -836, -164, 15120
66488, -342, 104, 143, -720, -116, 15116
66498, -372, 113, 103, -860, -180, 15108
66508, -369, 98, 109, -900, -196, 15164
66518, -367, 134, 145, -832, -232, 15232
66528, -355, 113, 109, -796, -252, 15236
66538, -314, 102, 131, -876, -160, 15140
66548, -354, 121, 92, -808, -268, 15104
66558, -360, 109, 153, -856, -220, 15168
66568, -363, 122, 137, -952, -204, 15152
66578, -351, 150, 123, -860, -144, 15140
66588, -374, 105, 121, -864, -144, 15020
66598, -339, 123, 152, -880, -212, 15120
66608, -360, 118, 128, -928, -236, 15176
66618, -345, 136, 104, -780, -152, 15052
66628, -364, 126, 124, -932, -220, 15200
66638, -355, 108, 124, -884, -204, 15148
66648, -339, 103, 126, -892, -232, 15192
66658, -339, 119, 146, -892, -44, 15104
66668, -347, 115, 110, -912, -208, 15132
66678, -337, 141, 128, -880, -220, 15200
66688, -350, 123, 127, -872, -120, 15028
66698, -342, 89, 125, -888, -296, 14976
66708, -368, 124, 117, -836, -196, 15192
66718, -345, 116, 127, -900, -132, 15052
66728, -349, 120, 121, -880, -280, 15200
66738, -347, 122, 115, -836, -184, 15092
66748, -356, 141, 136, -868, -288, 15100
66758, -352, 127, 134, -904, -164, 15184
66768, -337, 141, 111, -884, -192, 15184
66778, -350, 125, 136, -960, -260, 15168
66788, -330, 109, 134, -848, -132, 15152
66798, -357, 122, 129, -876, -208, 15180
66808, -361, 143, 144, -928, -220, 15152
66818, -357, 126, 147, -872, -108, 15044
66828, -356, 126, 132, -864, -240, 15148
66838, -345, 125, 158, -860, -216, 15132
66848, -327, 132, 128, -868, -112, 15200
66858, -344, 131, 134, -872, -168, 15232
66868, -374, 132, 142, -812, -76, 15052
66878, -354, 122, 141, -844, -296, 15004
66888, -372, 122, 137, -868, -172, 15136
66898, -364, 113, 122, -988, -204, 15128
66908, -343, 111, 107, -840, -204, 15164
66918, -359, 141, 108, -880, -180, 15076
66928, -361, 106, 119, -876, -208, 15172
66938, -339, 132, 116, -928, -288, 15096
66948, -361, 110, 133, -836, -260, 15188
66958, -337, 124, 138, -808, -272, 15156
66968, -337, 113, 154, -836, -172, 15012
66978, -341, 112, 127, -908, -228, 15084
66988, -358, 120, 110, -820, -212, 15060
66998, -363, 106, 126, -852, -204, 15256
67008, -353, 113, 145, -888, -180, 15176
67018, -335, 121, 142, -968, -92, 15112
67028, -343, 125, 147, -868, -192, 15196
67038, -332, 98, 146, -792, -136, 15080
67048, -347, 138, 106, -860, -192, 15276
67058, -328, 113, 115, -920, -168, 15124
67068, -344, 129, 139, -880, -188, 15132
67078, -337, 129, 116, -888, -196, 15024
67088, -367, 127, 129, -956, -152, 14988
67098, -330, 113, 133, -904, -184, 15160
67108, -368, 91, 138, -868, -36, 15252
67118, -368, 115, 123, -748, -212, 15140
67128, -374, 128, 125, -860, -196, 15024
67138, -349, 111, 140, -852, -284, 14968
67148, -373, 112, 120, -872, -132, 15100
67158, -338, 131, 129, -824, -156, 15012
67168, -363, 117, 124, -936, -232, 15144
67178, -375, 93, 132, -832, -184, 15176
67188, -334, 127, 109, -860, -180, 15188
67198, -351, 96, 144, -828, -200, 15076
67208, -338, 105, 150, -820, -176, 15144
67218, -345, 108, 120, -860, -220, 15068
67228, -346, 119, 141, -968, -204, 15192
67238, -346, 131, 124, -932, -236, 15172
67248, -356, 98, 126, -872, -172, 15228
67258, -350, 125, 153, -800, -204, 15060
67268, -383, 118, 124, -816, -224, 15176
67278, -356, 141, 145, -860, -180, 15052
67288, -328, 132, 129, -848, -108, 15124
67298, -357, 116, 119, -808, -168, 15032
67308, -327, 113, 141, -896, -184, 15052
67318, -362, 141, 121, -920, -252, 15148
67328, -345, 119, 139, -888, -128, 15188
67338, -359, 122, 122, -908, -140, 15200
67348, -350, 104, 136, -836, -196, 15056
67358, -360, 116, 124, -868, -228, 15104
67368, -357, 101, 146, -816, -108, 15116
67378, -336, 105, 108, -860, -240, 15068
67388, -358, 133, 119, -844, -276, 15052
67398, -342, 143, 106, -940, -120, 15004
67408, -356, 94, 116, -752, -220, 15084
67418, -340, 137, 141, -832, -200, 15052
67428, -348, 100, 155, -868, -108, 15296
67438, -360, 115, 127, -844, -176, 15108
67448, -348, 100, 153, -936, -200, 15012
67458, -361, 126, 124, -848, -156, 15008
67468, -370, 100, 143, -804, -192, 15184
67478, -363, 110, 117, -980, -212, 15076
67488, -363, 120, 148, -848, -148, 15096
67498, -353, 111, 145, -776, -152, 15088
67508, -346, 119, 138, -728, -256, 15212
67518, -371, 138, 125, -840, -128, 15056
67528, -379, 112, 114, -956, -220, 15160
67538, -349, 142, 127, -872, -192, 15164
67548, -373, 128, 126, -736, -196, 15036
67558, -359, 127, 125, -908, -132, 15140
67568, -346, 143, 126, -912, -168, 15080
67578, -358, 134, 134, -872, -220, 15264
67588, -333, 116, 138, -904, -280, 15068
67598, -376, 125, 123, -932, -188, 15076
67608, -357, 129, 130, -896, -224, 15124
67618, -335, 97, 138, -892, -188, 14988
67628, -358, 139, 117, -828, -116, 15120
67638, -357, 110, 117, -852, -208, 15172
67648, -353, 120, 133, -844, -312, 15120
67658, -345, 131, 128, -976, -144, 15148
67668, -369, 122, 140, -888, -176, 15168
67678, -349, 116, 122, -860, -188, 15088
67688, -371, 114, 115, -920, -204, 15048
67698, -326, 127, 154, -868, -148, 15092
67708, -371, 126, 109, -788, -184, 15136
67718, -341, 112, 139, -928, -192, 15104
67728, -345, 141, 119, -868, -172, 15168
67738, -349, 114, 124, -808, -176, 15140
67748, -325, 124, 124, -860, -280, 15064
67758, -352, 117, 126, -852, -236, 15180
67768, -346, 118, 134, -916, -264, 15096
67778, -357, 115, 144, -792, -276, 15280
67788, -369, 124, 122, -856, -148, 14960
67798, -334, 98, 119, -892, -132, 15164
67808, -327, 102, 120, -776, -288, 15120
67818, -360, 106, 144, -848, -192, 15220
67828, -316, 101, 139, -916, -204, 15160
67838, -355, 110, 131, -912, -180, 15036
67848, -336, 123, 132, -936, -208, 15024
67858, -354, 115, 127, -912, -176, 15052
67868, -350, 98, 118, -936, -236, 15164
67878, -334, 101, 123, -852, -168, 15144
67888, -347, 142, 157, -856, -180, 15216
67898, -337, 108, 141, -792, -156, 15048
67908, -347, 106, 150, -904, -204, 15108
67918, -389, 140, 134, -816, -176, 15060
67928, -366, 129, 162, -904, -232, 15112
67938, -353, 90, 129, -880, -276, 15136
67948, -346, 131, 152, -828, -232, 15116
67958, -376, 125, 136, -908, -300, 15156
67968, -360, 147, 133, -916, -264, 15176
67978, -351, 108, 119, -776, -148, 15008
67988, -356, 94, 140, -872, -132, 15268
67998, -348, 129, 137, -808, -256, 15016
68008, -364, 93, 137, -900, -204, 15156
68018, -337, 83, 143, -860, -236, 15100
68028, -368, 121, 128, -932, -228, 15052
68038, -362, 135, 122, -808, -308, 15116
68048, -370, 113, 139, -872, -184, 15116
68058, -351, 120, 137, -948, -160, 14940
68068, -362, 122, 120, -916, -196, 15148
68078, -340, 103, 118, -832, -228, 15076
68088, -367, 119, 127, -788, -192, 15144
68098, -378, 107, 149, -884, -192, 15016
68108, -356, 110, 147, -952, -116, 15212
68118, -333, 116, 115, -696, -128, 15096
68128, -365, 113, 140, -780, -176, 15180
68138, -336, 101, 147, -912, -232, 14960
68148, -367, 112, 146, -872, -136, 15164
68158, -375, 96, 131, -892, -256, 15156
68168, -337, 121, 118, -928, -236, 15088
68178, -354, 120, 134, -872, -200, 15168
68188, -347, 118, 116, -860, -168, 15136
68198, -336, 128, 117, -836, -96, 15156
68208, -347, 140, 155, -796, -160, 15036
68218, -336, 129, 137, -908, -164, 15124
68228, -361, 120, 164, -896, -148, 15148
68238, -354, 99, 124, -912, -268, 14968
68248, -348, 110, 127, -924, -216, 15148
68258, -359, 114, 163, -916, -152, 14972
68268, -355, 117, 129, -916, -200, 14956
68278, -374, 128, 132, -1000, -292, 15176
68288, -359, 125, 148, -796, -188, 15136
68298, -356, 145, 126, -928, -196, 15060
68308, -363, 139, 138, -892, -120, 15112
68318, -359, 95, 148, -912, -272, 15084
68328, -358, 99, 129, -800, -128, 15124
68338, -358, 135, 131, -808, -208, 15096
68348, -372, 122, 139, -912, -168, 15060
68358, -367, 117, 135, -908, -244, 15180
68368, -368, 97, 154, -852, -168, 15028
68378, -347, 99, 144, -848, -176, 15036
68388, -369, 110, 147, -880, -244, 15036
68398, -368, 95, 151, -820, -148, 15036
68408, -361, 123, 150, -868, -244, 15188
68418, -349, 119, 126, -752, -284, 15180
68428, -329, 105, 137, -812, -256, 15016
68438, -350, 142, 146, -856, -152, 15068
68448, -348, 114, 142, -900, -116, 15176
68458, -361, 113, 122, -812, -196, 15180
68468, -368, 116, 117, -772, -200, 15196
68478, -369, 141, 124, -740, -236, 15104
68488, -346, 134, 126, -872, -180, 15076
68498, -348, 105, 120, -920, -192, 15100
68508, -338, 124, 110, -856, -124, 15060
68518, -335, 112, 138, -852, -256, 15092
68528, -343, 118, 161, -920, -140, 15056
68538, -358, 141, 159, -872, -212, 15160
68548, -333, 130, 145, -920, -164, 15168
68558, -376, 111, 121, -800, -256, 15120
68568, -354, 122, 131, -868, -260, 15092
68578, -365, 121, 161, -764, -144, 15160
68588, -338, 120, 138, -872, -224, 15152
68598, -344, 147, 121, -880, -140, 15236
68608, -353, 129, 125, -884, -116, 15196
68618, -361, 117, 129, -964, -188, 14964
68628, -366, 155, 134, -840, -164, 15132
68638, -345, 140, 149, -888, -52, 15080
68648, -369, 114, 124, -892, -292, 15204
68658, -368, 119, 139, -772, -112, 15216
68668, -347, 131, 132, -896, -188, 15176
68678, -364, 124, 147, -792, -208, 15256
68688, -368, 117, 120, -772, -168, 15232
68698, -365, 107, 138, -896, -168, 15112
68708, -344, 124, 133, -912, -196, 15200
68718, -365, 115, 128, -912, -112, 15164
68728, -323, 133, 123, -780, -244, 15116
68738, -360, 101, 138, -892, -188, 15100
68748, -356, 113, 129, -780, -156, 15016
68758, -371, 120, 149, -900, -228, 15096
68768, -368, 99, 122, -872, -76, 15272
68778, -345, 141, 104, -892, -132, 15120
68788, -345, 111, 123, -816, -252, 14980
68798, -342, 125, 120, -888, -128, 15368
68808, -350, 106, 129, -864, -212, 15144
68818, -369, 110, 127, -888, -228, 15112
68828, -367, 119, 113, -844, -156, 15192
68838, -331, 110, 123, -720, -248, 15244
68848, -348, 91, 153, -904, -160, 15152
68858, -357, 89, 134, -860, -112, 15076
68868, -366, 93, 125, -860, -152, 14996
68878, -360, 113, 131, -884, -188, 14968
68888, -358, 127, 127, -856, -256, 15180
68898, -353, 141, 142, -944, -164, 15144
68908, -335, 111, 143, -840, -116, 15092
68918, -351, 134, 124, -828, -200, 15104
68928, -364, 114, 139, -808, -168, 15240
68938, -365, 121, 131, -804, -148, 14972
68948, -356, 100, 141, -896, -124, 15152
68958, -346, 108, 147, -804, -144, 15164
68968, -352, 107, 150, -900, -208, 15156
68978, -341, 99, 132, -820, -96, 15156
68988, -330, 112, 143, -948, -232, 15200
68998, -339, 103, 112, -860, -148, 15152
69008, -377, 103, 140, -856, -268, 15208
69018, -359, 142, 154, -892, -216, 15116
69028, -342, 131, 131, -912, -204, 15052
69038, -356, 113, 132, -844, -88, 15116
69048, -377, 118, 139, -856, -236, 15040
69058, -357, 101, 144, -980, -96, 15148
69068, -350, 120, 133, -892, -220, 15172
69078, -355, 131, 117, -888, -268, 15144
69088, -314, 123, 125, -740, -280, 15128
69098, -352, 96, 135, -908, -148, 15108
69108, -375, 111, 142, -940, -184, 15180
69118, -370, 139, 153, -880, -120, 15100
69128, -341, 116, 143, -796, -256, 15156
69138, -376, 108, 145, -824, -164, 15284
69148, -372, 124, 109, -860, -112, 15068
69158, -366, 108, 128, -848, -264, 15232
69168, -370, 117, 132, -788, -216, 15056
69178, -334, 125, 119, -876, -220, 15080
69188, -366, 124, 125, -848, -156, 15120
69198, -315, 98, 122, -776, -196, 15232
69208, -381, 133, 116, -912, -156, 15148
69218, -369, 126, 133, -960, -188, 15152
69228, -356, 113, 131, -796, -204, 15136
69238, -358, 107, 136, -916, -272, 15148
69248, -385, 110, 127, -768, -156, 15120
69258, -366, 118, 123, -980, -204, 15264
69268, -351, 142, 116, -880, -140, 15240
69278, -341, 100, 138, -912, -120, 15060
69288, -352, 112, 140, -796, -140, 15140
69298, -370, 117, 159, -900, -184, 15148
69308, -355, 110, 146, -904, -168, 15192
69318, -349, 116, 124, -956, -204, 15104
69328, -334, 119, 131, -848, -196, 15060
69338, -353, 121, 146, -772, -100, 15312
69348, -367, 129, 139, -844, -160, 15080
69358, -371, 109, 128, -800, -136, 15148
69368, -372, 117, 138, -736, -124, 15084
69378, -360, 125, 153, -836, -256, 15160
69388, -335, 126, 132, -872, -124, 15112
69398, -367, 130, 133, -800, -236, 15088
69408, -364, 110, 125, -860, -284, 15120
69418, -359, 115, 124, -856, -128, 15196
69428, -333, 128, 111, -880, -196, 15128
69438, -337, 112, 127, -868, -124, 15172
69448, -339, 118, 136, -824, -216, 15132
69458, -346, 112, 137, -888, -156, 15100
69468, -372, 115, 115, -844, -124, 15232
69478, -369, 128, 147, -840, -168, 15128
69488, -372, 107, 142, -836, -160, 15080
69498, -348, 105, 134, -816, -180, 15088
69508, -345, 105, 134, -816, -200, 15224
69518, -352, 110, 128, -844, -104, 15180
69528, -348, 105, 125, -880, -112, 15120
69538, -353, 103, 123, -912, -252, 15272
69548, -363, 133, 152, -928, -240, 14972
69558, -371, 125, 111, -956, -192, 15276
69568, -364, 125, 95, -884, -220, 15156
69578, -363, 119, 150, -848, -184, 15108
69588, -378, 126, 137, -928, -160, 15124
69598, -358, 123, 118, -964, -124, 15068
69608, -337, 126, 127, -972, -80, 15112
69618, -360, 121, 150, -864, -264, 15236
69628, -352, 120, 129, -904, -208, 15112
69638, -337, 137, 130, -948, -184, 15120
69648, -370, 109, 123, -800, -208, 15092
69658, -338, 103, 136, -728, -280, 15136
69668, -355, 109, 137, -1000, -260, 15204
69678, -359, 140, 145, -836, -184, 15136
69688, -354, 101, 129, -892, -260, 15084
69698, -368, 124, 134, -848, -244, 15112
69708, -339, 116, 135, -804, -204, 15024
69718, -369, 163, 110, -892, -276, 15036
69728, -359, 105, 123, -884, -164, 15068
69738, -353, 109, 123, -872, -252, 15236
69748, -356, 85, 135, -840, -204, 15212
69758, -342, 105, 134, -852, -204, 15056
69768, -346, 109, 132, -944, -196, 15288
69778, -358, 110, 117, -808, -204, 15172
69788, -349, 122, 151, -804, -152, 15172
69798, -353, 146, 140, -776, -232, 15068
69808, -340, 119, 140, -872, -180, 15140
69818, -368, 122, 145, -884, -184, 15256
69828, -321, 108, 121, -780, -284, 15172
69838, -367, 114, 106, -760, -180, 15008
69848, -340, 119, 114, -784, -272, 15060
69858, -359, 112, 133, -952, -180, 15184
69868, -330, 143, 131, -840, -208, 15288
69878, -356, 123, 120, -848, -196, 15060
69888, -346, 95, 132, -848, -228, 15200
69898, -359, 131, 142, -856, -128, 15188
69908, -343, 122, 127, -964, -124, 15224
69918, -355, 104, 135, -972, -248, 15120
69928, -368, 112, 127, -828, -108, 15100
69938, -328, 124, 131, -804, -256, 15288
69948, -349, 114, 129, -884, -216, 15156
69958, -374, 131, 136, -864, -168, 15088
69968, -349, 139, 155, -840, -204, 15128
69978, -336, 113, 125, -800, -140, 15148
69988, -367, 133, 108, -732, -156, 15268
69998, -353, 116, 128, -856, -60, 15164
70008, -346, 99, 128, -916, -132, 15024
70018, -330, 103, 131, -768, -256, 14956
70028, -332, 101, 116, -888, -236, 15288
70038, -371, 108, 137, -848, -188, 15128
70048, -366, 126, 123, -864, -144, 15084
70058, -373, 119, 112, -768, -248, 15240
70068, -340, 105, 147, -892, -108, 15060
70078, -363, 114, 134, -860, -160, 15156
70088, -354, 108, 116, -832, -236, 15060
70098, -348, 98, 120, -864, -260, 15060
70108, -342, 107, 118, -876, -196, 15076
70118, -344, 122, 121, -832, -152, 15084
70128, -347, 90, 123, -832, -224, 15156
70138, -341, 132, 144, -832, -44, 15072
70148, -340, 132, 130, -844, -128, 15100
70158, -339, 133, 133, -876, -112, 15096
70168, -335, 135, 126, -800, -168, 15144
70178, -358, 110, 130, -888, -176, 15088
70188, -360, 130, 165, -828, -156, 15008
70198, -362, 117, 141, -904, -172, 15168
70208, -359, 115, 122, -816, -332, 15104
70218, -340, 146, 122, -832, -116, 15076
70228, -352, 135, 136, -848, -220, 15176
70238, -328, 137, 133, -816, -204, 15172
70248, -324, 115, 112, -868, -80, 15148
70258, -361, 124, 138, -876, -204, 14976
70268, -358, 114, 160, -980, -156, 15060
70278, -350, 113, 136, -864, -208, 15204
70288, -377, 125, 138, -840, -232, 15080
70298, -355, 141, 127, -840, -164, 15092
70308, -361, 114, 143, -904, -180, 15028
70318, -375, 131, 124, -916, -192, 15048
70328, -355, 147, 149, -912, -136, 15032
70338, -360, 97, 126, -832, -128, 15060
70348, -351, 125, 128, -864, -244, 15048
70358, -330, 115, 121, -924, -216, 15164
70368, -342, 94, 124, -868, -168, 15240
70378, -334, 130, 120, -840, -248, 15036
70388, -343, 109, 124, -816, -208, 15108
70398, -369, 112, 147, -812, -80, 15076
70408, -337, 106, 139, -848, -336, 15028
70418, -337, 128, 131, -764, -264, 15200
70428, -362, 109, 123, -852, -164, 15104
70438, -380, 92, 123, -884, -116, 15032
70448, -342, 132, 141, -836, -188, 15096
70458, -373, 110, 143, -872, -164, 15020
70468, -368, 116, 132, -812, -180, 15064
70478, -352, 119, 126, -908, -212, 14988
70488, -367, 139, 146, -780, -128, 15172
70498, -345, 109, 161, -888, -152, 15172
70508, -390, 126, 130, -824, -84, 15020
70518, -354, 100, 127, -876, -192, 15192
70528, -355, 128, 113, -928, -224, 15184
70538, -364, 124, 136, -908, -148, 15212
70548, -347, 134, 124, -840, -216, 15204
70558, -371, 121, 117, -892, -152, 15024
70568, -361, 101, 133, -864, -132, 15180
70578, -341, 122, 156, -856, -176, 14992
70588, -337, 129, 141, -812, -156, 15216
70598, -351, 125, 138, -672, -172, 15080
70608, -346, 102, 133, -904, -164, 15108
70618, -368, 132, 133, -868, -20, 15096
70628, -356, 115, 143, -864, -200, 15044
70638, -351, 114, 114, -900, -108, 15268
70648, -353, 123, 136, -832, -292, 15296
70658, -335, 115, 129, -828, -244, 15208
70668, -373, 121, 144, -960, -220, 14996
70678, -370, 112, 118, -880, -176, 15272
70688, -355, 134, 133, -952, -256, 15216
70698, -335, 108, 135, -752, -216, 15128
70708, -350, 118, 135, -856, -188, 15236
70718, -327, 126, 146, -772, -192, 15064
70728, -361, 92, 141, -968, -192, 15148
70738, -351, 150, 113, -860, -232, 15256
70748, -361, 104, 149, -856, -160, 15168
70758, -357, 117, 135, -788, -168, 15204
70768, -360, 116, 147, -904, -228, 15084
70778, -334, 116, 148, -800, -76, 15148
70788, -367, 98, 131, -760, -80, 15112
70798, -359, 139, 120, -884, -224, 15096
70808, -363, 145, 108, -796, -200, 15180
70818, -347, 130, 122, -900, -204, 15140
70828, -368, 127, 127, -852, -208, 15124
70838, -355, 122, 136, -904, -204, 15140
70848, -346, 116, 128, -868, -176, 15076
70858, -358, 129, 141, -796, -72, 15016
70868, -360, 128, 145, -848, -124, 15128
70878, -360, 111, 129, -872, -256, 15112
70888, -353, 121, 121, -844, -116, 15184
70898, -362, 117, 137, -916, -140, 15012
70908, -312, 108, 135, -816, -224, 15108
70918, -364, 119, 135, -748, -100, 15180
70928, -359, 109, 120, -780, -192, 15160
70938, -362, 98, 134, -864, -156, 15112
70948, -351, 118, 127, -880, -152, 15188
70958, -366, 143, 165, -752, -256, 15224
70968, -363, 107, 128, -956, -208, 15100
70978, -352, 124, 162, -864, -164, 15088
70988, -338, 116, 142, -932, -240, 15112
70998, -323, 112, 136, -812, -264, 15032
71008, -361, 122, 134, -924, -256, 15208
71018, -337, 113, 128, -804, -180, 15228
71028, -359, 113, 143, -980, -96, 15088
71038, -355, 111, 129, -808, -232, 15152
71048, -347, 113, 153, -800, -192, 15208
71058, -376, 123, 122, -884, -244, 15096
71068, -350, 129, 139, -856, -212, 15320
71078, -359, 142, 165, -884, -212, 15096
71088, -349, 99, 133, -876, -204, 15236
71098, -362, 130, 115, -876, -132, 15036
71108, -335, 122, 91, -724, -228, 15224
71118, -362, 121, 139, -864, -136, 15128
71128, -358, 125, 140, -964, -224, 14876
71138, -350, 98, 140, -784, -252, 15124
71148, -371, 101, 110, -896, -192, 15316
71158, -370, 106, 158, -844, -132, 15112
71168, -351, 100, 112, -760, -220, 15044
71178, -356, 125, 119, -836, -232, 15192
71188, -369, 108, 108, -816, -192, 15140
71198, -382, 102, 122, -856, -252, 15208
71208, -363, 124, 137, -836, -280, 15132
71218, -362, 118, 138, -752, -164, 15164
71228, -342, 124, 110, -984, -180, 15228
71238, -352, 97, 117, -928, -164, 15148
71248, -357, 111, 144, -832, -220, 15140
71258, -332, 112, 118, -852, -180, 15144
71268, -366, 112, 157, -708, -204, 15136
71278, -353, 124, 136, -936, -268, 15196
71288, -385, 132, 131, -916, -248, 15092
71298, -351, 118, 118, -760, -88, 15160
71308, -364, 109, 133, -796, -308, 15044
71318, -340, 95, 124, -824, -240, 15196
71328, -358, 111, 141, -876, -228, 15080
71338, -357, 104, 108, -888, -200, 15072
71348, -359, 98, 127, -872, -164, 15276
71358, -352, 95, 138, -872, -180, 15088
71368, -352, 121, 108, -864, -224, 15092
71378, -362, 116, 135, -864, -104, 15132
71388, -349, 108, 155, -844, -252, 15092
71398, -345, 150, 137, -864, -304, 15148
71408, -367, 92, 118, -880, -256, 15048
71418, -371, 131, 136, -896, -132, 15196
71428, -368, 126, 130, -860, -124, 15192
71438, -332, 137, 120, -924, -260, 15080
71448, -330, 87, 131, -872, -200, 15148
71458, -350, 118, 120, -916, -272, 15252
71468, -354, 108, 132, -872, -280, 15208
71478, -366, 139, 105, -880, -144, 15224
71488, -372, 101, 141, -828, -200, 15056
71498, -370, 99, 127, -904, -192, 15228
71508, -353, 147, 147, -796, -100, 15092
71518, -354, 106, 152, -832, -136, 15208
71528, -346, 101, 120, -784, -176, 15116
71538, -343, 128, 134, -828, -284, 15152
71548, -348, 130, 150, -840, -216, 15084
71558, -333, 146, 140, -804, -236, 15096
71568, -361, 122, 154, -808, -192, 15068
71578, -356, 103, 118, -884, -156, 15124
71588, -367, 104, 147, -772, -236, 15024
71598, -378, 112, 120, -920, -256, 15024
71608, -341, 121, 124, -844, -152, 15156
71618, -336, 90, 125, -816, -148, 15196
71628, -334, 105, 120, -832, -196, 15128
71638, -376, 116, 113, -924, -200, 15008
71648, -340, 118, 124, -840, -160, 15076
71658, -340, 125, 120, -944, -268, 15044
71668, -349, 97, 129, -988, -180, 15236
71678, -349, 106, 124, -888, -164, 15080
71688, -348, 119, 127, -884, -196, 15136
71698, -347, 118, 135, -824, -196, 15096
71708, -324, 120, 155, -928, -336, 15156
71718, -343, 123, 157, -796, -144, 15084
71728, -371, 133, 120, -812, -252, 15132
71738, -362, 108, 131, -780, -224, 15104
71748, -341, 117, 141, -864, -244, 15164
71758, -344, 149, 133, -824, -180, 15148
71768, -361, 84, 146, -912, -124, 15128
71778, -328, 112, 112, -812, -164, 15096
71788, -324, 111, 121, -884, -184, 15188
71798, -352, 136, 156, -888, -172, 15236
71808, -329, 117, 136, -772, -176, 15044
71818, -346, 114, 128, -784, -260, 15136
71828, -372, 107, 148, -856, -180, 15112
71838, -358, 121, 124, -828, -148, 15088
71848, -349, 125, 148, -972, -124, 15060
71858, -343, 117, 134, -868, -140, 15148
71868, -377, 94, 133, -832, -248, 15132
71878, -367, 110, 122, -892, -168, 15120
71888, -324, 117, 135, -856, -192, 15100
71898, -354, 98, 121, -912, -212, 15208
71908, -338, 112, 136, -948, -84, 15116
71918, -358, 145, 118, -932, -244, 15240
71928, -356, 124, 128, -864, -172, 15168
71938, -329, 133, 119, -904, -124, 15136
71948, -365, 109, 123, -848, -212, 15140
71958, -344, 125, 123, -836, -192, 15156
71968, -353, 124, 123, -952, -196, 15176
71978, -358, 131, 106, -872, -172, 15052
71988, -321, 139, 127, -932, -216, 15164
71998, -362, 133, 137, -896, -220, 15244
72008, -336, 129, 111, -932, -224, 15100
72018, -360, 130, 118, -960, -184, 15152
72028, -341, 101, 116, -892, -296, 15244
72038, -355, 104, 123, -924, -252, 15104
72048, -344, 97, 135, -892, -300, 15188
72058, -353, 103, 136, -948, -40, 15128
72068, -385, 118, 139, -816, -88, 15184
72078, -346, 97, 119, -956, -200, 15196
72088, -352, 135, 122, -852, -160, 15172
72098, -342, 139, 128, -832, -200, 15164
72108, -361, 136, 124, -912, -236, 15328
72118, -357, 129, 140, -880, -192, 15084
72128, -363, 106, 143, -848, -160, 15084
72138, -356, 111, 107, -840, -88, 15180
72148, -339, 124, 124, -884, -156, 15052
72158, -347, 112, 127, -804, -204, 14980
72168, -346, 118, 125, -972, -264, 15188
72178, -338, 112, 153, -752, -196, 15204
72188, -372, 126, 137, -824, -164, 15036
72198, -362, 113, 139, -800, -148, 15232
72208, -338, 122, 144, -916, -112, 15160
72218, -360, 119, 122, -820, -152, 15112
72228, -358, 111, 152, -856, -272, 14980
72238, -351, 134, 132, -968, -136, 15096
72248, -352, 122, 126, -780, -196, 15168
72258, -335, 121, 137, -972, -168, 15196
72268, -350, 122, 111, -808, -264, 15120
72278, -341, 122, 127, -924, -100, 15096
72288, -350, 135, 147, -896, -184, 15096
72298, -349, 122, 139, -896, -100, 15212
72308, -382, 118, 131, -776, -228, 15104
72318, -364, 116, 122, -796, -184, 15240
72328, -331, 110, 132, -848, -256, 15104
72338, -336, 108, 119, -844, -208, 15024
72348, -356, 90, 130, -884, -340, 15088
72358, -340, 124, 145, -936, -176, 15092
72368, -351, 107, 120, -828, -164, 15036
72378, -343, 87, 131, -896, -148, 15180
72388, -360, 147, 117, -788, -200, 15048
72398, -352, 105, 145, -776, -164, 15136
72408, -349, 121, 125, -892, -204, 15224
72418, -328, 116, 139, -856, -128, 15068
72428, -351, 131, 134, -904, -140, 15124
72438, -355, 114, 124, -864, -192, 15004
72448, -356, 118, 140, -852, -220, 15272
72458, -337, 111, 142, -908, -228, 15100
72468, -366, 138, 130, -892, -140, 15068
72478, -393, 99, 133, -912, -260, 15172
72488, -353, 130, 106, -784, -192, 15108
72498, -350, 136, 135, -900, -212, 15252
72508, -347, 130, 148, -896, -152, 15076
72518, -352, 117, 132, -916, -156, 15312
72528, -351, 122, 133, -916, -268, 15144
72538, -366, 130, 140, -768, -152, 15176
72548, -363, 82, 114, -792, -160, 15180
72558, -340, 128, 143, -804, -288, 15132
72568, -335, 109, 137, -872, -128, 15116
72578, -367, 106, 121, -796, -32, 15084
72588, -361, 106, 144, -848, -200, 15172
72598, -347, 108, 135, -732, -268, 15116
72608, -392, 112, 133, -900, -248, 15184
72618, -337, 132, 129, -768, -280, 15220
72628, -359, 115, 138, -920, -220, 15040
72638, -365, 136, 113, -872, -216, 15096
72648, -354, 110, 109, -800, -212, 15220
72658, -361, 124, 140, -856, -244, 15060
72668, -349, 120, 119, -876, -204, 15060
72678, -361, 135, 123, -892, -180, 15168
72688, -354, 140, 137, -852, -192, 15080
72698, -367, 112, 136, -852, -120, 15220
72708, -361, 132, 137, -848, -236, 15076
72718, -366, 114, 124, -880, -188, 15216
72728, -342, 122, 148, -920, -164, 15068
72738, -360, 113, 120, -904, -196, 15336
72748, -358, 98, 128, -828, -84, 15116
72758, -359, 141, 140, -864, -196, 14952
72768, -355, 105, 135, -852, -148, 15000
72778, -358, 111, 133, -872, -136, 15044
72788, -363, 140, 145, -848, -180, 15328
72798, -330, 137, 114, -864, -216, 15132
72808, -343, 104, 122, -828, -176, 15188
72818, -362, 124, 130, -900, -156, 15184
72828, -366, 113, 117, -832, -248, 15120
72838, -344, 122, 123, -828, -132, 15032
72848, -333, 127, 105, -988, -180, 15072
72858, -347, 116, 133, -892, -208, 15036
72868, -325, 125, 121, -780, -132, 15364
72878, -357, 105, 121, -904, -256, 15116
72888, -364, 109, 128, -916, -236, 15096
72898, -357, 109, 136, -908, -124, 15084
72908, -369, 119, 140, -836, -192, 15220
72918, -373, 107, 126, -816, -180, 15252
72928, -330, 122, 132, -784, -140, 15120
72938, -342, 109, 123, -804, -144, 15124
72948, -381, 117, 125, -792, -216, 15144
72958, -353, 111, 138, -844, -216, 15152
72968, -343, 114, 137, -832, -276, 15048
72978, -373, 146, 119, -800, -248, 15204
72988, -332, 115, 110, -896, -112, 15060
72998, -354, 126, 138, -868, -116, 15128
73008, -364, 101, 140, -944, -184, 15176
73018, -380, 117, 119, -868, -136, 15076
73028, -366, 121, 126, -868, -184, 15176
73038, -342, 138, 135, -932, -148, 15052
73048, -353, 121, 127, -856, -216, 15100
73058, -365, 115, 106, -816, -128, 15168
73068, -329, 125, 112, -908, -284, 15136
73078, -357, 127, 139, -864, -220, 15208
73088, -359, 104, 129, -840, -232, 15064
73098, -355, 122, 123, -880, -192, 15120
73108, -359, 106, 147, -832, -260, 15048
73118, -352, 144, 132, -804, -192, 15072
73128, -344, 133, 106, -800, -228, 15128
73138, -354, 103, 133, -772, -176, 15152
73148, -338, 130, 150, -812, -164, 15112
73158, -365, 124, 149, -840, -204, 15096
73168, -367, 113, 133, -912, -200, 15132
73178, -367, 128, 134, -756, -232, 15096
73188, -338, 130, 138, -880, -240, 15052
73198, -364, 128, 145, -864, -168, 15136
73208, -332, 135, 145, -888, -252, 15108
73218, -365, 121, 120, -832, -292, 15096
73228, -370, 142, 129, -860, -272, 15164
73238, -351, 103, 115, -696, -228, 15224
73248, -346, 104, 117, -848, -180, 15100
73258, -348, 112, 125, -828, -168, 15224
73268, -377, 107, 118, -944, -104, 15188
73278, -374, 130, 105, -928, -156, 15164
73288, -354, 122, 131, -952, -144, 15208
73298, -346, 110, 121, -832, -188, 15104
73308, -344, 115, 139, -876, -128, 15228
73318, -316, 134, 133, -904, -176, 14928
73328, -337, 110, 133, -896, -240, 15060
73338, -362, 124, 127, -876, -300, 15024
73348, -355, 128, 146, -804, -308, 15284
73358, -349, 119, 121, -960, -236, 15044
73368, -343, 114, 132, -776, -128, 15016
73378, -357, 97, 126, -908, -176, 15152
73388, -357, 125, 135, -872, -208, 15104
73398, -351, 94, 151, -824, -156, 15072
73408, -368, 114, 139, -876, -184, 15116
73418, -348, 98, 151, -936, -108, 15172
73428, -373, 122, 126, -772, -244, 15096
73438, -358, 109, 137, -824, -232, 14992
73448, -356, 137, 118, -792, -120, 15104
73458, -344, 109, 155, -860, -240, 15096
73468, -338, 114, 140, -856, -180, 15180
73478, -382, 102, 110, -904, -220, 15200
73488, -363, 117, 127, -944, -132, 15364
73498, -361, 138, 121, -860, -128, 15184
73508, -352, 129, 136, -908, -144, 15216
73518, -355, 112, 145, -800, -176, 15232
73528, -362, 105, 143, -912, -156, 15216
73538, -354, 104, 126, -876, -212, 15156
73548, -352, 135, 122, -800, -228, 15088
73558, -364, 119, 128, -924, -244, 15080
73568, -346, 111, 152, -956, -184, 15124
73578, -357, 127, 148, -856, -200, 15052
73588, -371, 116, 114, -880, -208, 15156
73598, -364, 112, 146, -848, -148, 15244
73608, -373, 142, 118, -1000, -156, 15108
73618, -340, 119, 115, -952, -168, 15092
73628, -346, 128, 102, -936, -84, 15032
73638, -348, 152, 147, -796, -112, 15176
73648, -366, 120, 143, -868, -188, 15080
73658, -354, 134, 143, -776, -200, 15072
73668, -348, 105, 113, -860, -204, 15184
73678, -370, 115, 133, -888, -252, 15064
73688, -369, 143, 132, -832, -272, 15168
73698, -343, 129, 148, -844, -216, 15068
73708, -346, 132, 145, -948, -196, 15056
73718, -341, 101, 128, -816, -160, 15040
73728, -334, 137, 102, -848, -208, 14964
73738, -338, 116, 158, -860, -168, 14940
73748, -361, 107, 110, -856, -172, 15056
73758, -355, 126, 124, -904, -124, 15104
73768, -369, 118, 151, -816, -196, 15088
73778, -355, 122, 124, -816, -108, 15048
73788, -374, 99, 137, -868, -244, 15112
73798, -347, 117, 155, -784, -164, 15204
73808, -349, 127, 132, -804, -308, 15092
73818, -371, 117, 147, -928, -216, 15228
73828, -372, 108, 122, -900, -204, 15088
73838, -362, 103, 137, -884, -112, 15060
73848, -356, 134, 120, -784, -292, 15080
73858, -371, 117, 153, -880, -240, 14936
73868, -364, 133, 137, -872, -176, 15044
73878, -348, 150, 121, -920, -196, 15124
73888, -366, 94, 118, -824, -240, 15208
73898, -363, 110, 131, -828, -172, 15252
73908, -346, 121, 134, -888, -108, 15144
73918, -339, 112, 138, -860, -192, 15056
73928, -346, 132, 133, -760, -208, 15188
73938, -382, 111, 120, -908, -272, 15184
73948, -362, 127, 126, -836, -164, 15240
73958, -347, 117, 141, -836, -124, 15084
73968, -370, 131, 124, -804, -56, 15228
73978, -361, 88, 131, -972, -256, 14952
73988, -361, 139, 159, -848, -192, 15188
73998, -344, 113, 128, -968, -188, 15200
74008, -367, 130, 157, -908, -124, 15016
74018, -375, 143, 153, -860, -208, 15092
74028, -356, 132, 135, -880, -172, 15032
74038, -343, 92, 140, -920, -264, 15252
74048, -360, 108, 128, -944, -128, 15060
74058, -325, 115, 140, -772, -188, 15104
74068, -360, 115, 137, -796, -180, 15108
74078, -362, 75, 135, -916, -156, 15244
74088, -350, 118, 131, -956, -180, 15184
74098, -342, 128, 132, -860, -128, 15156
74108, -361, 119, 120, -872, -100, 15212
74118, -355, 111, 124, -784, -188, 15164
74128, -361, 116, 128, -792, -148, 15248
74138, -340, 98, 105, -836, -208, 15112
74148, -351, 115, 176, -828, -260, 15076
74158, -340, 98, 132, -900, -172, 15000
74168, -396, 129, 131, -892, -128, 15300
74178, -342, 130, 150, -876, -236, 15112
74188, -369, 132, 136, -948, -144, 15060
74198, -330, 108, 134, -880, -128, 15104
74208, -357, 97, 142, -896, -280, 15212
74218, -353, 94, 146, -824, -188, 15040
74228, -359, 124, 155, -780, -236, 15120
74238, -339, 114, 156, -884, -152, 15188
74248, -371, 114, 152, -964, -212, 14984
74258, -382, 155, 128, -840, -152, 15240
74268, -341, 114, 144, -852, -196, 15188
74278, -359, 114, 131, -896, -132, 15064
74288, -352, 138, 148, -860, -240, 15068
74298, -363, 99, 112, -684, -248, 15176
74308, -350, 116, 127, -916, -176, 15080
74318, -364, 140, 130, -896, -204, 15164
74328, -363, 105, 131, -788, -244, 15004
74338, -335, 117, 134, -988, -196, 15136
74348, -332, 124, 134, -936, -176, 15176
74358, -353, 126, 139, -988, -176, 15048
74368, -379, 118, 131, -748, -228, 15112
74378, -346, 129, 126, -816, -92, 15116
74388, -343, 115, 148, -832, -84, 15172
74398, -364, 117, 140, -884, -224, 15196
74408, -367, 115, 119, -812, -236, 15092
74418, -350, 100, 129, -852, -132, 15312
74428, -349, 127, 125, -848, -156, 15136
74438, -331, 134, 126, -904, -180, 15092
74448, -339, 134, 132, -768, -152, 15316
74458, -345, 119, 119, -804, -128, 15112
74468, -362, 129, 98, -804, -336, 15192
74478, -363, 123, 121, -828, -236, 15288
74488, -334, 134, 146, -960, -196, 15216
74498, -350, 144, 119, -884, -168, 15212
74508, -333, 94, 144, -780, -132, 15048
74518, -331, 128, 139, -844, -216, 15264
74528, -364, 127, 141, -880, -212, 15076
74538, -362, 108, 123, -752, -164, 15048
74548, -357, 126, 107, -696, -260, 15048
74558, -342, 97, 138, -900, -168, 15048
74568, -345, 113, 139, -904, -328, 15252
74578, -333, 131, 153, -980, -204, 15260
74588, -364, 101, 136, -916, -152, 15060
74598, -353, 130, 119, -836, -104, 15156
74608, -348, 120, 146, -848, -184, 15228
74618, -327, 117, 135, -816, -116, 15144
74628, -349, 86, 129, -900, -168, 15228
74638, -344, 143, 118, -916, -152, 15312
74648, -362, 100, 128, -816, -260, 15040
74658, -384, 113, 133, -860, -168, 15148
74668, -371, 113, 137, -936, -168, 15104
74678, -332, 138, 156, -908, -224, 15184
74688, -348, 134, 151, -880, -216, 15076
74698, -369, 120, 131, -916, -136, 15028
74708, -339, 112, 121, -840, -268, 15104
74718, -376, 116, 146, -820, -224, 15188
74728, -343, 125, 115, -828, -196, 15092
74738, -370, 99, 146, -844, -224, 15040
74748, -350, 119, 130, -852, -212, 15016
74758, -375, 86, 117, -860, -104, 14964
74768, -348, 117, 133, -808, -152, 15140
74778, -355, 128, 138, -908, -160, 15048
74788, -357, 126, 120, -868, -200, 15180
74798, -346, 146, 143, -928, -212, 15324
74808, -354, 105, 129, -872, -260, 15096
74818, -351, 120, 116, -868, -216, 15164
74828, -341, 131, 134, -836, -220, 15112
74838, -357, 132, 125, -924, -136, 15188
74848, -375, 129, 95, -820, -248, 15032
74858, -374, 131, 147, -928, -196, 15264
74868, -369, 92, 149, -772, -216, 15012
74878, -344, 115, 136, -936, -172, 15104
74888, -354, 128, 124, -896, -84, 15088
74898, -338, 94, 118, -916, -200, 15200
74908, -349, 137, 135, -892, -120, 15132
74918, -358, 108, 122, -872, -228, 15208
74928, -370, 132, 130, -876, -296, 15032
74938, -351, 126, 148, -876, -192, 15016
74948, -347, 101, 116, -968, -192, 15096
74958, -344, 120, 136, -920, -216, 15040
74968, -346, 108, 116, -780, -264, 15180
74978, -378, 106, 121, -820, -292, 15084
74988, -335, 108, 130, -980, -92, 15180
74998, -352, 136, 121, -860, -136, 15104
75008, -354, 81, 150, -836, -176, 15068
75018, -354, 125, 144, -892, -152, 15004
75028, -361, 111, 101, -852, -136, 15240
75038, -358, 142, 126, -872, -264, 15276
75048, -354, 119, 137, -832, -164, 15120
75058, -345, 134, 129, -784, -148, 15040
75068, -331, 104, 140, -956, -124, 15144
75078, -354, 110, 107, -828, -164, 15080
75088, -343, 122, 115, -872, -164, 15176
75098, -363, 80, 149, -872, -228, 15216
75108, -370, 133, 120, -852, -196, 15104
75118, -339, 112, 106, -964, -220, 15120
75128, -347, 132, 134, -904, -200, 15180
75138, -368, 95, 134, -840, -244, 15124
75148, -358, 133, 123, -868, -224, 15180
75158, -376, 125, 156, -804, -92, 15088
75168, -344, 140, 155, -832, -192, 15148
75178, -365, 128, 125, -812, -188, 15104
75188, -360, 102, 114, -792, -204, 14932
75198, -338, 126, 149, -1008, -112, 15212
75208, -363, 104, 133, -784, -88, 15088
75218, -364, 100, 130, -856, -120, 15104
75228, -361, 126, 146, -844, -132, 15040
75238, -358, 111, 131, -812, -200, 15116
75248, -360, 105, 125, -736, -156, 15224
75258, -340, 122, 124, -828, -104, 15116
75268, -341, 116, 129, -704, -228, 15056
75278, -363, 93, 144, -868, -128, 15224
75288, -350, 133, 130, -792, -168, 15116
75298, -346, 126, 119, -860, -220, 15016
75308, -362, 137, 120, -892, -176, 15132
75318, -343, 145, 138, -948, -204, 15144
75328, -366, 130, 124, -928, -204, 15100
75338, -366, 129, 131, -920, -120, 15180
75348, -335, 122, 143, -832, -112, 15248
75358, -358, 134, 113, -860, -208, 15172
75368, -365, 110, 133, -872, -164, 15092
75378, -376, 117, 123, -912, -280, 15180
75388, -361, 120, 131, -808, -264, 15168
75398, -363, 131, 126, -860, -196, 14996
75408, -363, 152, 156, -812, -132, 15048
75418, -331, 90, 114, -796, -92, 15080
75428, -347, 103, 123, -860, -184, 15104
75438, -347, 131, 130, -844, -176, 14932
75448, -356, 118, 121, -848, -164, 15148
75458, -350, 86, 140, -780, -212, 15012
75468, -347, 129, 138, -924, -124, 15052
75478, -340, 101, 138, -832, -152, 15212
75488, -339, 122, 156, -728, -160, 15080
75498, -347, 103, 140, -740, -144, 15128
75508, -363, 137, 140, -824, -196, 15092
75518, -350, 96, 121, -756, -148, 15140
75528, -331, 115, 118, -820, -168, 15020
75538, -357, 106, 139, -800, -232, 15144
75548, -361, 117, 130, -848, -180, 14980
75558, -351, 132, 116, -808, -176, 15268
75568, -359, 98, 130, -880, -292, 15228
75578, -351, 109, 137, -844, -168, 15052
75588, -338, 105, 133, -932, -148, 15052
75598, -349, 118, 130, -880, -144, 15152
75608, -365, 110, 146, -800, -152, 15012
75618, -355, 131, 146, -960, -140, 15020
75628, -360, 135, 110, -904, -176, 15116
75638, -373, 103, 147, -836, -216, 15076
75648, -364, 116, 135, -880, -192, 15168
75658, -349, 132, 119, -772, -228, 15236
75668, -359, 126, 118, -880, -276, 15148
75678, -357, 116, 145, -876, -132, 15100
75688, -367, 109, 106, -760, -256, 15268
75698, -362, 108, 136, -860, -272, 15196
75708, -335, 115, 99, -840, -232, 15096
75718, -375, 102, 118, -832, -260, 15052
75728, -356, 113, 133, -940, -256, 15132
75738, -345, 123, 125, -760, -272, 15148
75748, -379, 96, 141, -796, -180, 15188
75758, -344, 117, 149, -832, -168, 15192
75768, -360, 104, 150, -928, -108, 15052
75778, -356, 114, 135, -860, -200, 15056
75788, -340, 116, 139, -820, -164, 14972
75798, -353, 115, 120, -832, -264, 15112
75808, -331, 118, 125, -828, -168, 15276
75818, -360, 123, 137, -768, -200, 15152
75828, -360, 115, 144, -888, -228, 15264
75838, -370, 128, 128, -812, -212, 15216
75848, -344, 117, 135, -824, -136, 15172
75858, -353, 141, 108, -852, -176, 15108
75868, -370, 133, 115, -804, -288, 15196
75878, -332, 110, 176, -892, -212, 15232
75888, -361, 141, 133, -912, -200, 15088
75898, -332, 117, 138, -876, -200, 15204
75908, -343, 129, 145, -876, -108, 15156
75918, -361, 126, 137, -884, -184, 15304
75928, -368, 107, 125, -784, -212, 15136
75938, -357, 108, 152, -872, -152, 15184
75948, -347, 130, 146, -832, -212, 15260
75958, -378, 110, 144, -812, -188, 15136
75968, -350, 129, 123, -844, -116, 15224
75978, -344, 128, 140, -864, -124, 15016
75988, -370, 132, 136, -848, -144, 15232
75998, -349, 115, 111, -928, -236, 15168
76008, -355, 116, 128, -880, -204, 14928
76018, -348, 122, 131, -976, -168, 15112
76028, -371, 107, 141, -848, -212, 15016
76038, -357, 104, 166, -872, -244, 15068
76048, -371, 133, 126, -840, -228, 15196
76058, -346, 122, 117, -896, -168, 15080
76068, -352, 114, 110, -848, -280, 15104
76078, -373, 110, 124, -820, -196, 15216
76088, -336, 107, 145, -852, -212, 15056
76098, -349, 144, 122, -828, -232, 15096
76108, -357, 134, 129, -864, -148, 15112
76118, -356, 125, 127, -1016, -156, 14928
76128, -363, 123, 130, -916, -116, 15120
76138, -350, 156, 123, -872, -208, 15132
76148, -363, 141, 130, -840, -100, 15200
76158, -357, 119, 160, -832, -188, 15120
76168, -347, 115, 146, -852, -112, 15236
76178, -372, 115, 128, -968, -220, 14992
76188, -352, 129, 127, -864, -240, 14984
76198, -349, 114, 141, -756, -216, 15076
76208, -353, 109, 145, -860, -132, 15100
76218, -352, 127, 123, -832, -148, 15252
76228, -370, 130, 131, -804, -140, 15076
76238, -371, 137, 113, -904, -196, 15280
76248, -327, 123, 132, -784, -144, 15052
76258, -342, 154, 127, -844, -152, 15108
76268, -374, 113, 140, -804, -136, 15284
76278, -354, 119, 122, -876, -152, 15144
76288, -371, 112, 134, -860, -192, 15268
76298, -332, 135, 127, -816, -212, 15028
76308, -344, 123, 142, -872, -176, 15108
76318, -348, 138, 118, -816, -180, 15192
76328, -362, 116, 124, -892, -256, 15180
76338, -365, 118, 110, -912, -268, 15060
76348, -366, 108, 132, -876, -168, 15048
76358, -342, 101, 140, -844, -172, 15120
76368, -354, 116, 144, -852, -192, 14996
76378, -348, 115, 144, -760, -204, 15136
76388, -325, 129, 120, -872, -240, 15168
76398, -366, 141, 132, -876, -176, 15024
76408, -352, 115, 122, -880, -144, 15140
76418, -367, 148, 125, -892, -200, 15056
76428, -366, 107, 125, -888, -224, 15188
76438, -378, 125, 115, -800, -224, 15012
76448, -358, 124, 137, -860, -148, 15072
76458, -330, 109, 130, -852, -272, 15068
76468, -350, 113, 129, -876, -244, 15244
76478, -332, 127, 122, -860, -228, 15224
76488, -351, 131, 147, -880, -240, 15112
76498, -359, 120, 128, -872, -184, 15052
76508, -344, 84, 123, -864, -216, 15156
76518, -336, 103, 144, -924, -120, 15064
76528, -314, 115, 118, -876, -96, 14968
76538, -363, 115, 139, -916, -280, 15124
76548, -354, 140, 125, -776, -224, 15072
76558, -367, 110, 141, -872, -240, 15132
76568, -367, 128, 142, -860, -148, 15228
76578, -362, 129, 130, -940, -272, 15208
76588, -356, 127, 123, -816, -204, 15212
76598, -354, 130, 112, -872, -220, 15076
76608, -354, 109, 135, -832, -188, 15224
76618, -359, 115, 110, -820, -200, 15220
76628, -344, 114, 113, -908, -204, 15048
76638, -349, 128, 128, -732, -212, 15176
76648, -339, 94, 153, -828, -176, 15012
76658, -346, 117, 146, -984, -112, 14980
76668, -344, 110, 142, -812, -228, 15096
76678, -366, 120, 124, -864, -192, 15160
76688, -336, 148, 110, -808, -144, 15216
76698, -358, 126, 125, -784, -220, 15136
76708, -363, 109, 142, -912, -128, 15208
76718, -355, 112, 126, -804, -176, 15044
76728, -359, 122, 121, -844, -148, 15176
76738, -363, 88, 126, -796, -164, 15160
76748, -363, 103, 126, -828, -316, 15076
76758, -356, 102, 138, -880, -192, 15232
76768, -334, 122, 133, -844, -248, 15152
76778, -341, 118, 126, -900, -244, 15220
76788, -360, 120, 147, -916, -152, 15224
76798, -360, 119, 118, -848, -168, 15028
76808, -350, 121, 127, -848, -160, 15024
76818, -342, 92, 131, -940, -200, 15128
76828, -357, 114, 152, -860, -144, 15068
76838, -337, 143, 129, -932, -180, 15140
76848, -347, 107, 140, -836, -208, 15160
76858, -357, 115, 128, -916, -144, 15112
76868, -358, 116, 168, -812, -200, 15244
76878, -355, 125, 138, -880, -176, 15128
76888, -346, 119, 117, -800, -172, 15156
76898, -353, 120, 144, -880, -140, 15332
76908, -367, 129, 117, -780, -188, 15244
76918, -348, 104, 127, -824, -164, 15112
76928, -324, 120, 122, -836, -136, 15140
76938, -336, 142, 115, -748, -176, 15140
76948, -364, 114, 131, -812, -264, 15156
76958, -355, 138, 152, -776, -160, 15096
76968, -347, 107, 135, -784, -176, 15140
76978, -358, 110, 109, -872, -188, 15096
76988, -366, 153, 119, -988, -60, 15040
76998, -366, 112, 135, -952, -220, 15104
77008, -351, 127, 113, -868, -168, 15184
77018, -350, 113, 121, -788, -236, 15048
77028, -338, 139, 129, -800, -196, 15180
77038, -359, 107, 163, -796, -100, 15088
77048, -369, 108, 132, -816, -224, 15076
77058, -353, 106, 135, -888, -184, 15228
77068, -367, 131, 142, -776, -136, 15056
77078, -349, 109, 144, -928, -220, 15116
77088, -364, 114, 121, -880, -168, 15112
77098, -345, 128, 120, -792, -144, 15216
77108, -351, 112, 119, -916, -156, 15132
77118, -352, 114, 119, -924, -184, 14996
77128, -337, 127, 134, -832, -168, 15204
77138, -333, 111, 149, -884, -192, 14972
77148, -369, 117, 136, -932, -180, 15076
77158, -341, 145, 138, -896, -164, 15132
77168, -333, 99, 125, -888, -144, 15080
77178, -352, 127, 118, -884, -216, 15008
77188, -352, 125, 123, -832, -180, 15132
77198, -353, 115, 142, -840, -124, 15188
77208, -362, 129, 150, -832, -256, 15040
77218, -354, 114, 131, -972, -84, 15140
77228, -353, 121, 130, -884, -144, 15100
77238, -352, 109, 138, -920, -200, 15136
77248, -362, 133, 134, -868, -216, 15132
77258, -369, 114, 144, -932, -136, 15180
77268, -361, 104, 111, -852, -248, 15056
77278, -337, 106, 148, -916, -128, 15188
77288, -348, 108, 115, -944, -124, 15096
77298, -344, 111, 139, -816, -200, 14936
77308, -344, 107, 116, -812, -168, 15084
77318, -358, 120, 138, -900, -184, 14984
77328, -377, 133, 147, -780, -252, 15156
77338, -353, 123, 124, -832, -196, 15240
77348, -367, 107, 125, -820, -168, 14972
77358, -347, 98, 138, -804, -196, 15212
77368, -351, 113, 133, -888, -156, 15120
77378, -366, 112, 120, -892, -200, 15076
77388, -361, 122, 137, -888, -300, 15200
77398, -339, 100, 150, -856, -124, 15060
77408, -358, 103, 134, -872, -208, 15088
77418, -346, 122, 142, -872, -172, 15036
77428, -345, 129, 126, -848, -92, 15188
77438, -356, 109, 151, -868, -220, 15068
77448, -361, 105, 144, -816, -216, 15068
77458, -354, 84, 145, -804, -160, 15148
77468, -355, 123, 143, -872, -176, 15092
77478, -346, 137, 134, -884, -232, 15248
77488, -349, 131, 140, -928, -184, 14928
77498, -366, 107, 143, -788, -196, 15160
77508, -373, 100, 127, -860, -120, 15064
77518, -349, 122, 125, -876, -236, 15184
77528, -370, 90, 125, -836, -260, 15212
77538, -341, 121, 126, -764, -152, 15152
77548, -373, 116, 134, -892, -116, 15192
77558, -350, 126, 113, -748, -176, 15244
77568, -323, 136, 120, -836, -164, 15144
77578, -347, 114, 120, -864, -156, 15188
77588, -380, 115, 131, -916, -136, 15216
77598, -350, 125, 128, -868, -192, 15248
77608, -372, 124, 135, -824, -184, 15088
77618, -340, 130, 127, -832, -244, 15120
77628, -374, 107, 120, -768, -220, 15092
77638, -343, 108, 134, -820, -216, 15120
77648, -371, 126, 118, -816, -252, 15228
77658, -372, 111, 122, -884, -152, 15204
77668, -343, 105, 134, -748, -224, 15080
77678, -354, 116, 131, -928, -232, 15160
77688, -371, 104, 125, -936, -168, 15128
77698, -347, 110, 144, -912, -152, 15252
77708, -363, 129, 131, -808, -236, 15068
77718, -366, 125, 124, -840, -136, 14972
77728, -344, 142, 124, -872, -280, 15132
77738, -359, 123, 129, -836, -196, 15148
77748, -371, 118, 134, -864, -144, 15036
77758, -352, 81, 117, -772, -236, 15248
77768, -353, 137, 130, -892, -172, 15096
77778, -360, 142, 134, -836, -228, 15096
77788, -355, 112, 125, -896, -212, 15324
77798, -328, 112, 149, -836, -196, 15212
77808, -351, 129, 124, -792, -172, 15312
77818, -328, 88, 136, -916, -136, 15040
77828, -380, 106, 126, -784, -216, 15288
77838, -368, 129, 139, -908, -200, 15072
77848, -367, 116, 153, -876, -144, 15204
77858, -338, 100, 125, -824, -172, 15060
77868, -375, 129, 112, -912, -176, 15216
77878, -363, 141, 141, -996, -152, 15108
77888, -327, 129, 130, -936, -216, 15068
77898, -365, 113, 134, -864, -136, 15068
77908, -348, 130, 141, -864, -228, 15100
77918, -356, 139, 129, -912, -252, 15228
77928, -351, 120, 129, -852, -280, 15044
77938, -314, 134, 125, -892, -260, 15068
77948, -332, 99, 138, -828, -208, 15224
77958, -356, 89, 143, -804, -228, 15108
77968, -371, 127, 127, -856, -172, 15164
77978, -333, 83, 150, -864, -228, 15100
77988, -349, 125, 114, -900, -204, 15040
77998, -345, 88, 130, -932, -116, 15228
78008, -344, 111, 130, -816, -144, 15124
78018, -356, 114, 130, -916, -280, 14972
78028, -339, 113, 149, -872, -144, 15148
78038, -337, 117, 138, -1016, -344, 15192
78048, -360, 133, 109, -816, -208, 15192
78058, -334, 110, 153, -812, -152, 15192
78068, -363, 116, 130, -820, -184, 15196
78078, -342, 125, 118, -804, -224, 14996
78088, -345, 127, 128, -884, -184, 15184
78098, -362, 135, 134, -792, -160, 15060
78108, -390, 138, 155, -940, -172, 15164
78118, -357, 111, 146, -868, -248, 15252
78128, -354, 116, 144, -884, -172, 15092
78138, -329, 132, 119, -872, -248, 15180
78148, -339, 131, 120, -884, -108, 15008
78158, -355, 110, 146, -880, -192, 15160
78168, -356, 106, 120, -924, -208, 15180
78178, -365, 103, 140, -792, -304, 15132
78188, -335, 110, 144, -872, -176, 15136
78198, -336, 136, 111, -956, -160, 15180
78208, -350, 129, 125, -832, -140, 15140
78218, -329, 125, 121, -900, -92, 15148
78228, -350, 108, 135, -884, -180, 15204
78238, -372, 127, 128, -876, -184, 15292
78248, -340, 132, 119, -916, -212, 15264
78258, -363, 115, 134, -868, -72, 15088
78268, -361, 122, 139, -848, -196, 15012
78278, -339, 118, 153, -832, -176, 15164
78288, -375, 133, 126, -808, -168, 15160
78298, -378, 131, 127, -808, -112, 15260
78308, -343, 120, 135, -796, -136, 15032
78318, -361, 125, 106, -840, -232, 14896
78328, -348, 111, 144, -792, -120, 15192
78338, -366, 122, 141, -884, -84, 15104
78348, -373, 136, 137, -888, -212, 15120
78358, -373, 110, 112, -868, -208, 15036
78368, -346, 129, 124, -864, -96, 15124
78378, -368, 120, 141, -936, -264, 15168
78388, -358, 100, 104, -836, -196, 15172
78398, -342, 123, 120, -924, -124, 15124
78408, -347, 102, 148, -896, -220, 15048
78418, -367, 144, 147, -860, -192, 15004
78428, -345, 116, 112, -884, -152, 15232
78438, -360, 124, 135, -952, -144, 15092
78448, -359, 107, 118, -920, -140, 15092
78458, -359, 110, 134, -768, -76, 15196
78468, -373, 118, 141, -880, -180, 15120
78478, -351, 122, 101, -720, -184, 15052
78488, -358, 113, 132, -896, -192, 15080
78498, -339, 135, 131, -796, -268, 15296
78508, -349, 119, 128, -900, -216, 15092
78518, -307, 93, 129, -808, -140, 15204
78528, -334, 120, 114, -872, -252, 15188
78538, -375, 115, 141, -784, -200, 14948
78548, -350, 124, 137, -780, -264, 15088
78558, -325, 107, 118, -892, -180, 15172
78568, -351, 136, 144, -776, -248, 15188
78578, -361, 127, 133, -872, -272, 15200
78588, -352, 96, 123, -792, -148, 15216
78598, -339, 129, 156, -884, -164, 15068
78608, -374, 126, 122, -732, -92, 15096
78618, -364, 87, 153, -828, -192, 15092
78628, -338, 133, 139, -788, -192, 15224
78638, -355, 123, 137, -888, -200, 15172
78648, -335, 105, 131, -860, -236, 15100
78658, -366, 99, 131, -968, -240, 15072
78668, -344, 114, 125, -900, -176, 15152
78678, -351, 119, 132, -864, -144, 15072
78688, -353, 141, 126, -904, -204, 15128
78698, -364, 133, 139, -868, -196, 15092
78708, -359, 108, 156, -860, -160, 15060
78718, -369, 120, 142, -884, -268, 15060
78728, -354, 120, 129, -812, -228, 15148
78738, -350, 113, 114, -888, -200, 15088
78748, -377, 135, 147, -932, -236, 15224
78758, -341, 136, 127, -892, -172, 15096
78768, -342, 137, 133, -820, -188, 15180
78778, -344, 121, 130, -868, -212, 15168
78788, -356, 118, 118, -772, -220, 15244
78798, -354, 125, 113, -904, -220, 14948
78808, -365, 138, 129, -800, -172, 14988
78818, -364, 127, 148, -844, -216, 15100
78828, -346, 114, 129, -848, -216, 15224
78838, -334, 122, 146, -904, -172, 14944
78848, -360, 111, 145, -860, -188, 15052
78858, -354, 84, 122, -896, -224, 15080
78868, -338, 120, 129, -784, -168, 15152
78878, -343, 105, 120, -904, -148, 15180
78888, -346, 126, 119, -868, -220, 15060
78898, -368, 113, 128, -848, -200, 15172
78908, -331, 153, 158, -756, -176, 15076
78918, -337, 108, 136, -848, -236, 15128
78928, -358, 134, 123, -916, -192, 15192
78938, -319, 114, 136, -892, -240, 15084
78948, -354, 116, 132, -836, -44, 15164
78958, -348, 132, 114, -908, -232, 15272
78968, -363, 109, 116, -868, -204, 15200
78978, -355, 111, 132, -792, -160, 14964
78988, -355, 107, 145, -888, -244, 15136
78998, -365, 120, 132, -892, -176, 15140
79008, -351, 118, 154, -904, -248, 15200
79018, -368, 121, 141, -796, -184, 15144
79028, -368, 97, 115, -936, -188, 15072
79038, -363, 95, 126, -880, -88, 15148
79048, -339, 117, 136, -772, -188, 15188
79058, -354, 134, 146, -764, -248, 15192
79068, -357, 133, 104, -704, -140, 15132
79078, -383, 117, 135, -776, -236, 15192
79088, -343, 127, 155, -848, -176, 15068
79098, -369, 114, 155, -880, -184, 15044
79108, -331, 124, 110, -832, -224, 15164
79118, -339, 121, 140, -888, -240, 15124
79128, -380, 137, 121, -912, -156, 15040
79138, -370, 131, 158, -876, -252, 15208
79148, -353, 119, 120, -872, -208, 15176
79158, -364, 127, 135, -976, -204, 15108
79168, -343, 102, 125, -844, -144, 15140
79178, -363, 146, 132, -852, -228, 15216
79188, -373, 136, 128, -848, -196, 15128
79198, -345, 114, 160, -860, -184, 15120
79208, -349, 103, 132, -856, -176, 15132
79218, -361, 136, 141, -816, -180, 15152
79228, -358, 113, 103, -852, -184, 15172
79238, -348, 99, 114, -896, -108, 15152
79248, -342, 94, 117, -896, -280, 14916
79258, -333, 119, 134, -968, -192, 15196
79268, -334, 107, 149, -996, -184, 15188
79278, -344, 130, 147, -836, -160, 15104
79288, -348, 124, 121, -812, -204, 15092
79298, -354, 118, 121, -836, -188, 15188
79308, -369, 130, 133, -784, -264, 15204
79318, -357, 144, 117, -772, -284, 15148
79328, -353, 115, 135, -804, -156, 15168
79338, -356, 144, 132, -908, -164, 15064
79348, -359, 112, 118, -876, -168, 15128
79358, -357, 143, 115, -900, -240, 15088
79368, -370, 122, 156, -852, -124, 15072
79378, -360, 123, 132, -880, -180, 15180
79388, -350, 131, 127, -1008, -156, 15076
79398, -346, 96, 119, -920, -192, 15320
79408, -323, 90, 113, -900, -212, 15204
79418, -338, 132, 126, -836, -228, 15128
79428, -363, 115, 131, -820, -260, 15196
79438, -374, 86, 119, -764, -224, 15192
79448, -351, 110, 130, -800, -276, 15096
79458, -363, 102, 131, -860, -160, 15036
79468, -348, 107, 126, -880, -300, 15108
79478, -355, 86, 139, -812, -152, 15224
79488, -359, 134, 152, -892, -176, 15132
79498, -356, 108, 139, -800, -216, 15156
79508, -364, 124, 109, -820, -168, 15312
79518, -360, 131, 120, -852, -148, 15172
79528, -352, 111, 133, -908, -164, 14936
79538, -346, 117, 142, -824, -192, 15080
79548, -358, 115, 134, -888, -96, 15044
79558, -337, 104, 141, -772, -232, 15260
79568, -351, 123, 123, -928, -240, 15220
79578, -359, 121, 104, -760, -160, 15164
79588, -334, 101, 149, -880, -212, 14972
79598, -359, 148, 158, -908, -204, 15236
79608, -349, 138, 123, -964, -208, 15232
79618, -344, 117, 132, -828, -228, 15208
79628, -357, 104, 126, -876, -148, 15032
79638, -385, 136, 132, -736, -304, 15128
79648, -355, 117, 138, -884, -128, 15188
79658, -348, 84, 136, -780, -172, 15300
79668, -350, 129, 116, -804, -156, 15052
79678, -355, 111, 131, -868, -196, 15048
79688, -345, 134, 131, -944, -184, 15104
79698, -333, 104, 127, -840, -160, 15136
79708, -367, 114, 136, -792, -200, 15208
79718, -343, 114, 119, -928, -168, 15220
79728, -377, 115, 140, -936, -88, 15092
79738, -339, 126, 118, -884, -120, 15136
79748, -350, 105, 124, -872, -196, 15076
79758, -375, 166, 129, -924, -96, 15240
79768, -347, 136, 115, -896, -164, 15136
79778, -344, 102, 130, -872, -316, 15064
79788, -346, 124, 139, -800, -196, 15132
79798, -370, 126, 126, -892, -128, 15200
79808, -355, 128, 136, -764, -204, 15048
79818, -336, 108, 148, -844, -152, 15096
79828, -349, 104, 152, -820, -220, 15112
79838, -332, 126, 153, -892, -156, 15232
79848, -339, 115, 147, -840, -168, 15016
79858, -360, 105, 139, -856, -232, 15128
79868, -362, 141, 134, -792, -160, 15180
79878, -343, 132, 142, -896, -144, 15232
79888, -342, 88, 148, -856, -236, 15136
79898, -355, 125, 164, -896, -116, 15096
79908, -342, 111, 133, -868, -176, 15068
79918, -321, 142, 136, -860, -200, 15140
79928, -365, 118, 136, -840, -244, 15096
79938, -354, 108, 136, -992, -220, 15044
79948, -376, 142, 118, -884, -148, 15060
79958, -353, 86, 133, -912, -168, 15144
79968, -362, 103, 126, -872, -184, 15168
79978, -349, 96, 133, -900, -184, 15152
79988, -360, 114, 121, -880, -164, 15172
79998, -366, 120, 137, -888, -156, 15236
80008, -346, 127, 139, -932, -72, 15112
80018, -365, 127, 110, -984, -212, 15056
80028, -341, 91, 119, -832, -216, 15096
80038, -352, 91, 123, -824, -156, 15072
80048, -353, 130, 117, -828, -160, 15052
80058, -354, 120, 120, -912, -136, 15040
80068, -356, 117, 145, -896, -200, 15092
80078, -343, 135, 126, -884, -196, 15088
80088, -354, 122, 125, -820, -172, 15264
80098, -349, 126, 130, -952, -252, 14964
80108, -346, 106, 143, -896, -268, 15020
80118, -372, 136, 129, -880, -144, 15148
80128, -366, 127, 135, -900, -176, 15052
80138, -346, 89, 141, -896, -164, 15072
80148, -368, 114, 128, -876, -152, 15148
80158, -356, 137, 132, -872, -264, 15104
80168, -370, 119, 134, -888, -184, 14928
80178, -340, 123, 128, -864, -296, 15036
80188, -370, 122, 141, -904, -248, 15080
80198, -332, 125, 125, -892, -152, 14956
80208, -348, 127, 151, -960, -128, 15304
80218, -379, 104, 130, -872, -256, 15156
80228, -378, 102, 138, -876, -164, 15180
80238, -357, 103, 128, -844, -156, 15348
80248, -379, 92, 143, -880, -284, 15208
80258, -368, 109, 139, -776, -184, 15048
80268, -358, 115, 133, -832, -188, 14988
80278, -352, 118, 123, -916, -220, 15196
80288, -331, 128, 130, -824, -168, 15104
80298, -358, 137, 119, -776, -244, 15132
80308, -356, 136, 130, -852, -176, 15144
80318, -360, 112, 136, -828, -188, 15120
80328, -375, 121, 119, -800, -184, 15048
80338, -362, 131, 143, -824, -204, 15148
80348, -366, 125, 130, -900, -216, 15164
80358, -335, 135, 148, -912, -80, 15204
80368, -317, 117, 132, -860, -232, 15140
80378, -359, 90, 118, -956, -176, 15140
80388, -359, 137, 127, -984, -184, 15200
80398, -377, 139, 126, -824, -192, 15152
80408, -363, 118, 122, -868, -168, 15244
80418, -361, 105, 137, -832, -140, 15120
80428, -365, 113, 130, -780, -188, 15128
80438, -356, 100, 127, -880, -168, 15228
80448, -347, 140, 122, -820, -248, 15200
80458, -353, 158, 111, -904, -208, 15104
80468, -358, 110, 152, -804, -224, 15100
80478, -356, 109, 131, -924, -140, 15168
80488, -362, 123, 132, -836, -224, 15004
80498, -345, 119, 122, -824, -232, 15068
80508, -367, 129, 137, -836, -152, 15064
80518, -333, 116, 119, -836, -196, 15084
80528, -350, 148, 137, -756, -168, 15032
80538, -368, 111, 138, -832, -192, 15148
80548, -338, 135, 119, -840, -212, 15064
80558, -357, 108, 134, -844, -168, 15204
80568, -342, 127, 126, -884, -132, 15188
80578, -357, 114, 140, -892, -192, 15236
80588, -352, 121, 116, -800, -256, 15128
80598, -360, 96, 121, -940, -148, 15080
80608, -369, 149, 138, -932, -160, 15228
80618, -365, 147, 111, -796, -76, 15276
80628, -366, 123, 136, -836, -196, 15200
80638, -367, 129, 139, -876, -212, 15156
80648, -380, 115, 125, -924, -260, 15048
80658, -345, 130, 131, -836, -176, 15120
80668, -359, 106, 153, -928, -160, 15004
80678, -334, 113, 131, -872, -184, 15096
80688, -373, 139, 120, -848, -160, 15140
80698, -375, 120, 112, -916, -168, 15156
80708, -336, 117, 100, -912, -180, 14988
80718, -360, 114, 113, -852, -236, 15216
80728, -371, 115, 119, -880, -164, 15024
80738, -356, 124, 113, -928, -216, 15236
80748, -341, 98, 114, -824, -288, 15024
80758, -369, 127, 131, -924, -232, 15184
80768, -337, 135, 122, -832, -280, 15196
80778, -362, 127, 123, -868, -244, 15208
80788, -366, 130, 147, -808, -176, 15220
80798, -368, 116, 118, -980, -156, 15188
80808, -341, 129, 110, -784, -200, 15172
80818, -357, 143, 135, -868, -240, 15052
80828, -362, 102, 141, -836, -168, 15152
80838, -353, 120, 152, -916, -152, 15140
80848, -352, 142, 134, -840, -168, 15136
80858, -343, 124, 128, -868, -216, 15076
80868, -356, 129, 121, -920, -156, 15124
80878, -373, 130, 115, -756, -316, 15104
80888, -364, 124, 121, -852, -252, 15096
80898, -358, 119, 140, -936, -196, 15124
80908, -360, 114, 134, -864, -256, 15180
80918, -373, 117, 154, -912, -120, 15104
80928, -345, 135, 124, -924, -192, 15156
80938, -331, 109, 146, -848, -160, 15116
80948, -360, 118, 134, -856, -144, 15148
80958, -326, 139, 114, -860, -156, 15112
80968, -362, 134, 132, -804, -56, 15360
80978, -349, 107, 143, -872, -144, 15172
80988, -352, 91, 110, -932, -252, 15220
80998, -355, 121, 125, -816, -152, 15116
81008, -344, 106, 119, -892, -164, 15084
81018, -358, 120, 117, -912, -236, 15136
81028, -383, 95, 143, -832, -272, 15180
81038, -354, 108, 111, -844, -144, 15112
81048, -365, 114, 140, -852, -200, 15216
81058, -343, 113, 118, -948, -236, 15148
81068, -349, 123, 133, -800, -224, 15052
81078, -377, 118, 135, -940, -216, 15120
81088, -354, 137, 136, -900, -124, 15140
81098, -359, 133, 116, -860, -148, 15084
81108, -352, 120, 157, -912, -96, 15144
81118, -359, 114, 124, -920, -224, 15156
81128, -344, 128, 136, -876, -104, 15112
81138, -358, 126, 134, -844, -184, 15032
81148, -339, 112, 132, -936, -184, 15124
81158, -348, 121, 132, -844, -180, 15168
81168, -362, 106, 135, -912, -132, 15300
81178, -345, 107, 123, -868, -144, 14896
81188, -335, 143, 120, -828, -176, 15204
81198, -353, 108, 123, -836, -144, 15124
81208, -364, 127, 131, -836, -104, 15264
81218, -348, 125, 105, -896, -152, 15120
81228, -367, 120, 129, -960, -172, 15200
81238, -360, 114, 142, -804, -152, 15044
81248, -364, 102, 128, -908, -136, 15060
81258, -370, 145, 154, -892, -180, 15188
81268, -365, 117, 152, -824, -180, 15236
81278, -377, 136, 125, -908, -76, 15120
81288, -368, 106, 127, -876, -168, 14976
81298, -360, 134, 108, -888, -220, 15120
81308, -366, 119, 143, -828, -216, 15136
81318, -352, 125, 100, -892, -280, 15232
81328, -337, 117, 120, -912, -188, 15164
81338, -352, 130, 142, -740, -148, 15056
81348, -365, 123, 125, -916, -180, 15076
81358, -377, 123, 148, -840, -196, 15084
81368, -375, 96, 114, -824, -212, 15224
81378, -341, 140, 134, -860, -196, 15148
81388, -357, 147, 130, -752, -192, 15176
81398, -351, 104, 129, -912, -228, 15060
81408, -353, 131, 111, -908, -220, 15124
81418, -361, 112, 135, -852, -180, 15044
81428, -347, 122, 126, -888, -196, 15256
81438, -349, 157, 143, -904, -44, 15120
81448, -348, 135, 115, -856, -108, 15076
81458, -347, 138, 145, -908, -160, 15148
81468, -350, 142, 148, -792, -248, 15112
81478, -357, 113, 126, -840, -224, 15140
81488, -355, 105, 119, -796, -220, 15104
81498, -364, 101, 143, -948, -224, 15236
81508, -354, 101, 137, -896, -248, 15184
81518, -352, 101, 134, -912, -228, 15160
81528, -367, 130, 131, -852, -208, 15176
81538, -328, 134, 122, -900, -160, 15028
81548, -377, 161, 118, -880, -124, 15196
81558, -321, 125, 118, -896, -192, 15084
81568, -338, 94, 137, -880, -172, 15188
81578, -339, 117, 142, -928, -200, 15084
81588, -357, 100, 143, -804, -116, 15044
81598, -352, 124, 136, -880, -196, 15032
81608, -357, 138, 143, -940, -156, 14964
81618, -356, 124, 140, -888, -200, 15084
81628, -336, 128, 102, -880, -288, 15228
81638, -378, 127, 146, -944, -148, 15004
81648, -325, 116, 126, -880, -112, 15084
81658, -328, 110, 137, -876, -248, 15176
81668, -349, 105, 136, -772, -244, 15156
81678, -351, 128, 140, -856, -208, 15232
81688, -367, 115, 135, -876, -196, 15072
81698, -350, 106, 126, -872, -196, 15072
81708, -345, 120, 120, -864, -164, 15188
81718, -369, 110, 124, -796, -144, 15148
81728, -329, 136, 130, -884, -184, 15248
81738, -363, 129, 131, -900, -164, 15156
81748, -355, 112, 132, -816, -136, 15208
81758, -352, 103, 125, -780, -260, 15096
81768, -333, 101, 136, -868, -204, 15072
81778, -356, 133, 149, -804, -200, 15084
81788, -337, 106, 136, -900, -196, 15228
81798, -348, 130, 147, -880, -220, 15200
81808, -337, 127, 130, -840, -180, 15112
81818, -359, 136, 121, -772, -156, 15140
81828, -338, 77, 121, -836, -156, 15132
81838, -351, 101, 131, -844, -156, 15036
81848, -371, 115, 131, -868, -196, 15032
81858, -353, 130, 126, -920, -156, 15144
81868, -345, 118, 155, -880, -140, 15080
81878, -369, 123, 146, -884, -164, 15056
81888, -376, 127, 139, -816, -228, 15292
81898, -356, 109, 124, -768, -128, 15164
81908, -369, 125, 144, -852, -248, 15256
81918, -339, 119, 113, -872, -176, 15200
81928, -345, 121, 127, -784, -172, 15212
81938, -350, 108, 123, -864, -112, 15096
81948, -336, 118, 132, -764, -168, 15112
81958, -365, 125, 144, -896, -244, 14984
81968, -362, 127, 105, -828, -128, 15120
81978, -359, 149, 131, -884, -196, 15280
81988, -350, 96, 136, -856, -88, 15216
81998, -343, 85, 143, -828, -148, 15008
82008, -351, 118, 132, -860, -224, 15252
82018, -347, 111, 151, -856, -200, 15188
82028, -346, 121, 130, -928, -164, 15340
82038, -376, 128, 124, -916, -92, 15108
82048, -347, 113, 137, -820, -188, 14948
82058, -358, 110, 115, -820, -192, 15064
82068, -339, 141, 149, -852, -184, 15016
82078, -373, 87, 133, -852, -292, 15140
82088, -347, 117, 123, -880, -280, 15160
82098, -330, 104, 134, -828, -124, 15216
82108, -371, 122, 133, -900, -136, 15088
82118, -316, 122, 126, -928, -220, 15200
82128, -365, 96, 137, -788, -196, 15084
82138, -344, 90, 116, -892, -176, 15128
82148, -364, 127, 130, -904, -124, 15112
82158, -351, 108, 129, -848, -164, 15228
82168, -369, 111, 140, -756, -296, 15108
82178, -350, 115, 125, -836, -128, 15072
82188, -344, 131, 121, -920, -184, 15144
82198, -353, 122, 111, -884, -212, 15148
82208, -351, 82, 132, -960, -136, 15008
82218, -339, 122, 125, -800, -196, 15008
82228, -345, 139, 139, -848, -292, 15140
82238, -347, 111, 146, -792, -112, 15004
82248, -358, 120, 127, -852, -64, 15120
82258, -334, 111, 125, -888, -236, 15228
82268, -358, 102, 132, -880, -184, 15008
82278, -329, 113, 139, -808, -220, 15096
82288, -356, 77, 135, -816, -236, 15188
82298, -353, 111, 134, -872, -148, 15100
82308, -353, 96, 121, -804, -156, 15172
82318, -350, 118, 145, -780, -104, 15032
82328, -349, 75, 148, -952, -120, 15164
82338, -364, 125, 117, -844, -280, 15068
82348, -331, 118, 139, -868, -204, 15172
82358, -377, 135, 126, -816, -140, 15148
82368, -366, 112, 107, -788, -244, 15176
82378, -358, 101, 118, -832, -244, 15124
82388, -333, 131, 127, -940, -156, 15160
82398, -339, 104, 130, -900, -112, 15180
82408, -374, 102, 126, -872, -240, 15140
82418, -347, 101, 140, -836, -176, 15132
82428, -389, 116, 146, -700, -184, 15220
82438, -332, 134, 133, -884, -216, 15112
82448, -351, 121, 124, -916, -148, 15084
82458, -347, 138, 105, -924, -188, 15056
82468, -374, 145, 117, -880, -112, 15244
82478, -345, 108, 128, -944, -200, 15172
82488, -342, 123, 114, -876, -200, 15068
82498, -369, 115, 111, -864, -340, 15044
82508, -354, 128, 138, -960, -184, 15092
82518, -344, 137, 131, -820, -252, 15016
82528, -369, 90, 120, -920, -276, 15156
82538, -360, 121, 136, -832, -168, 15100
82548, -357, 123, 125, -828, -140, 15088
82558, -358, 130, 124, -920, -188, 15148
82568, -365, 133, 132, -848, -160, 15184
82578, -359, 125, 106, -912, -216, 15292
82588, -370, 101, 137, -828, -224, 15096
82598, -379, 123, 128, -968, -152, 15192
82608, -328, 118, 126, -836, -200, 15176
82618, -359, 112, 129, -824, -164, 15120
82628, -331, 121, 124, -800, -184, 15188
82638, -347, 116, 119, -808, -308, 15020
82648, -348, 107, 134, -716, -156, 15140
82658, -357, 94, 131, -776, -236, 15152
82668, -364, 119, 119, -792, -164, 15116
82678, -357, 116, 107, -860, -220, 15104
82688, -370, 123, 135, -808, -160, 15120
82698, -360, 101, 133, -864, -264, 15264
82708, -349, 143, 143, -936, -284, 15088
82718, -357, 115, 145, -872, -176, 15160
82728, -361, 118, 113, -852, -256, 15084
82738, -344, 109, 132, -868, -228, 15276
82748, -371, 132, 125, -896, -192, 15224
82758, -354, 93, 130, -828, -124, 15232
82768, -337, 130, 126, -908, -212, 15164
82778, -371, 103, 147, -832, -168, 15104
82788, -365, 97, 132, -816, -188, 15168
82798, -343, 128, 149, -904, -144, 15136
82808, -342, 131, 134, -872, -76, 15192
82818, -356, 117, 134, -900, -180, 15172
82828, -350, 106, 132, -844, -172, 15112
82838, -336, 108, 132, -884, -212, 14852
82848, -319, 100, 131, -896, -128, 15064
82858, -347, 128, 130, -800, -244, 15172
82868, -362, 103, 130, -824, -172, 15096
82878, -351, 159, 110, -900, -160, 15104
82888, -355, 128, 110, -892, -208, 15236
82898, -357, 121, 137, -928, -128, 15092
82908, -343, 116, 120, -864, -192, 15044
82918, -342, 116, 111, -916, -104, 15004
82928, -348, 106, 125, -888, -216, 15040
82938, -337, 145, 130, -820, -164, 15004
82948, -337, 125, 140, -904, -104, 15148
82958, -366, 156, 128, -796, -200, 15228
82968, -354, 112, 109, -856, -180, 15128
82978, -333, 121, 125, -832, -184, 15268
82988, -365, 130, 123, -724, -76, 14984
82998, -321, 105, 135, -860, -140, 15092
83008, -351, 96, 138, -848, -288, 15176
83018, -334, 103, 109, -912, -180, 15248
83028, -367, 124, 136, -864, -196, 15072
83038, -365, 132, 119, -888, -124, 15188
83048, -356, 132, 143, -924, -176, 15200
83058, -362, 137, 143, -808, -148, 15080
83068, -332, 129, 120, -904, -72, 15148
83078, -365, 103, 157, -860, -164, 15084
83088, -358, 100, 139, -784, -128, 15172
83098, -372, 125, 138, -924, -200, 15232
83108, -357, 145, 129, -952, -136, 15088
83118, -367, 98, 142, -808, -168, 15312
83128, -366, 120, 140, -864, -232, 15188
83138, -353, 115, 160, -892, -176, 15184
83148, -333, 132, 133, -832, -244, 14988
83158, -374, 137, 114, -800, -156, 15276
83168, -335, 112, 107, -824, -132, 15264
83178, -357, 96, 135, -924, -52, 15156
83188, -349, 131, 132, -872, -228, 15140
83198, -365, 118, 93, -912, -228, 15048
83208, -362, 128, 157, -788, -196, 15024
83218, -365, 144, 128, -876, -244, 15200
83228, -376, 112, 146, -872, -152, 15144
83238, -336, 119, 128, -804, -172, 15016
83248, -349, 108, 130, -872, -160, 15156
83258, -355, 113, 135, -892, -216, 15132
83268, -367, 140, 128, -928, -176, 15028
83278, -350, 141, 142, -944, -92, 15140
83288, -370, 112, 119, -796, -244, 14980
83298, -342, 117, 145, -832, -192, 15136
83308, -351, 124, 148, -788, -120, 15188
83318, -348, 124, 113, -876, -156, 15152
83328, -348, 122, 134, -840, -160, 15080
83338, -348, 132, 152, -856, -220, 15060
83348, -339, 125, 108, -764, -108, 15208
83358, -352, 98, 130, -836, -104, 15152
83368, -368, 139, 143, -864, -312, 15244
83378, -347, 96, 155, -892, -168, 15140
83388, -346, 98, 136, -824, -264, 15236
83398, -352, 122, 109, -840, -156, 15032
83408, -362, 136, 119, -800, -264, 15076
83418, -353, 142, 127, -848, -316, 15128
83428, -352, 126, 139, -852, -224, 15312
83438, -365, 148, 147, -860, -192, 15236
83448, -380, 121, 134, -932, -196, 15208
83458, -352, 110, 155, -852, -240, 15052
83468, -356, 120, 147, -884, -204, 15256
83478, -340, 107, 124, -812, -128, 15128
83488, -371, 138, 128, -868, -88, 14968
83498, -345, 124, 141, -932, -260, 15204
83508, -382, 117, 135, -872, -176, 15068
83518, -357, 126, 138, -844, -164, 15208
83528, -355, 124, 133, -820, -140, 15088
83538, -363, 145, 140, -932, -152, 15032
83548, -331, 109, 126, -864, -88, 15156
83558, -357, 114, 131, -1012, -204, 15084
83568, -339, 147, 115, -848, -112, 15076
83578, -353, 127, 122, -832, -48, 15112
83588, -330, 143, 146, -772, -248, 15064
83598, -353, 140, 126, -760, -224, 15160
83608, -367, 107, 132, -896, -264, 15076
83618, -336, 125, 136, -880, -244, 15124
83628, -364, 114, 141, -784, -80, 15104
83638, -365, 130, 130, -852, -228, 15164
83648, -373, 86, 138, -848, -152, 15120
83658, -370, 123, 150, -956, -256, 15240
83668, -340, 111, 115, -876, -184, 15164
83678, -358, 119, 141, -772, -216, 15032
83688, -343, 114, 127, -816, -204, 15148
83698, -345, 137, 144, -800, -228, 15120
83708, -365, 117, 148, -896, -264, 15088
83718, -346, 115, 134, -904, -176, 15144
83728, -370, 137, 137, -988, -212, 15080
83738, -360, 109, 140, -884, -108, 15140
83748, -354, 131, 123, -796, -128, 15040
83758, -374, 119, 129, -892, -176, 15088
83768, -362, 131, 129, -760, -168, 15124
83778, -356, 137, 138, -880, -116, 14932
83788, -360, 121, 133, -944, -208, 15308
83798, -347, 109, 126, -824, -188, 15208
83808, -351, 140, 143, -808, -180, 15044
83818, -352, 124, 125, -884, -180, 15240
83828, -350, 137, 158, -884, -184, 15188
83838, -366, 95, 107, -724, -196, 15152
83848, -371, 134, 125, -836, -208, 15096
83858, -355, 117, 113, -932, -148, 14988
83868, -345, 144, 125, -908, -140, 15052
83878, -352, 109, 132, -796, -212, 15044
83888, -375, 135, 137, -904, -176, 15128
83898, -344, 102, 138, -952, -212, 15092
83908, -330, 121, 140, -800, -148, 15176
83918, -351, 86, 137, -964, -200, 15296
83928, -340, 112, 106, -844, -132, 15012
83938, -362, 110, 129, -900, -180, 15088
83948, -341, 115, 151, -896, -204, 15216
83958, -331, 108, 132, -860, -172, 15096
83968, -355, 102, 128, -952, -204, 15052
83978, -361, 150, 142, -944, -236, 15128
83988, -319, 114, 120, -952, -160, 15176
83998, -332, 117, 153, -804, -228, 15156
84008, -363, 128, 140, -908, -172, 15160
84018, -362, 115, 144, -892, -196, 15136
84028, -354, 122, 133, -912, -156, 15080
84038, -352, 126, 130, -800, -152, 15120
84048, -345, 115, 131, -900, -168, 15180
84058, -336, 120, 148, -808, -156, 15104
84068, -340, 124, 136, -800, -112, 14996
84078, -328, 135, 135, -848, -268, 15288
84088, -343, 122, 152, -836, -256, 15228
84098, -350, 123, 131, -960, -216, 15132
84108, -343, 105, 140, -872, -112, 15268
84118, -341, 153, 117, -900, -108, 15048
84128, -351, 131, 123, -928, -80, 15184
84138, -351, 126, 140, -936, -216, 15056
84148, -365, 98, 130, -936, -128, 15056
84158, -356, 118, 108, -924, -160, 15192
84168, -355, 99, 123, -880, -164, 15156
84178, -371, 132, 144, -912, -200, 15140
84188, -365, 117, 120, -844, -220, 15048
84198, -361, 131, 131, -820, -220, 15188
84208, -379, 132, 117, -852, -260, 15028
84218, -339, 124, 156, -912, -192, 15152
84228, -369, 138, 151, -872, -188, 15236
84238, -357, 107, 144, -904, -196, 15284
84248, -363, 105, 131, -916, -184, 15032
84258, -361, 146, 120, -740, -232, 15136
84268, -340, 109, 147, -848, -112, 15160
84278, -350, 132, 119, -840, -96, 15036
84288, -352, 99, 123, -924, -172, 15180
84298, -355, 118, 123, -920, -184, 15160
84308, -352, 111, 124, -980, -44, 15044
84318, -360, 136, 129, -792, -288, 15156
84328, -347, 136, 142, -836, -252, 15168
84338, -357, 120, 129, -824, -196, 15132
84348, -350, 86, 137, -776, -168, 15032
84358, -344, 133, 126, -868, -124, 15088
84368, -360, 132, 120, -788, -180, 15036
84378, -346, 126, 151, -940, -220, 15116
84388, -358, 112, 113, -844, -128, 15160
84398, -360, 97, 129, -800, -160, 14956
84408, -358, 119, 127, -884, -192, 15120
84418, -343, 160, 130, -840, -152, 15200
84428, -349, 127, 139, -872, -188, 15096
84438, -358, 110, 120, -856, -148, 15284
84448, -363, 124, 147, -828, -188, 15104
84458, -360, 116, 147, -828, -240, 15204
84468, -347, 113, 147, -876, -136, 15260
84478, -351, 126, 127, -876, -188, 15096
84488, -339, 103, 142, -912, -148, 15052
84498, -358, 101, 110, -816, -180, 15048
84508, -368, 127, 128, -896, -212, 15124
84518, -366, 111, 139, -928, -220, 15052
84528, -340, 137, 147, -740, -112, 15100
84538, -365, 95, 142, -752, -248, 15188
84548, -358, 116, 116, -860, -208, 15068
84558, -345, 120, 141, -880, -180, 15184
84568, -369, 125, 129, -848, -140, 15092
84578, -346, 100, 132, -936, -144, 15136
84588, -354, 127, 105, -840, -172, 15208
84598, -343, 128, 136, -876, -268, 15136
84608, -354, 144, 128, -876, -236, 15268
84618, -344, 110, 137, -788, -200, 15120
84628, -358, 101, 114, -880, -320, 15172
84638, -364, 119, 139, -840, -228, 15328
84648, -324, 105, 143, -912, -200, 15040
84658, -340, 115, 123, -888, -152, 15200
84668, -344, 134, 125, -876, -192, 15092
84678, -360, 116, 147, -844, -272, 15088
84688, -360, 121, 139, -804, -184, 15188
84698, -370, 123, 125, -820, -148, 15140
84708, -351, 114, 134, -908, -116, 15216
84718, -317, 112, 130, -848, -240, 15076
84728, -366, 107, 142, -912, -164, 15296
84738, -343, 91, 140, -796, -136, 15136
84748, -362, 85, 120, -904, -124, 15076
84758, -361, 82, 124, -828, -228, 15140
84768, -361, 114, 121, -932, -212, 15300
84778, -373, 105, 132, -896, -172, 15196
84788, -363, 120, 130, -908, -168, 15076
84798, -340, 111, 129, -808, -192, 15288
84808, -349, 123, 123, -900, -216, 15128
84818, -371, 101, 153, -876, -132, 15116
84828, -356, 135, 124, -844, -264, 15036
84838, -353, 101, 127, -832, -188, 15220
84848, -367, 104, 135, -864, -188, 15204
84858, -360, 124, 117, -876, -276, 15056
84868, -352, 136, 112, -816, -152, 15248
84878, -333, 122, 143, -960, -236, 15040
84888, -374, 102, 134, -804, -116, 15144
84898, -331, 129, 107, -728, -152, 15152
84908, -334, 128, 118, -924, -212, 15216
84918, -350, 105, 110, -844, -232, 15120
84928, -353, 134, 127, -956, -296, 15072
84938, -335, 100, 120, -828, -264, 15032
84948, -349, 132, 122, -776, -268, 15084
84958, -344, 125, 114, -800, -148, 15260
84968, -353, 105, 135, -812, -172, 15096
84978, -377, 92, 131, -868, -204, 15148
84988, -369, 133, 112, -824, -192, 15076
84998, -354, 117, 110, -732, -132, 15104
85008, -378, 131, 109, -932, -196, 15288
85018, -348, 118, 123, -892, -100, 15060
85028, -348, 118, 123, -876, -116, 15060
85038, -346, 99, 130, -916, -160, 15152
85048, -350, 114, 107, -772, -196, 15076
85058, -347, 110, 129, -772, -228, 14880
85068, -345, 127, 141, -772, -100, 15312
85078, -354, 122, 120, -824, -148, 15144
85088, -385, 132, 120, -888, -220, 15068
85098, -341, 132, 123, -956, -188, 15120
85108, -338, 129, 120, -820, -148, 14964
85118, -344, 111, 135, -844, -160, 15068
85128, -345, 114, 131, -884, -180, 15096
85138, -344, 115, 129, -848, -112, 15168
85148, -369, 98, 134, -840, -192, 15168
85158, -361, 119, 133, -792, -160, 15072
85168, -363, 121, 141, -932, -100, 15252
85178, -348, 130, 148, -716, -136, 14948
85188, -363, 96, 125, -696, -212, 15176
85198, -344, 127, 152, -964, -172, 15156
85208, -348, 119, 140, -932, -252, 15152
85218, -357, 123, 131, -912, -260, 15144
85228, -358, 105, 126, -860, -284, 15152
85238, -349, 111, 126, -896, -128, 15120
85248, -347, 127, 122, -788, -188, 15240
85258, -344, 123, 148, -888, -188, 15104
85268, -345, 151, 133, -920, -248, 15212
85278, -340, 146, 149, -848, -164, 15208
85288, -368, 119, 136, -852, -148, 15156
85298, -352, 138, 146, -964, -192, 15088
85308, -355, 126, 132, -888, -168, 15076
85318, -359, 128, 133, -832, -108, 15016
85328, -362, 128, 133, -948, -220, 15120
85338, -353, 104, 139, -784, -128, 15160
85348, -366, 113, 132, -816, -196, 15040
85358, -338, 102, 102, -912, -228, 15132
85368, -351, 129, 128, -860, -144, 15040
85378, -375, 125, 108, -868, -128, 15144
85388, -367, 86, 105, -764, -124, 15136
85398, -363, 114, 152, -832, -132, 15188
85408, -368, 108, 124, -860, -228, 15040
85418, -346, 124, 120, -896, -152, 15260
85428, -360, 125, 125, -824, -172, 15192
85438, -340, 114, 129, -880, -148, 15264
85448, -377, 96, 143, -880, -124, 15136
85458, -371, 148, 128, -788, -200, 15144
85468, -367, 125, 163, -848, -156, 15252
85478, -370, 107, 125, -804, -172, 15140
85488, -355, 95, 118, -864, -164, 15112
85498, -347, 110, 134, -776, -212, 15168
85508, -361, 120, 125, -904, -268, 15100
85518, -354, 129, 105, -752, -192, 15060
85528, -357, 130, 137, -772, -220, 15096
85538, -348, 161, 140, -1000, -180, 15100
85548, -345, 103, 100, -924, -292, 15140
85558, -367, 101, 137, -836, -200, 15128
85568, -364, 115, 129, -888, -124, 15096
85578, -357, 134, 115, -860, -220, 15156
85588, -336, 118, 138, -840, -216, 15140
85598, -344, 101, 130, -916, -184, 15080
85608, -356, 110, 143, -924, -156, 15112
85618, -359, 115, 115, -844, -240, 15040
85628, -351, 113, 121, -792, -40, 15032
85638, -382, 130, 147, -844, -192, 15252
85648, -344, 127, 147, -848, -200, 15096
85658, -356, 98, 120, -916, -188, 15188
85668, -370, 108, 140, -900, -216, 15124
85678, -368, 126, 132, -872, -204, 15092
85688, -356, 148, 144, -904, -156, 15092
85698, -366, 118, 124, -948, -132, 15088
85708, -357, 101, 129, -860, -204, 15124
85718, -367, 122, 127, -776, -228, 15164
85728, -346, 128, 123, -832, -172, 15116
85738, -377, 115, 131, -876, -132, 15108
85748, -350, 137, 145, -840, -148, 15140
85758, -367, 93, 135, -880, -168, 15044
85768, -375, 131, 149, -904, -264, 15044
85778, -339, 118, 124, -928, -224, 15136
85788, -362, 99, 141, -848, -176, 15148
85798, -340, 127, 139, -924, -212, 15160
85808, -338, 102, 151, -896, -168, 15240
85818, -361, 121, 128, -888, -172, 15180
85828, -365, 117, 128, -884, -180, 15188
85838, -344, 125, 139, -872, -216, 15164
85848, -342, 118, 130, -964, -184, 15160
85858, -353, 116, 131, -916, -92, 14976
85868, -355, 118, 132, -836, -216, 15096
85878, -351, 126, 110, -804, -104, 15012
85888, -337, 128, 131, -740, -184, 15084
85898, -376, 127, 131, -872, -96, 15164
85908, -361, 104, 122, -924, -228, 15204
85918, -346, 89, 152, -876, -188, 15176
85928, -347, 119, 145, -956, -212, 15208
85938, -365, 122, 91, -832, -176, 15120
85948, -350, 120, 129, -868, -164, 15072
85958, -353, 146, 117, -844, -296, 15216
85968, -362, 103, 124, -860, -236, 14988
85978, -353, 107, 138, -928, -172, 15040
85988, -387, 95, 118, -900, -176, 15160
85998, -344, 121, 131, -908, -260, 15204
86008, -350, 111, 140, -904, -128, 15120
86018, -350, 144, 119, -900, -132, 15056
86028, -346, 114, 122, -860, -220, 15160
86038, -361, 92, 128, -900, -152, 15172
86048, -359, 123, 134, -948, -264, 15120
86058, -374, 74, 132, -932, -232, 14944
86068, -376, 129, 117, -844, -180, 15216
86078, -331, 130, 115, -888, -68, 15096
86088, -378, 107, 95, -796, -184, 15092
86098, -347, 129, 106, -788, -228, 15100
86108, -357, 107, 129, -872, -184, 15148
86118, -367, 106, 119, -832, -204, 15128
86128, -366, 134, 151, -844, -184, 15104
86138, -336, 144, 128, -964, -180, 14960
86148, -346, 111, 115, -852, -316, 15104
86158, -357, 109, 133, -856, -252, 15124
86168, -355, 116, 141, -856, -164, 15148
86178, -358, 128, 138, -924, -196, 15188
86188, -359, 81, 123, -960, -112, 15084
86198, -359, 128, 129, -820, -140, 15184
86208, -360, 118, 120, -964, -100, 15108
86218, -340, 99, 109, -768, -192, 15140
86228, -350, 110, 147, -772, -132, 15276
86238, -353, 126, 111, -948, -176, 15092
86248, -354, 102, 126, -800, -196, 15084
86258, -352, 119, 126, -908, -216, 15180
86268, -367, 104, 146, -872, -156, 15052
86278, -340, 121, 124, -848, -152, 15140
86288, -358, 109, 136, -860, -244, 15056
86298, -370, 111, 133, -880, -152, 15076
86308, -379, 98, 131, -788, -148, 14948
86318, -357, 115, 127, -864, -124, 15216
86328, -354, 115, 113, -776, -236, 15116
86338, -359, 113, 144, -880, -132, 15260
86348, -385, 114, 140, -844, -260, 15200
86358, -352, 107, 122, -924, -180, 15052
86368, -329, 130, 116, -1016, -244, 15056
86378, -367, 127, 133, -864, -212, 15088
86388, -363, 115, 126, -800, -220, 15200
86398, -362, 122, 108, -900, -148, 15104
86408, -345, 111, 135, -876, -168, 15060
86418, -353, 113, 152, -660, -188, 15092
86428, -352, 97, 147, -924, -320, 15104
86438, -357, 123, 128, -784, -280, 15172
86448, -386, 101, 128, -932, -180, 15208
86458, -350, 107, 144, -844, -204, 15104
86468, -348, 119, 130, -844, -204, 15024
86478, -355, 111, 134, -764, -176, 15220
86488, -335, 145, 137, -824, -188, 15180
86498, -372, 109, 126, -880, -168, 15048
86508, -369, 88, 142, -884, -168, 15092
86518, -365, 96, 138, -1004, -176, 15096
86528, -338, 96, 147, -888, -140, 15224
86538, -351, 129, 137, -844, -136, 15212
86548, -361, 133, 147, -896, -180, 15160
86558, -372, 94, 121, -956, -236, 15116
86568, -363, 118, 128, -892, -124, 14976
86578, -357, 119, 126, -944, -244, 15060
86588, -362, 116, 127, -824, -220, 15004
86598, -348, 139, 136, -872, -172, 15036
86608, -361, 143, 134, -892, -220, 15020
86618, -368, 134, 128, -968, -192, 15192
86628, -346, 126, 111, -860, -140, 15128
86638, -355, 117, 138, -880, -100, 15064
86648, -351, 145, 125, -804, -164, 15128
86658, -369, 120, 103, -816, -172, 15212
86668, -359, 112, 116, -860, -200, 15184
86678, -356, 84, 132, -948, -216, 15292
86688, -363, 115, 128, -904, -232, 15132
86698, -342, 103, 137, -768, -248, 14948
86708, -350, 124, 111, -876, -192, 15192
86718, -356, 117, 135, -920, -216, 15112
86728, -340, 108, 154, -900, -212, 15132
86738, -350, 110, 152, -816, -116, 15188
86748, -369, 95, 145, -872, -144, 15088
86758, -363, 135, 130, -872, -216, 15232
86768, -336, 119, 124, -912, -252, 15076
86778, -327, 94, 153, -860, -180, 15120
86788, -372, 127, 127, -864, -84, 15044
86798, -354, 129, 128, -972, -220, 14956
86808, -359, 111, 129, -784, -76, 15040
86818, -373, 120, 129, -836, -156, 15164
86828, -346, 114, 140, -900, -136, 15188
86838, -342, 104, 128, -836, -160, 15288
86848, -351, 139, 121, -860, -184, 15200
86858, -333, 97, 122, -908, -204, 15168
86868, -382, 109, 129, -884, -260, 15192
86878, -346, 116, 125, -896, -204, 15020
86888, -335, 122, 134, -804, -204, 15228
86898, -349, 107, 123, -812, -48, 15108
86908, -361, 118, 120, -868, -168, 15108
86918, -356, 119, 137, -768, -192, 15096
86928, -353, 105, 132, -876, -188, 15152
86938, -343, 116, 137, -868, -160, 15184
86948, -338, 128, 122, -848, -220, 15164
86958, -340, 135, 125, -896, -80, 15128
86968, -339, 117, 155, -828, -220, 15180
86978, -357, 124, 118, -868, -224, 15164
86988, -358, 106, 119, -912, -248, 15220
86998, -377, 116, 131, -892, -160, 15100
87008, -348, 134, 129, -880, -264, 15200
87018, -357, 124, 118, -920, -148, 15064
87028, -370, 98, 123, -760, -264, 15040
87038, -349, 73, 143, -1000, -212, 15124
87048, -354, 111, 126, -816, -280, 15176
87058, -353, 116, 111, -816, -200, 15188
87068, -346, 95, 111, -876, -72, 15212
87078, -341, 132, 124, -884, -176, 15116
87088, -354, 119, 152, -876, -132, 15124
87098, -354, 116, 137, -876, -136, 15008
87108, -337, 128, 121, -960, -280, 15136
87118, -334, 120, 153, -896, -172, 15268
87128, -353, 105, 139, -744, -128, 15140
87138, -363, 141, 139, -796, -260, 15144
87148, -328, 126, 119, -864, -120, 15080
87158, -355, 119, 138, -876, -244, 15212
87168, -354, 124, 132, -892, -172, 15236
87178, -362, 93, 128, -932, -100, 15060
87188, -344, 108, 139, -920, -76, 15044
87198, -360, 124, 139, -924, -160, 15060
87208, -345, 109, 120, -932, -136, 15092
87218, -354, 126, 135, -884, -160, 15152
87228, -339, 138, 132, -936, -224, 15324
87238, -376, 123, 133, -804, -244, 15068
87248, -358, 126, 102, -860, -200, 15052
87258, -326, 98, 122, -884, -204, 15100
87268, -369, 102, 163, -912, -184, 15096
87278, -364, 122, 152, -872, -148, 15116
87288, -358, 143, 117, -852, -200, 15004
87298, -356, 90, 126, -880, -264, 15172
87308, -345, 121, 128, -836, -84, 15220
87318, -343, 95, 140, -864, -136, 15192
87328, -375, 125, 144, -908, -44, 14976
87338, -351, 126, 122, -900, -176, 15048
87348, -341, 122, 131, -884, -220, 15156
87358, -371, 134, 133, -832, -152, 15240
87368, -357, 126, 127, -932, -220, 15060
87378, -347, 134, 124, -812, -132, 15156
87388, -358, 104, 135, -904, -84, 15164
87398, -344, 126, 133, -832, -144, 15296
87408, -356, 116, 145, -904, -196, 15036
87418, -348, 91, 136, -864, -200, 15172
87428, -356, 120, 106, -820, -116, 14984
87438, -360, 109, 107, -952, -132, 15136
87448, -331, 114, 125, -912, -176, 15064
87458, -353, 113, 155, -856, -180, 15100
87468, -347, 115, 126, -816, -216, 15064
87478, -338, 104, 131, -840, -84, 15284
87488, -357, 120, 115, -884, -188, 14980
87498, -369, 130, 119, -828, -184, 15064
87508, -329, 110, 168, -900, -164, 15084
87518, -360, 105, 124, -912, -100, 15180
87528, -359, 126, 130, -832, -60, 15080
87538, -362, 125, 124, -868, -92, 15096
87548, -351, 133, 144, -896, -140, 15104
87558, -345, 122, 124, -884, -200, 15120
87568, -353, 148, 126, -856, -92, 15028
87578, -361, 129, 115, -880, -212, 15132
87588, -344, 116, 146, -848, -344, 15264
87598, -340, 123, 140, -820, -248, 15228
87608, -379, 100, 136, -852, -244, 15072
87618, -370, 134, 130, -856, -224, 15096
87628, -359, 115, 131, -864, -164, 15096
87638, -372, 86, 148, -788, -184, 15116
87648, -356, 103, 140, -860, -128, 15136
87658, -358, 122, 148, -872, -164, 15148
87668, -362, 141, 114, -864, -224, 15076
87678, -354, 113, 123, -848, -160, 15140
87688, -378, 124, 126, -904, -136, 15208
87698, -363, 114, 126, -872, -192, 15252
87708, -346, 100, 142, -876, -148, 15096
87718, -344, 106, 127, -836, -216, 15176
87728, -336, 109, 118, -892, -148, 15116
87738, -344, 90, 123, -964, -204, 15176
87748, -355, 113, 138, -860, -320, 15104
87758, -362, 125, 148, -816, -240, 15060
87768, -372, 137, 125, -900, -140, 15100
87778, -355, 121, 127, -844, -264, 15264
87788, -352, 145, 136, -836, -204, 15016
87798, -341, 118, 125, -836, -164, 15240
87808, -337, 114, 141, -856, -232, 15104
87818, -348, 129, 132, -948, -232, 15112
87828, -339, 113, 122, -828, -248, 15120
87838, -358, 121, 143, -884, -304, 14980
87848, -354, 119, 136, -916, -180, 15144
87858, -358, 114, 118, -928, -144, 15100
87868, -377, 119, 125, -904, -152, 15196
87878, -366, 127, 122, -824, -240, 15104
87888, -363, 140, 119, -732, -248, 15232
87898, -342, 97, 140, -920, -152, 15240
87908, -359, 132, 132, -864, -160, 15076
87918, -372, 121, 136, -852, -200, 15200
87928, -368, 108, 129, -860, -180, 15168
87938, -379, 98, 136, -816, -196, 15060
87948, -359, 121, 131, -800, -104, 15308
87958, -339, 133, 132, -892, -220, 15080
87968, -366, 113, 129, -772, -256, 15112
87978, -359, 122, 147, -856, -196, 15152
87988, -345, 109, 110, -752, -120, 15144
87998, -344, 107, 147, -872, -232, 15048
88008, -348, 102, 136, -764, -188, 15016
88018, -356, 125, 120, -924, -100, 15032
88028, -363, 133, 123, -876, -228, 15064
88038, -360, 130, 125, -928, -164, 15164
88048, -376, 128, 116, -864, -256, 15116
88058, -344, 123, 118, -848, -260, 15112
88068, -365, 113, 144, -908, -220, 15188
88078, -368, 118, 153, -940, -184, 15148
88088, -366, 147, 116, -820, -212, 15168
88098, -354, 119, 122, -920, -196, 15212
88108, -347, 99, 149, -976, -188, 15140
88118, -341, 112, 126, -780, -180, 15156
88128, -375, 123, 118, -760, -128, 15136
88138, -351, 110, 132, -908, -216, 15216
88148, -352, 105, 134, -892, -196, 15184
88158, -351, 91, 114, -788, -224, 15016
88168, -345, 114, 133, -860, -244, 15192
88178, -357, 115, 139, -888, -232, 15036
88188, -350, 117, 122, -856, -228, 15056
88198, -350, 128, 143, -872, -140, 15148
88208, -339, 116, 110, -920, -256, 15112
88218, -351, 103, 121, -764, -232, 15120
88228, -333, 113, 138, -828, -248, 15128
88238, -375, 116, 142, -920, -260, 15144
88248, -331, 99, 130, -916, -116, 14976
88258, -339, 101, 115, -784, -148, 15108
88268, -343, 108, 131, -848, -112, 15124
88278, -348, 132, 128, -880, -212, 15092
88288, -365, 110, 136, -792, -156, 15236
88298, -352, 133, 126, -804, -216, 15028
88308, -343, 101, 128, -788, -216, 15148
88318, -373, 119, 137, -880, -188, 15080
88328, -359, 138, 117, -904, -264, 15156
88338, -370, 102, 139, -784, -224, 15272
88348, -346, 106, 130, -844, -228, 15144
88358, -361, 133, 123, -748, -144, 15132
88368, -363, 97, 164, -880, -276, 15048
88378, -335, 113, 107, -912, -152, 15136
88388, -354, 83, 114, -880, -252, 15160
88398, -366, 121, 135, -936, -196, 15124
88408, -374, 110, 127, -848, -104, 15060
88418, -354, 117, 144, -760, -216, 15048
88428, -373, 96, 159, -852, -224, 15068
88438, -373, 115, 140, -840, -32, 15156
88448, -328, 132, 147, -776, -132, 15036
88458, -362, 120, 135, -960, -252, 15268
88468, -348, 143, 145, -836, -248, 15228
88478, -354, 131, 148, -824, -256, 15128
88488, -353, 139, 139, -908, -296, 15172
88498, -338, 129, 143, -964, -272, 15164
88508, -348, 124, 124, -720, -244, 15072
88518, -362, 143, 137, -904, -152, 15148
88528, -339, 149, 129, -916, -104, 15192
88538, -337, 136, 147, -864, -80, 15124
88548, -356, 124, 139, -808, -168, 15196
88558, -334, 159, 134, -880, -116, 15100
88568, -353, 110, 134, -844, -164, 15128
88578, -358, 126, 143, -828, -212, 15032
88588, -335, 120, 147, -720, -220, 15104
88598, -351, 100, 140, -856, -156, 15192
88608, -363, 167, 119, -768, -156, 15108
88618, -347, 142, 161, -780, -212, 15032
88628, -347, 128, 129, -924, -88, 15320
88638, -339, 120, 150, -912, -236, 15064
88648, -377, 163, 125, -800, -212, 15108
88658, -361, 120, 126, -956, -208, 15068
88668, -360, 120, 130, -764, -128, 15124
88678, -363, 118, 115, -860, -244, 15188
88688, -367, 120, 116, -884, -128, 15072
88698, -324, 119, 133, -780, -244, 15068
88708, -347, 97, 124, -944, -168, 15008
88718, -363, 135, 99, -900, -164, 15284
88728, -353, 130, 126, -840, -216, 15108
88738, -372, 118, 127, -804, -168, 15148
88748, -353, 137, 127, -852, -188, 15176
88758, -365, 151, 126, -988, -252, 15024
88768, -347, 110, 124, -824, -248, 15264
88778, -321, 102, 123, -788, -292, 15220
88788, -350, 130, 142, -884, -172, 15060
88798, -329, 111, 130, -900, -160, 15188
88808, -373, 122, 150, -884, -212, 15040
88818, -354, 120, 139, -800, -196, 15088
88828, -359, 120, 139, -872, -336, 15164
88838, -359, 139, 124, -832, -188, 15112
88848, -347, 112, 142, -800, -248, 15208
88858, -360, 118, 113, -812, -212, 15108
88868, -371, 136, 136, -916, -152, 15140
88878, -360, 127, 135, -836, -156, 15036
88888, -355, 98, 125, -892, -184, 15164
88898, -341, 118, 117, -804, -144, 15112
88908, -355, 116, 117, -812, -248, 15276
88918, -385, 129, 135, -1020, -160, 15268
88928, -337, 96, 135, -760, -164, 15248
88938, -353, 115, 143, -872, -156, 15172
88948, -362, 123, 135, -768, -220, 14940
88958, -333, 110, 146, -856, -180, 15316
88968, -363, 127, 152, -876, -160, 15212
88978, -342, 105, 136, -892, -216, 15232
88988, -346, 132, 116, -780, -188, 15052
88998, -351, 116, 129, -768, -180, 15132
89008, -365, 124, 123, -804, -208, 15016
89018, -359, 140, 128, -880, -196, 15148
89028, -363, 139, 121, -844, -288, 15156
89038, -324, 128, 124, -896, -164, 15128
89048, -367, 117, 143, -900, -244, 15152
89058, -358, 116, 146, -892, -204, 15136
89068, -360, 117, 117, -900, -168, 15028
89078, -366, 133, 122, -848, -292, 15160
89088, -346, 125, 121, -864, -140, 15060
89098, -365, 129, 127, -892, -216, 15172
89108, -352, 129, 117, -880, -248, 15044
89118, -332, 118, 135, -928, -180, 14980
89128, -352, 138, 140, -852, -120, 15088
89138, -370, 101, 116, -912, -172, 15204
89148, -353, 113, 116, -820, -184, 15188
89158, -351, 102, 137, -828, -148, 15032
89168, -337, 95, 129, -900, -324, 15096
89178, -351, 104, 117, -816, -204, 15084
89188, -354, 113, 130, -976, -116, 15052
89198, -360, 121, 114, -956, -276, 15132
89208, -369, 126, 110, -860, -136, 15072
89218, -359, 99, 142, -896, -156, 15112
89228, -360, 126, 141, -844, -152, 14964
89238, -328, 110, 111, -852, -148, 15180
89248, -352, 120, 115, -828, -172, 15100
89258, -347, 124, 129, -796, -232, 15120
89268, -351, 88, 138, -896, -228, 15000
89278, -361, 108, 126, -844, -204, 15184
89288, -326, 106, 115, -900, -108, 15200
89298, -351, 135, 122, -800, -204, 15072
89308, -353, 137, 131, -824, -232, 14908
89318, -336, 125, 130, -840, -272, 15008
89328, -341, 107, 128, -792, -244, 15084
89338, -367, 134, 145, -840, -112, 15208
89348, -337, 140, 129, -932, -212, 15128
89358, -367, 116, 126, -856, -224, 15224
89368, -335, 120, 123, -796, -180, 15076
89378, -350, 110, 118, -804, -176, 15188
89388, -356, 101, 117, -876, -192, 15160
89398, -351, 97, 137, -772, -124, 15136
89408, -340, 113, 148, -900, -116, 15252
89418, -345, 111, 116, -828, -212, 15036
89428, -361, 105, 138, -824, -192, 15068
89438, -342, 114, 122, -872, -168, 15176
89448, -355, 107, 156, -892, -232, 15208
89458, -356, 135, 153, -844, -132, 15268
89468, -382, 123, 135, -808, -176, 15136
89478, -341, 120, 122, -792, -192, 15048
89488, -337, 132, 140, -880, -200, 15164
89498, -321, 109, 133, -792, -160, 15016
89508, -352, 127, 115, -804, -132, 15204
89518, -354, 106, 135, -880, -216, 15172
89528, -365, 96, 135, -916, -204, 15136
89538, -363, 93, 124, -832, -228, 15164
89548, -337, 122, 132, -872, -124, 15084
89558, -349, 107, 140, -908, -220, 15184
89568, -351, 103, 147, -824, -196, 15180
89578, -361, 106, 124, -844, -220, 15012
89588, -342, 115, 139, -880, -164, 15016
89598, -352, 111, 120, -836, -152, 15156
89608, -350, 111, 132, -864, -188, 14984
89618, -341, 136, 138, -848, -164, 15284
89628, -368, 118, 108, -920, -220, 15068
89638, -333, 86, 131, -840, -68, 15028
89648, -344, 151, 123, -832, -224, 15048
89658, -352, 94, 139, -860, -128, 15112
89668, -362, 114, 139, -872, -192, 15080
89678, -382, 95, 125, -860, -200, 15112
89688, -349, 119, 126, -868, -180, 15256
89698, -364, 131, 146, -892, -96, 15224
89708, -363, 135, 115, -876, -192, 15152
89718, -367, 102, 127, -860, -260, 15072
89728, -333, 114, 126, -912, -212, 15156
89738, -338, 130, 141, -956, -204, 15212
89748, -359, 151, 130, -748, -228, 15096
89758, -362, 129, 130, -868, -228, 15096
89768, -336, 123, 133, -772, -176, 14956
89778, -336, 134, 132, -824, -92, 15068
89788, -351, 98, 120, -836, -268, 15088
89798, -334, 79, 138, -848, -140, 15032
89808, -377, 136, 136, -916, -144, 15152
89818, -353, 99, 133, -844, -160, 15156
89828, -351, 117, 138, -888, -164, 15008
89838, -361, 126, 103, -928, -260, 15288
89848, -334, 114, 138, -836, -248, 15140
89858, -355, 133, 130, -920, -128, 14988
89868, -361, 117, 128, -904, -144, 15036
89878, -374, 119, 129, -880, -116, 15232
89888, -364, 103, 126, -796, -160, 15136
89898, -365, 138, 135, -1016, -176, 15212
89908, -369, 124, 140, -860, -232, 15192
89918, -360, 127, 120, -864, -180, 15192
89928, -365, 137, 122, -992, -180, 15188
89938, -358, 109, 134, -884, -188, 15104
89948, -363, 106, 136, -904, -172, 15124
89958, -335, 110, 132, -876, -88, 15016
89968, -337, 106, 137, -828, -144, 15052
89978, -350, 121, 142, -808, -196, 15132
89988, -347, 124, 115, -832, -228, 15012
89998, -354, 106, 98, -836, -148, 14980
90008, -348, 117, 115, -892, -192, 15100
90018, -354, 114, 153, -880, -108, 15096
90028, -312, 112, 128, -856, -216, 15200
90038, -351, 134, 131, -828, -232, 15076
90048, -345, 154, 108, -820, -160, 15180
90058, -362, 114, 139, -832, -208, 15112
90068, -360, 142, 118, -940, -184, 15212
90078, -348, 118, 141, -940, -128, 15132
90088, -354, 135, 139, -916, -180, 15236
90098, -369, 99, 112, -784, -208, 15044
90108, -364, 124, 111, -816, -232, 15156
90118, -348, 152, 142, -944, -184, 15208
90128, -317, 104, 132, -860, -192, 15116
90138, -366, 114, 109, -848, -208, 15096
90148, -350, 133, 118, -972, -136, 15264
90158, -342, 117, 131, -816, -188, 15032
90168, -321, 76, 139, -904, -196, 15156
90178, -376, 74, 135, -908, -288, 15080
90188, -339, 140, 136, -884, -176, 15124
90198, -358, 111, 134, -904, -200, 15080
90208, -382, 113, 122, -844, -236, 15068
90218, -353, 121, 128, -856, -184, 15268
90228, -355, 103, 132, -816, -180, 15172
90238, -348, 112, 146, -852, -112, 15100
90248, -364, 135, 130, -936, -224, 15208
90258, -344, 120, 122, -928, -152, 15240
90268, -366, 113, 124, -748, -192, 15160
90278, -383, 100, 122, -920, -228, 15148
90288, -330, 120, 129, -832, -116, 15240
90298, -367, 120, 124, -904, -232, 15108
90308, -330, 104, 130, -792, -136, 15128
90318, -330, 105, 127, -820, -212, 15096
90328, -340, 134, 152, -812, -244, 15108
90338, -385, 124, 140, -872, -156, 15076
90348, -357, 140, 96, -740, -144, 15024
90358, -344, 128, 142, -912, -164, 15224
90368, -350, 96, 146, -860, -168, 15172
90378, -353, 115, 119, -780, -164, 15300
90388, -346, 124, 137, -856, -216, 15068
90398, -358, 126, 120, -948, -236, 15236
90408, -334, 121, 122, -848, -216, 14980
90418, -366, 117, 122, -864, -124, 15236
90428, -346, 106, 121, -836, -180, 14968
90438, -351, 134, 140, -860, -196, 15184
90448, -359, 108, 116, -824, -168, 15112
90458, -342, 142, 137, -888, -200, 15244
90468, -325, 112, 132, -872, -196, 15128
90478, -340, 117, 140, -836, -300, 15132
90488, -378, 115, 148, -956, -92, 15032
90498, -329, 103, 119, -868, -176, 15176
90508, -353, 110, 126, -856, -272, 15148
90518, -352, 108, 142, -880, -176, 15232
90528, -359, 116, 134, -936, -184, 15092
90538, -358, 89, 156, -860, -212, 15176
90548, -340, 133, 155, -784, -196, 15176
90558, -374, 126, 133, -832, -96, 15164
90568, -345, 117, 126, -808, -208, 15208
90578, -335, 102, 136, -844, -128, 15172
90588, -347, 133, 137, -908, -208, 15056
90598, -380, 136, 134, -788, -196, 15080
90608, -349, 122, 148, -820, -224, 15148
90618, -347, 108, 132, -912, -136, 15060
90628, -347, 126, 128, -828, -172, 15156
90638, -359, 114, 140, -780, -144, 15160
90648, -345, 121, 132, -772, -136, 15064
90658, -345, 117, 154, -912, -216, 15004
90668, -365, 118, 128, -800, -148, 15116
90678, -361, 124, 143, -896, -204, 15156
90688, -373, 109, 124, -832, -220, 15040
90698, -358, 115, 119, -796, -168, 15064
90708, -342, 121, 137, -756, -152, 15040
90718, -330, 113, 122, -792, -192, 15012
90728, -362, 107, 121, -820, -188, 15268
90738, -349, 142, 130, -848, -172, 14996
90748, -352, 132, 136, -888, -156, 15076
90758, -367, 104, 148, -792, -140, 14972
90768, -366, 118, 133, -884, -84, 15232
90778, -368, 116, 140, -824, -280, 15080
90788, -362, 126, 119, -840, -284, 15260
90798, -369, 123, 145, -876, -264, 15220
90808, -370, 109, 131, -980, -252, 15048
90818, -336, 131, 138, -904, -228, 15148
90828, -342, 120, 133, -908, -212, 15084
90838, -347, 133, 130, -820, -176, 15004
90848, -338, 109, 142, -840, -180, 14940
90858, -356, 125, 124, -904, -128, 15084
90868, -356, 126, 146, -892, -208, 15028
90878, -360, 116, 133, -848, -64, 15180
90888, -337, 117, 120, -884, -136, 15220
90898, -349, 132, 114, -884, -92, 15232
90908, -336, 106, 142, -820, -220, 15212
90918, -349, 118, 133, -924, -224, 15060
90928, -361, 140, 125, -948, -136, 15060
90938, -359, 135, 136, -772, -108, 15064
90948, -352, 135, 132, -860, -184, 14992
90958, -353, 148, 138, -856, -204, 15128
90968, -356, 107, 142, -892, -204, 15096
90978, -354, 123, 118, -840, -204, 15072
90988, -335, 112, 149, -820, -196, 15068
90998, -358, 120, 141, -884, -208, 15208
91008, -355, 130, 129, -872, -160, 15004
91018, -361, 154, 121, -880, -124, 15308
91028, -355, 106, 136, -808, -180, 15048
91038, -346, 133, 154, -824, -188, 15136
91048, -343, 101, 156, -924, -188, 15320
91058, -369, 132, 138, -884, -232, 14948
91068, -342, 108, 121, -908, -180, 15112
91078, -365, 127, 133, -800, -116, 15100
91088, -362, 106, 134, -912, -132, 15216
91098, -347, 104, 132, -776, -92, 15156
91108, -347, 107, 138, -828, -128, 15084
91118, -349, 130, 129, -876, -236, 15132
91128, -357, 100, 133, -912, -232, 15088
91138, -359, 99, 131, -924, -220, 15032
91148, -362, 112, 141, -848, -152, 15072
91158, -344, 113, 119, -856, -236, 14916
91168, -365, 113, 125, -828, -164, 15256
91178, -369, 122, 133, -808, -184, 15076
91188, -365, 117, 118, -940, -204, 15116
91198, -341, 130, 118, -860, -192, 15200
91208, -354, 108, 156, -908, -144, 15112
91218, -370, 126, 150, -792, -180, 15032
91228, -360, 100, 138, -808, -180, 15124
91238, -366, 111, 112, -828, -168, 15048
91248, -351, 91, 143, -924, -212, 15104
91258, -350, 128, 123, -824, -164, 14996
91268, -353, 116, 141, -856, -184, 15068
91278, -374, 143, 127, -884, -204, 15172
91288, -338, 128, 122, -848, -92, 15112
91298, -366, 95, 118, -788, -176, 15060
91308, -352, 96, 143, -956, -176, 15124
91318, -363, 108, 114, -808, -300, 15192
91328, -340, 132, 141, -928, -176, 14824
91338, -355, 114, 154, -876, -108, 15160
91348, -353, 106, 124, -924, -40, 15176
91358, -359, 95, 132, -768, -172, 15260
91368, -351, 121, 136, -860, -184, 15204
91378, -347, 103, 137, -800, -164, 15280
91388, -364, 126, 129, -968, -176, 15100
91398, -342, 132, 129, -804, -192, 15280
91408, -356, 91, 125, -916, -188, 15156
91418, -355, 123, 125, -936, -188, 15216
91428, -361, 130, 167, -756, -220, 15208
91438, -337, 108, 136, -860, -184, 15184
91448, -360, 120, 126, -892, -264, 15056
91458, -362, 113, 113, -896, -188, 15180
91468, -340, 117, 129, -956, -160, 15168
91478, -351, 107, 134, -912, -200, 15196
91488, -357, 126, 142, -876, -272, 15208
91498, -349, 98, 146, -800, -104, 15172
91508, -334, 153, 142, -848, -192, 15196
91518, -347, 131, 133, -812, -220, 15104
91528, -362, 109, 130, -852, -288, 15088
91538, -338, 107, 110, -872, -148, 15212
91548, -332, 114, 136, -824, -152, 15164
91558, -358, 109, 145, -860, -220, 15112
91568, -362, 123, 135, -936, -168, 15136
91578, -375, 97, 126, -736, -96, 15136
91588, -367, 108, 138, -860, -204, 15136
91598, -365, 104, 124, -840, -96, 15104
91608, -342, 126, 139, -920, -196, 15136
91618, -372, 116, 124, -864, -244, 15104
91628, -343, 110, 110, -848, -160, 15204
91638, -344, 129, 141, -836, -240, 15288
91648, -339, 117, 112, -792, -280, 15152
91658, -348, 135, 125, -892, -136, 15040
91668, -340, 116, 144, -808, -196, 15068
91678, -353, 126, 131, -836, -204, 15052
91688, -365, 124, 136, -836, -196, 15160
91698, -367, 127, 141, -816, -228, 15048
91708, -336, 136, 132, -752, -132, 15076
91718, -338, 122, 144, -940, -188, 15144
91728, -350, 142, 123, -976, -252, 15176
91738, -355, 109, 120, -832, -132, 15052
91748, -355, 130, 109, -888, -132, 15040
91758, -346, 106, 129, -928, -244, 15052
91768, -341, 104, 120, -904, -244, 15060
91778, -332, 133, 119, -864, -128, 15112
91788, -340, 129, 123, -968, -208, 15060
91798, -335, 112, 135, -852, -204, 15100
91808, -346, 104, 121, -928, -180, 15052
91818, -344, 108, 146, -884, -200, 15204
91828, -335, 107, 138, -896, -196, 15024
91838, -333, 94, 123, -836, -252, 15172
91848, -361, 131, 123, -964, -164, 15012
91858, -344, 132, 113, -876, -140, 15176
91868, -350, 120, 131, -836, -244, 15060
91878, -361, 128, 128, -816, -268, 15064
91888, -360, 110, 136, -880, -260, 15144
91898, -372, 123, 136, -860, -168, 15108
91908, -371, 116, 134, -896, -280, 15100
91918, -335, 129, 158, -848, -148, 15064
91928, -354, 111, 145, -856, -252, 15064
91938, -343, 112, 122, -872, -56, 15040
91948, -349, 114, 130, -904, -236, 15136
91958, -370, 139, 131, -784, -164, 15108
91968, -338, 102, 141, -828, -220, 15196
91978, -314, 103, 136, -868, -156, 15164
91988, -347, 106, 113, -844, -224, 15084
91998, -368, 120, 131, -872, -220, 15040
92008, -335, 137, 145, -880, -212, 15072
92018, -342, 139, 131, -920, -120, 15148
92028, -355, 104, 107, -872, -108, 15148
92038, -352, 111, 146, -884, -196, 15116
92048, -342, 124, 129, -796, -68, 15156
92058, -351, 115, 146, -792, -248, 15196
92068, -364, 136, 124, -928, -148, 15064
92078, -358, 117, 150, -772, -284, 15060
92088, -363, 110, 158, -816, -168, 14992
92098, -315, 115, 102, -728, -200, 15140
92108, -364, 95, 125, -868, -196, 15068
92118, -355, 120, 125, -772, -252, 15076
92128, -354, 128, 134, -796, -116, 15212
92138, -349, 138, 133, -880, -184, 15132
92148, -340, 124, 126, -916, -200, 15204
92158, -347, 99, 134, -956, -144, 15160
92168, -355, 124, 151, -852, -136, 15040
92178, -356, 120, 146, -788, -232, 15080
92188, -337, 120, 124, -852, -96, 15104
92198, -354, 108, 120, -1024, -188, 15064
92208, -361, 83, 131, -804, -204, 14992
92218, -370, 156, 144, -896, -244, 15064
92228, -369, 107, 140, -884, -216, 14976
92238, -366, 103, 126, -844, -196, 14928
92248, -344, 126, 117, -860, -244, 15096
92258, -360, 113, 126, -828, -236, 15084
92268, -342, 109, 137, -928, -128, 15060
92278, -337, 112, 103, -800, -216, 15272
92288, -350, 115, 119, -796, -244, 15064
92298, -363, 144, 139, -832, -108, 15060
92308, -348, 135, 146, -812, -192, 15128
92318, -356, 142, 125, -908, -92, 15220
92328, -361, 129, 146, -848, -136, 15212
92338, -349, 105, 117, -876, -172, 15180
92348, -363, 107, 126, -840, -224, 15160
92358, -340, 113, 137, -952, -200, 15240
92368, -358, 111, 118, -816, -216, 15096
92378, -336, 102, 113, -780, -148, 15288
92388, -356, 103, 105, -916, -164, 15200
92398, -374, 120, 136, -876, -248, 15164
92408, -380, 106, 136, -780, -204, 15172
92418, -339, 109, 139, -804, -228, 14988
92428, -326, 121, 154, -948, -172, 15168
92438, -347, 119, 121, -844, -172, 15080
92448, -366, 112, 137, -824, -232, 15060
92458, -368, 120, 122, -868, -216, 15152
92468, -349, 132, 127, -824, -116, 15148
92478, -354, 115, 125, -884, -148, 15176
92488, -355, 125, 119, -816, -144, 15268
92498, -333, 129, 134, -900, -168, 15064
92508, -352, 108, 143, -944, -84, 15224
92518, -342, 120, 120, -804, -212, 15152
92528, -348, 111, 144, -956, -296, 15052
92538, -363, 104, 140, -968, -192, 14972
92548, -348, 123, 131, -936, -208, 15300
92558, -373, 127, 148, -860, -284, 15020
92568, -343, 132, 119, -800, -232, 15224
92578, -371, 121, 144, -936, -88, 15148
92588, -357, 138, 159, -856, -220, 15024
92598, -370, 107, 127, -912, -232, 15104
92608, -363, 115, 135, -824, -152, 15156
92618, -321, 95, 135, -784, -164, 15172
92628, -344, 124, 138, -788, -136, 15080
92638, -346, 141, 134, -952, -284, 15212
92648, -333, 117, 140, -896, -132, 15064
92658, -356, 106, 131, -896, -196, 15220
92668, -354, 123, 122, -872, -192, 15164
92678, -356, 107, 126, -864, -208, 15120
92688, -362, 118, 130, -868, -164, 15096
92698, -331, 91, 152, -852, -244, 15172
92708, -357, 128, 138, -920, -200, 15156
92718, -376, 117, 140, -816, -128, 15136
92728, -333, 84, 155, -804, -232, 15068
92738, -352, 129, 144, -796, -92, 15076
92748, -341, 107, 116, -796, -280, 15132
92758, -334, 129, 139, -1020, -208, 15128
92768, -346, 141, 137, -832, -196, 15180
92778, -350, 102, 143, -888, -148, 15072
92788, -360, 112, 143, -872, -176, 15076
92798, -362, 100, 151, -936, -180, 15128
92808, -350, 145, 110, -880, -188, 15084
92818, -358, 131, 131, -856, -144, 15060
92828, -335, 129, 119, -780, -200, 15180
92838, -354, 110, 142, -836, -264, 14976
92848, -338, 137, 133, -880, -304, 15200
92858, -339, 145, 110, -888, -200, 15024
92868, -365, 106, 110, -836, -232, 15020
92878, -368, 121, 132, -792, -216, 15116
92888, -351, 110, 147, -948, -92, 15252
92898, -330, 123, 148, -780, -164, 15116
92908, -369, 127, 128, -928, -244, 15308
92918, -368, 125, 121, -860, -148, 15096
92928, -321, 124, 150, -844, -172, 15128
92938, -345, 109, 133, -884, -144, 15036
92948, -331, 115, 149, -932, -256, 15132
92958, -344, 111, 131, -924, -152, 15152
92968, -337, 125, 135, -924, -220, 15088
92978, -351, 147, 120, -924, -108, 15132
92988, -351, 120, 138, -924, -136, 15212
92998, -353, 145, 142, -904, -284, 14996
93008, -347, 107, 127, -856, -204, 14972
93018, -337, 113, 147, -804, -208, 15080
93028, -341, 111, 125, -916, -216, 15108
93038, -355, 102, 125, -812, -204, 15132
93048, -367, 110, 121, -948, -208, 15096
93058, -339, 119, 140, -836, -176, 15100
93068, -359, 122, 120, -860, -156, 15004
93078, -330, 103, 138, -912, -184, 15088
93088, -341, 113, 129, -948, -192, 15124
93098, -398, 119, 114, -768, -208, 15144
93108, -336, 118, 121, -888, -252, 15016
93118, -350, 119, 129, -888, -112, 15204
93128, -342, 136, 132, -856, -228, 15056
93138, -352, 111, 124, -872, -124, 15192
93148, -362, 122, 124, -828, -228, 15024
93158, -372, 115, 142, -804, -252, 15124
93168, -350, 93, 138, -844, -224, 15136
93178, -352, 111, 107, -832, -164, 15084
93188, -368, 130, 127, -844, -164, 15180
93198, -346, 108, 121, -840, -144, 15276
93208, -347, 111, 120, -912, -200, 14992
93218, -342, 131, 135, -844, -232, 15020
93228, -352, 106, 148, -800, -260, 15112
93238, -382, 138, 117, -800, -144, 15236
93248, -352, 110, 118, -804, -204, 15356
93258, -363, 124, 119, -860, -76, 15040
93268, -369, 112, 124, -808, -140, 15068
93278, -358, 96, 101, -984, -136, 15104
93288, -349, 121, 114, -824, -184, 15148
93298, -347, 105, 134, -840, -208, 14960
93308, -368, 125, 130, -852, -164, 15084
93318, -344, 146, 140, -856, -200, 15128
93328, -326, 88, 119, -864, -100, 15052
93338, -307, 104, 125, -980, -108, 15168
93348, -367, 136, 120, -824, -228, 15168
93358, -352, 117, 140, -920, -212, 15148
93368, -339, 133, 144, -768, -184, 15188
93378, -362, 123, 132, -828, -196, 15192
93388, -335, 75, 129, -912, -148, 15204
93398, -362, 126, 108, -868, -244, 15112
93408, -343, 111, 153, -796, -156, 15140
93418, -344, 112, 129, -828, -152, 15144
93428, -352, 127, 150, -796, -112, 15044
93438, -359, 76, 123, -868, -212, 15052
93448, -356, 84, 117, -872, -244, 15080
93458, -353, 136, 100, -744, -232, 15128
93468, -359, 93, 121, -768, -160, 15104
93478, -347, 119, 125, -796, -144, 15004
93488, -364, 129, 123, -860, -160, 15084
93498, -348, 123, 122, -864, -300, 15124
93508, -350, 105, 126, -952, -192, 15176
93518, -345, 127, 132, -900, -196, 15200
93528, -358, 124, 142, -848, -220, 15064
93538, -322, 130, 123, -856, -256, 15112
93548, -366, 85, 126, -924, -156, 15064
93558, -357, 109, 110, -932, -164, 15200
93568, -370, 136, 129, -828, -252, 15284
93578, -358, 112, 98, -916, -192, 15020
93588, -359, 124, 129, -788, -144, 15136
93598, -358, 118, 100, -892, -248, 15132
93608, -362, 136, 121, -796, -236, 14984
93618, -351, 133, 141, -892, -76, 15152
93628, -356, 112, 133, -760, -84, 15176
93638, -353, 139, 127, -828, -204, 15048
93648, -357, 138, 137, -876, -176, 15192
93658, -346, 94, 110, -812, -204, 15120
93668, -346, 114, 110, -888, -168, 15212
93678, -331, 96, 123, -884, -204, 15064
93688, -348, 126, 135, -816, -168, 15112
93698, -363, 100, 133, -816, -216, 15192
93708, -357, 121, 117, -1008, -164, 15024
93718, -352, 104, 126, -752, -212, 15116
93728, -345, 110, 151, -808, -120, 15024
93738, -350, 117, 122, -884, -216, 15196
93748, -369, 105, 134, -892, -148, 15144
93758, -360, 131, 110, -908, -160, 15068
93768, -353, 122, 112, -848, -216, 15196
93778, -353, 126, 137, -904, -208, 15160
93788, -363, 103, 124, -808, -200, 15256
93798, -364, 161, 117, -924, -256, 15144
93808, -341, 112, 131, -888, -212, 15208
93818, -338, 92, 109, -764, -192, 14972
93828, -350, 93, 138, -980, -128, 15172
93838, -353, 117, 147, -916, -164, 15188
93848, -339, 119, 131, -816, -108, 15200
93858, -353, 121, 124, -816, -248, 15104
93868, -372, 118, 133, -916, -184, 15116
93878, -358, 109, 143, -984, -192, 15220
93888, -367, 120, 113, -828, -212, 15204
93898, -364, 97, 120, -976, -172, 15156
93908, -348, 124, 138, -884, -228, 15128
93918, -362, 140, 136, -832, -244, 15140
93928, -365, 117, 130, -836, -192, 15136
93938, -347, 137, 140, -984, -148, 15128
93948, -318, 109, 158, -888, -192, 15132
93958, -362, 119, 129, -868, -116, 15112
93968, -334, 125, 123, -796, -64, 15152
93978, -359, 108, 136, -792, -204, 15060
93988, -340, 123, 138, -912, -168, 15116
93998, -344, 120, 144, -804, -120, 15116
94008, -349, 96, 125, -856, -232, 15052
94018, -357, 119, 118, -872, -188, 15172
94028, -353, 96, 140, -884, -212, 15080
94038, -393, 117, 131, -828, -164, 15188
94048, -356, 101, 128, -904, -192, 15248
94058, -344, 124, 125, -752, -200, 15144
94068, -366, 117, 125, -948, -180, 15068
94078, -375, 119, 119, -780, -276, 14996
94088, -375, 112, 132, -844, -176, 15116
94098, -362, 130, 151, -856, -248, 15180
94108, -351, 108, 125, -860, -184, 15132
94118, -341, 135, 154, -892, -64, 15116
94128, -338, 108, 122, -904, -116, 15096
94138, -346, 105, 126, -844, -208, 15208
94148, -343, 118, 133, -852, -224, 15148
94158, -336, 99, 156, -912, -204, 15004
94168, -374, 97, 158, -784, -88, 15272
94178, -352, 93, 134, -908, -52, 15068
94188, -332, 125, 134, -848, -124, 15112
94198, -376, 121, 126, -848, -148, 15120
94208, -343, 135, 103, -836, -136, 15240
94218, -357, 115, 118, -796, -260, 15220
94228, -355, 106, 106, -792, -292, 15200
94238, -358, 114, 111, -828, -176, 15068
94248, -345, 121, 128, -856, -248, 15016
94258, -371, 131, 123, -860, -108, 15168
94268, -330, 97, 116, -840, -220, 15076
94278, -380, 96, 110, -888, -216, 15208
94288, -351, 129, 131, -876, -268, 15172
94298, -352, 110, 142, -816, -228, 15216
94308, -355, 124, 124, -776, -144, 15196
94318, -312, 125, 149, -940, -256, 15148
94328, -339, 123, 113, -940, -132, 15148
94338, -353, 130, 164, -872, -84, 15084
94348, -331, 128, 135, -876, -232, 15076
94358, -336, 109, 129, -860, -116, 15040
94368, -375, 105, 118, -844, -192, 15156
94378, -337, 131, 136, -916, -244, 15024
94388, -374, 141, 126, -968, -212, 15312
94398, -370, 107, 128, -908, -240, 14952
94408, -346, 121, 139, -924, -140, 15204
94418, -348, 153, 114, -764, -164, 15136
94428, -346, 125, 117, -856, -244, 15192
94438, -374, 87, 122, -864, -268, 15156
94448, -342, 110, 129, -792, -220, 15084
94458, -346, 118, 125, -844, -244, 15040
94468, -392, 98, 135, -720, -212, 14940
94478, -355, 111, 134, -828, -176, 15212
94488, -344, 131, 117, -840, -212, 15120
94498, -346, 122, 106, -784, -152, 15172
94508, -362, 120, 128, -856, -112, 15140
94518, -331, 102, 167, -864, -136, 14980
94528, -363, 115, 140, -816, -180, 15248
94538, -355, 124, 117, -836, -176, 15096
94548, -345, 108, 114, -876, -204, 15060
94558, -344, 124, 146, -908, -112, 15136
94568, -334, 122, 123, -840, -128, 15208
94578, -381, 130, 113, -744, -208, 15124
94588, -369, 111, 143, -876, -196, 15128
94598, -352, 121, 115, -756, -108, 15064
94608, -341, 122, 134, -916, -192, 15132
94618, -353, 133, 144, -820, -116, 15140
94628, -367, 127, 125, -872, -240, 15164
94638, -349, 126, 102, -912, -168, 15204
94648, -362, 114, 100, -900, -140, 15252
94658, -329, 111, 143, -900, -180, 15152
94668, -358, 130, 113, -888, -264, 15068
94678, -363, 104, 125, -804, -272, 15112
94688, -356, 118, 119, -928, -196, 15148
94698, -349, 119, 121, -860, -240, 15264
94708, -367, 115, 133, -900, -212, 15276
94718, -339, 123, 154, -928, -288, 15160
94728, -321, 127, 158, -828, -216, 15224
94738, -354, 80, 122, -880, -188, 15060
94748, -349, 110, 117, -852, -160, 15304
94758, -341, 105, 133, -808, -188, 14916
94768, -321, 116, 129, -936, -236, 15080
94778, -345, 110, 145, -908, -168, 15024
94788, -367, 110, 129, -876, -136, 15220
94798, -356, 145, 152, -924, -128, 15124
94808, -354, 104, 116, -844, -156, 15152
94818, -346, 134, 125, -852, -148, 14980
94828, -373, 119, 143, -948, -164, 15132
94838, -362, 143, 113, -816, -204, 15252
94848, -356, 157, 132, -848, -264, 15136
94858, -339, 127, 134, -944, -124, 15044
94868, -359, 119, 122, -876, -132, 15032
94878, -340, 121, 144, -824, -208, 15100
94888, -372, 115, 131, -876, -156, 15136
94898, -337, 112, 112, -892, -156, 15084
94908, -354, 99, 130, -916, -168, 15188
94918, -354, 98, 113, -848, -184, 15188
94928, -353, 122, 120, -756, -216, 15092
94938, -345, 135, 151, -840, -196, 15080
94948, -354, 128, 153, -816, -156, 14948
94958, -355, 124, 129, -840, -80, 15128
94968, -360, 147, 109, -820, -220, 15252
94978, -340, 109, 131, -764, -180, 15152
94988, -342, 138, 117, -888, -160, 15148
94998, -376, 126, 114, -860, -216, 15204
95008, -338, 119, 115, -904, -272, 15168
95018, -346, 113, 125, -864, -168, 15128
95028, -347, 115, 124, -920, -204, 15136
95038, -355, 135, 137, -892, -164, 15164
95048, -349, 141, 112, -944, -176, 15128
95058, -358, 153, 145, -892, -196, 15136
95068, -363, 136, 158, -884, -120, 15172
95078, -355, 122, 156, -892, -240, 15040
95088, -363, 123, 153, -808, -196, 15208
95098, -361, 141, 140, -772, -144, 15036
95108, -382, 212, 167, -672, -196, 14984
95118, -337, 163, 123, -1032, -236, 15064
95128, -365, 113, 140, -864, -288, 14980
95138, -372, 114, 116, -804, -244, 15132
95148, -366, 117, 120, -864, -228, 15128
95158, -358, 138, 124, -820, -256, 15164
95168, -353, 101, 120, -844, -172, 15068
95178, -360, 116, 117, -936, -200, 15184
95188, -343, 153, 141, -892, -264, 15208
95198, -350, 132, 121, -848, -104, 15264
95208, -341, 130, 152, -956, -216, 15016
95218, -352, 131, 133, -844, -140, 15160
95228, -348, 127, 147, -944, -208, 15148
95238, -368, 120, 105, -828, -232, 15160
95248, -359, 110, 140, -824, -196, 15064
95258, -355, 109, 134, -788, -196, 15156
95268, -342, 82, 107, -784, -224, 15144
95278, -342, 130, 135, -940, -200, 15208
95288, -346, 120, 129, -864, -132, 15188
95298, -352, 103, 133, -912, -168, 15180
95308, -334, 136, 123, -928, -256, 15156
95318, -350, 116, 120, -840, -248, 15128
95328, -362, 132, 141, -900, -264, 15084
95338, -334, 98, 142, -724, -148, 15148
95348, -362, 145, 128, -884, -236, 15052
95358, -348, 105, 118, -836, -244, 15076
95368, -375, 114, 125, -880, -260, 15092
95378, -340, 104, 139, -1056, -184, 15148
95388, -372, 102, 115, -896, -152, 15100
95398, -347, 115, 130, -772, -232, 15016
95408, -361, 118, 142, -840, -200, 15200
95418, -360, 115, 134, -936, -224, 15184
95428, -357, 115, 126, -832, -176, 15168
95438, -347, 117, 139, -832, -272, 15220
95448, -351, 120, 139, -808, -244, 15252
95458, -366, 130, 154, -904, -172, 15204
95468, -385, 113, 133, -840, -180, 15160
95478, -364, 118, 119, -856, -168, 14952
95488, -346, 103, 141, -812, -244, 15192
95498, -371, 110, 128, -784, -88, 15176
95508, -346, 122, 133, -956, -264, 15172
95518, -359, 123, 138, -912, -168, 15032
95528, -389, 118, 134, -764, -220, 15108
95538, -353, 100, 129, -908, -148, 15096
95548, -361, 102, 139, -892, -192, 15164
95558, -383, 113, 134, -956, -156, 15232
95568, -365, 123, 115, -812, -172, 15100
95578, -359, 114, 149, -884, -228, 15184
95588, -368, 113, 132, -832, -308, 15076
95598, -348, 134, 136, -940, -252, 15156
95608, -326, 115, 113, -796, -144, 15064
95618, -361, 104, 141, -852, -204, 15148
95628, -387, 109, 123, -932, -128, 15184
95638, -337, 121, 131, -952, -220, 14992
95648, -359, 113, 128, -860, -208, 15204
95658, -357, 132, 145, -876, -216, 15168
95668, -366, 118, 103, -936, -152, 15088
95678, -344, 118, 141, -864, -116, 15220
95688, -363, 109, 154, -864, -208, 15024
95698, -349, 122, 139, -832, -268, 14972
95708, -378, 112, 124, -936, -116, 15040
95718, -344, 73, 126, -836, -204, 15224
95728, -361, 104, 126, -884, -236, 15000
95738, -359, 105, 126, -816, -144, 15036
95748, -347, 88, 141, -812, -264, 15000
95758, -355, 108, 129, -788, -188, 15124
95768, -359, 81, 109, -776, -124, 15264
95778, -364, 130, 141, -884, -144, 15100
95788, -352, 116, 73, -932, -176, 15080
95798, -346, 139, 1, -1076, -80, 14868
95808, -362, 100, -32, -1028, 108, 15008
95818, -357, 123, -71, -980, 52, 15196
95828, -330, 104, -125, -856, 76, 15204
95838, -310, 131, -123, -904, 0, 15128
95848, -309, -22, -121, -756, -196, 15192
95858, -302, -2, -91, -900, -76, 15200
95868, -314, 15, -36, -792, -124, 15224
95878, -330, 66, -3, -808, -340, 15164
95888, -352, 121, 59, -792, -368, 15116
95898, -350, 97, 123, -820, -344, 15188
95908, -350, 152, 177, -768, -476, 15068
95918, -358, 152, 165, -872, -448, 15192
95928, -354, 121, 166, -800, -252, 15060
95938, -356, 116, 167, -808, -312, 15148
95948, -361, 117, 178, -876, -292, 15332
95958, -334, 124, 176, -828, -236, 15068
95968, -350, 133, 200, -800, -196, 15096
95978, -343, 108, 225, -860, -136, 15176
95988, -355, 125, 177, -772, -104, 15052
95998, -336, 139, 167, -904, -184, 15208
96008, -355, 121, 157, -892, -136, 15264
96018, -341, 106, 103, -720, -144, 15056
96028, -342, 133, 135, -836, -284, 15196
96038, -388, 155, 149, -908, -264, 15260
96048, -357, 168, 131, -840, -244, 15044
96058, -362, 160, 126, -876, -312, 15140
96068, -358, 125, 119, -868, -176, 15136
96078, -357, 152, 140, -880, -232, 15112
96088, -357, 94, 106, -880, -132, 15104
96098, -342, 118, 135, -984, -212, 15232
96108, -336, 109, 115, -892, -164, 15176
96118, -371, 102, 136, -844, -168, 15108
96128, -367, 124, 127, -836, -152, 15188
96138, -348, 89, 128, -824, -184, 15108
96148, -356, 106, 115, -960, -144, 15244
96158, -352, 126, 142, -856, -164, 15188
96168, -364, 107, 139, -912, -112, 15076
96178, -370, 155, 133, -828, -212, 15244
96188, -331, 116, 125, -788, -244, 15184
96198, -345, 114, 122, -836, -128, 15224
96208, -354, 104, 140, -908, -244, 15120
96218, -376, 125, 143, -904, -224, 15232
96228, -355, 129, 113, -936, -228, 15200
96238, -373, 114, 124, -916, -192, 15188
96248, -365, 121, 160, -816, -192, 15112
96258, -361, 132, 148, -836, -116, 15112
96268, -357, 111, 131, -804, -228, 15068
96278, -358, 143, 143, -796, -208, 15056
96288, -355, 101, 118, -796, -36, 14980
96298, -344, 120, 115, -820, -212, 15108
96308, -348, 129, 116, -792, -168, 15216
96318, -378, 134, 126, -888, -196, 15052
96328, -349, 117, 134, -852, -216, 15196
96338, -341, 117, 140, -864, -156, 15108
96348, -377, 133, 138, -884, -188, 15216
96358, -360, 106, 110, -920, -204, 15036
96368, -331, 89, 124, -940, -132, 15024
96378, -319, 112, 135, -844, -204, 14952
96388, -325, 93, 144, -856, -96, 15216
96398, -350, 125, 142, -808, -204, 15044
96408, -380, 131, 141, -844, -168, 15208
96418, -355, 130, 134, -720, -232, 15108
96428, -347, 95, 173, -808, -236, 15128
96438, -343, 131, 164, -800, -172, 15048
96448, -354, 137, 175, -848, -156, 15152
96458, -352, 89, 175, -968, -180, 15096
96468, -376, 84, 182, -852, -120, 15016
96478, -372, 96, 158, -896, -172, 15300
96488, -364, 140, 170, -812, -200, 15120
96498, -363, 110, 189, -784, -56, 15148
96508, -371, 98, 211, -960, -156, 15168
96518, -380, 117, 283, -892, -68, 15224
96528, -382, 102, 302, -848, -148, 15144
96538, -362, 89, 351, -792, -220, 15164
96548, -394, 99, 368, -896, -204, 15000
96558, -395, 128, 434, -760, -220, 15072
96568, -406, 108, 481, -800, -176, 15200
96578, -409, 110, 604, -704, -164, 15040
96588, -408, 74, 669, -856, -212, 15128
96598, -433, 125, 630, -968, -212, 15116
96608, -388, 89, 483, -980, -300, 15076
96618, -384, 96, 408, -904, -104, 15228
96628, -366, 81, 390, -876, -164, 15220
96638, -374, 97, 475, -764, -200, 15136
96648, -392, 109, 547, -760, -252, 15216
96658, -421, 121, 626, -704, -96, 15200
96668, -424, 92, 604, -1060, -256, 15132
96678, -422, 74, 525, -868, -96, 15216
96688, -409, 98, 541, -808, -160, 15180
96698, -396, 98, 509, -880, -92, 14932
96708, -393, 76, 571, -812, -180, 15032
96718, -386, 108, 512, -860, -136, 15168
96728, -382, 145, 534, -852, -204, 15176
96738, -355, -89, 284, -896, -344, 14988
96748, -375, 163, 343, -880, -204, 14996
96758, -326, 139, 264, -972, -164, 15192
96768, -344, 128, 220, -828, -264, 15116
96778, -350, 137, 215, -788, -200, 15084
96788, -328, 139, 221, -844, -272, 15152
96798, -353, 100, 230, -776, -180, 15216
96808, -356, 108, 262, -852, -128, 15088
96818, -131, 271, 530, -400, -192, 14904
96828, -384, 99, 328, -608, -212, 15348
96838, -314, 108, 435, -824, -240, 15104
96848, -362, 75, 369, -852, -116, 15260
96858, -336, 75, 318, -844, -216, 15164
96868, -319, 49, 272, -872, -188, 15096
96878, -316, 98, 257, -916, -172, 15048
96888, -312, 45, 211, -792, -124, 15064
96898, -294, 72, 203, -744, -264, 15056
96908, -324, 124, 216, -840, -104, 15084
96918, -303, 101, 240, -852, -236, 15064
96928, -276, 99, 242, -796, -140, 15216
96938, -865, 814, 332, -108, 56, 15124
96948, -318, -40, 262, 460, -92, 13400
96958, -342, 38, 247, -1244, -140, 15880
96968, -331, 53, 231, -1048, -144, 15412
96978, -340, 53, 253, -840, -168, 15068
96988, -310, 53, 244, -820, -200, 15028
96998, -322, 32, 236, -788, -144, 15300
97008, -307, 38, 220, -912, -304, 15168
97018, -309, 50, 221, -852, -92, 15216
97028, -327, 82, 206, -860, -204, 15032
97038, -340, 82, 203, -872, -216, 15232
97048, -338, 107, 202, -776, -132, 15184
97058, -353, 118, 211, -720, -136, 15096
97068, -371, 115, 205, -892, -168, 15032
97078, -339, 129, 212, -816, -208, 15160
97088, -322, 91, 188, -796, -172, 15104
97098, -333, 92, 191, -828, -128, 15128
97108, -340, 109, 195, -844, -220, 15052
97118, -343, 141, 167, -836, -88, 15128
97128, -363, 98, 204, -848, -228, 15112
97138, -373, 112, 219, -820, -188, 15256
97148, -343, 72, 210, -816, -244, 15060
97158, -344, 85, 177, -888, -140, 15096
97168, -379, 117, 232, -820, -144, 15084
97178, -353, 114, 184, -780, -260, 15208
97188, -354, 120, 161, -780, -224, 15092
97198, -369, 102, 183, -752, -228, 15200
97208, -341, 110, 188, -860, -124, 15040
97218, -382, 123, 182, -864, -132, 15168
97228, -306, 132, 182, -784, -236, 15040
97238, -353, 119, 198, -848, -8, 15136
97248, -366, 126, 173, -832, -128, 15136
97258, -354, 122, 184, -788, -152, 15148
97268, -358, 118, 191, -740, 12, 15104
97278, -349, 151, 184, -824, -112, 15096
97288, -378, 136, 181, -704, -220, 15140
97298, -364, 113, 168, -796, -112, 15052
97308, -353, 109, 184, -908, -136, 15092
97318, -358, 140, 189, -856, -148, 15188
97328, -347, 140, 160, -788, -220, 15116
97338, -369, 129, 133, -840, -108, 15172
97348, -336, 127, 149, -768, -116, 15088
97358, -360, 133, 146, -840, -160, 15068
97368, -362, 123, 141, -784, -204, 15052
97378, -378, 118, 134, -824, -168, 15076
97388, -346, 117, 150, -764, -148, 15212
97398, -372, 127, 157, -848, -104, 15152
97408, -336, 111, 124, -864, -176, 14996
97418, -363, 93, 155, -852, -152, 15208
97428, -343, 124, 146, -848, -24, 15244
97438, -320, 129, 119, -780, -260, 15140
97448, -328, 113, 147, -836, -168, 15140
97458, -377, 112, 130, -744, -216, 15032
97468, -361, 145, 142, -872, -164, 15136
97478, -368, 150, 154, -812, -168, 15072
97488, -361, 132, 172, -820, -156, 15176
97498, -368, 142, 149, -728, -72, 15128
97508, -359, 140, 175, -860, -144, 15176
97518, -331, 140, 162, -740, -212, 15232
97528, -359, 106, 178, -856, -120, 15176
97538, -392, 140, 122, -816, -196, 15008
97548, -371, 120, 118, -772, -236, 15100
97558, -351, 149, 118, -804, -116, 15020
97568, -344, 137, 116, -916, -132, 15180
97578, -345, 118, 142, -760, -184, 15028
97588, -359, 109, 142, -736, -228, 15176
97598, -366, 111, 138, -820, -136, 15044
97608, -374, 117, 134, -872, -200, 15188
97618, -341, 142, 136, -784, -184, 15108
97628, -341, 109, 123, -800, -104, 15100
97638, -344, 130, 147, -876, -124, 15132
97648, -342, 104, 148, -812, -176, 15048
97658, -352, 114, 126, -772, -248, 15136
97668, -357, 112, 139, -884, -168, 15092
97678, -346, 123, 145, -692, -96, 15128
97688, -349, 108, 125, -860, -160, 15204
97698, -369, 125, 105, -956, -104, 15124
97708, -352, 121, 175, -788, -184, 15248
97718, -341, 119, 131, -728, -88, 15096
97728, -355, 119, 129, -788, -192, 15068
97738, -336, 130, 130, -820, -232, 15096
97748, -349, 141, 139, -832, -184, 15160
97758, -338, 110, 130, -848, -116, 15208
97768, -358, 100, 141, -976, -116, 15120
97778, -363, 123, 135, -888, -248, 14988
97788, -365, 118, 129, -880, -208, 15060
97798, -351, 113, 110, -820, -140, 15132
97808, -342, 154, 132, -836, -68, 15136
97818, -368, 114, 137, -940, -208, 15180
97828, -333, 131, 134, -824, -140, 15088
97838, -364, 133, 139, -868, -128, 15036
97848, -337, 111, 125, -832, -180, 15148
97858, -367, 130, 134, -816, -196, 15140
97868, -363, 125, 138, -784, -292, 15148
97878, -353, 114, 126, -844, -192, 15076
97888, -353, 125, 148, -904, -200, 15144
97898, -376, 160, 175, -816, -132, 15196
97908, -368, 130, 138, -904, -204, 15032
97918, -361, 115, 143, -872, -148, 15056
97928, -343, 138, 143, -904, -216, 15032
97938, -358, 133, 133, -868, -136, 15096
97948, -352, 112, 137, -860, -152, 15204
97958, -366, 125, 136, -936, -220, 15088
97968, -322, 132, 122, -776, -172, 15140
97978, -352, 112, 155, -808, -204, 15136
97988, -359, 132, 109, -812, -248, 15152
97998, -369, 124, 126, -924, -196, 15120
98008, -347, 106, 157, -728, -236, 15128
98018, -364, 126, 129, -888, -200, 15168
98028, -369, 116, 130, -736, -176, 15192
98038, -368, 144, 133, -880, -280, 15260
98048, -346, 131, 125, -872, -132, 15080
98058, -336, 124, 136, -840, -192, 15132
98068, -350, 109, 114, -804, -184, 15064
98078, -366, 131, 137, -808, -212, 15008
98088, -352, 155, 141, -872, -240, 15164
98098, -351, 115, 131, -848, -160, 15172
98108, -343, 121, 139, -864, -232, 15252
98118, -343, 119, 149, -832, -124, 15032
98128, -350, 131, 133, -844, -260, 15156
98138, -383, 126, 136, -844, -148, 15092
98148, -382, 116, 139, -916, -172, 15096
98158, -346, 119, 161, -844, -204, 15096
98168, -369, 151, 122, -776, -100, 15164
98178, -362, 134, 139, -864, -156, 15188
98188, -344, 117, 130, -832, -100, 15104
98198, -344, 145, 134, -860, -256, 15320
98208, -343, 121, 149, -780, -184, 15044
98218, -370, 112, 124, -808, -212, 15080
98228, -356, 124, 128, -716, -280, 15100
98238, -323, 103, 146, -880, -196, 15160
98248, -340, 88, 121, -840, -112, 14996
98258, -354, 135, 146, -916, -160, 15064
98268, -367, 102, 123, -784, -204, 15196
98278, -371, 125, 132, -772, -176, 15152
98288, -362, 121, 138, -784, -196, 15096
98298, -360, 119, 139, -860, -132, 15112
98308, -358, 147, 135, -940, -132, 15108
98318, -372, 130, 126, -840, -172, 15128
98328, -388, 155, 142, -836, -152, 15312
98338, -353, 143, 135, -924, -164, 15028
98348, -369, 116, 144, -816, -96, 15136
98358, -350, 104, 116, -720, -216, 15152
98368, -390, 148, 136, -772, -228, 15160
98378, -409, 142, 136, -920, -52, 15128
98388, -378, 178, 135, -956, -180, 15088
98398, -397, 158, 120, -852, -148, 15204
98408, -396, 157, 118, -860, -148, 15228
98418, -410, 143, 137, -712, -80, 15064
98428, -412, 137, 109, -892, -80, 15228
98438, -333, -49, 54, -688, -408, 14948
98448, -411, 155, 110, -828, -188, 15128
98458, -394, 192, 126, -852, -180, 15044
98468, 288, -1011, -223, -5764, 828, 10640
98478, -266, -69, 202, -1124, -336, 15408
98488, -439, 181, 131, -600, -220, 14668
98498, -342, -6, 63, -832, -52, 14616
98508, -369, 159, 130, -664, -168, 15168
98518, -378, 137, 125, -852, -80, 15064
